[0.119s] DEBUG:colcon:Command line arguments: ['/usr/bin/colcon', 'list']
[0.119s] DEBUG:colcon:Parsed command line arguments: Namespace(log_base=None, log_level=None, verb_name='list', build_base='build', ignore_user_meta=False, metas=['./colcon.meta'], base_paths=['.'], packages_ignore=None, packages_ignore_regex=None, paths=None, packages_up_to=None, packages_up_to_regex=None, packages_above=None, packages_above_and_dependencies=None, packages_above_depth=None, packages_select_by_dep=None, packages_skip_by_dep=None, packages_skip_up_to=None, packages_select_build_failed=False, packages_skip_build_finished=False, packages_select_test_failures=False, packages_skip_test_passed=False, packages_select=None, packages_skip=None, packages_select_regex=None, packages_skip_regex=None, packages_start=None, packages_end=None, allow_overriding=[], topological_order=False, names_only=False, paths_only=False, topological_graph=False, topological_graph_dot=False, topological_graph_density=False, topological_graph_legend=False, topological_graph_dot_cluster=False, topological_graph_dot_include_skipped=False, verb_parser=<colcon_defaults.argument_parser.defaults.DefaultArgumentsDecorator object at 0x707f825a76b0>, verb_extension=<colcon_package_information.verb.list.ListVerb object at 0x707f825a6b10>, main=<bound method ListVerb.main of <colcon_package_information.verb.list.ListVerb object at 0x707f825a6b10>>)
[0.168s] Level 1:colcon.colcon_core.package_discovery:discover_packages(colcon_meta) check parameters
[0.168s] Level 1:colcon.colcon_core.package_discovery:discover_packages(recursive) check parameters
[0.168s] Level 1:colcon.colcon_core.package_discovery:discover_packages(ignore) check parameters
[0.168s] Level 1:colcon.colcon_core.package_discovery:discover_packages(path) check parameters
[0.168s] Level 1:colcon.colcon_core.package_discovery:discover_packages(colcon_meta) discover
[0.168s] Level 1:colcon.colcon_core.package_discovery:discover_packages(recursive) discover
[0.168s] INFO:colcon.colcon_core.package_discovery:Crawling recursively for packages in '/home/amightyk05/workshop'
[0.169s] Level 1:colcon.colcon_core.package_identification:_identify(.) by extensions ['ignore', 'ignore_ament_install']
[0.169s] Level 1:colcon.colcon_core.package_identification:_identify(.) by extension 'ignore'
[0.169s] Level 1:colcon.colcon_core.package_identification:_identify(.) by extension 'ignore_ament_install'
[0.169s] Level 1:colcon.colcon_core.package_identification:_identify(.) by extensions ['colcon_pkg']
[0.169s] Level 1:colcon.colcon_core.package_identification:_identify(.) by extension 'colcon_pkg'
[0.169s] Level 1:colcon.colcon_core.package_identification:_identify(.) by extensions ['colcon_meta']
[0.169s] Level 1:colcon.colcon_core.package_identification:_identify(.) by extension 'colcon_meta'
[0.169s] Level 1:colcon.colcon_core.package_identification:_identify(.) by extensions ['ros']
[0.169s] Level 1:colcon.colcon_core.package_identification:_identify(.) by extension 'ros'
[0.191s] Level 1:colcon.colcon_core.package_identification:_identify(.) by extensions ['cmake', 'python']
[0.191s] Level 1:colcon.colcon_core.package_identification:_identify(.) by extension 'cmake'
[0.191s] Level 1:colcon.colcon_core.package_identification:_identify(.) by extension 'python'
[0.191s] Level 1:colcon.colcon_core.package_identification:_identify(.) by extensions ['python_setup_py']
[0.191s] Level 1:colcon.colcon_core.package_identification:_identify(.) by extension 'python_setup_py'
[0.191s] Level 1:colcon.colcon_core.package_identification:_identify(log) by extensions ['ignore', 'ignore_ament_install']
[0.191s] Level 1:colcon.colcon_core.package_identification:_identify(log) by extension 'ignore'
[0.191s] Level 1:colcon.colcon_core.package_identification:_identify(log) ignored
[0.191s] Level 1:colcon.colcon_core.package_identification:_identify(vjepa_visual_localization) by extensions ['ignore', 'ignore_ament_install']
[0.191s] Level 1:colcon.colcon_core.package_identification:_identify(vjepa_visual_localization) by extension 'ignore'
[0.191s] Level 1:colcon.colcon_core.package_identification:_identify(vjepa_visual_localization) by extension 'ignore_ament_install'
[0.191s] Level 1:colcon.colcon_core.package_identification:_identify(vjepa_visual_localization) by extensions ['colcon_pkg']
[0.191s] Level 1:colcon.colcon_core.package_identification:_identify(vjepa_visual_localization) by extension 'colcon_pkg'
[0.191s] Level 1:colcon.colcon_core.package_identification:_identify(vjepa_visual_localization) by extensions ['colcon_meta']
[0.191s] Level 1:colcon.colcon_core.package_identification:_identify(vjepa_visual_localization) by extension 'colcon_meta'
[0.191s] Level 1:colcon.colcon_core.package_identification:_identify(vjepa_visual_localization) by extensions ['ros']
[0.191s] Level 1:colcon.colcon_core.package_identification:_identify(vjepa_visual_localization) by extension 'ros'
[0.191s] Level 1:colcon.colcon_core.package_identification:_identify(vjepa_visual_localization) by extensions ['cmake', 'python']
[0.191s] Level 1:colcon.colcon_core.package_identification:_identify(vjepa_visual_localization) by extension 'cmake'
[0.191s] Level 1:colcon.colcon_core.package_identification:_identify(vjepa_visual_localization) by extension 'python'
[0.191s] Level 1:colcon.colcon_core.package_identification:_identify(vjepa_visual_localization) by extensions ['python_setup_py']
[0.191s] Level 1:colcon.colcon_core.package_identification:_identify(vjepa_visual_localization) by extension 'python_setup_py'
[0.191s] Level 1:colcon.colcon_core.package_identification:_identify(vjepa_visual_localization/configs) by extensions ['ignore', 'ignore_ament_install']
[0.191s] Level 1:colcon.colcon_core.package_identification:_identify(vjepa_visual_localization/configs) by extension 'ignore'
[0.191s] Level 1:colcon.colcon_core.package_identification:_identify(vjepa_visual_localization/configs) by extension 'ignore_ament_install'
[0.191s] Level 1:colcon.colcon_core.package_identification:_identify(vjepa_visual_localization/configs) by extensions ['colcon_pkg']
[0.192s] Level 1:colcon.colcon_core.package_identification:_identify(vjepa_visual_localization/configs) by extension 'colcon_pkg'
[0.192s] Level 1:colcon.colcon_core.package_identification:_identify(vjepa_visual_localization/configs) by extensions ['colcon_meta']
[0.192s] Level 1:colcon.colcon_core.package_identification:_identify(vjepa_visual_localization/configs) by extension 'colcon_meta'
[0.192s] Level 1:colcon.colcon_core.package_identification:_identify(vjepa_visual_localization/configs) by extensions ['ros']
[0.192s] Level 1:colcon.colcon_core.package_identification:_identify(vjepa_visual_localization/configs) by extension 'ros'
[0.192s] Level 1:colcon.colcon_core.package_identification:_identify(vjepa_visual_localization/configs) by extensions ['cmake', 'python']
[0.192s] Level 1:colcon.colcon_core.package_identification:_identify(vjepa_visual_localization/configs) by extension 'cmake'
[0.192s] Level 1:colcon.colcon_core.package_identification:_identify(vjepa_visual_localization/configs) by extension 'python'
[0.192s] Level 1:colcon.colcon_core.package_identification:_identify(vjepa_visual_localization/configs) by extensions ['python_setup_py']
[0.192s] Level 1:colcon.colcon_core.package_identification:_identify(vjepa_visual_localization/configs) by extension 'python_setup_py'
[0.192s] Level 1:colcon.colcon_core.package_identification:_identify(vjepa_visual_localization/data) by extensions ['ignore', 'ignore_ament_install']
[0.192s] Level 1:colcon.colcon_core.package_identification:_identify(vjepa_visual_localization/data) by extension 'ignore'
[0.192s] Level 1:colcon.colcon_core.package_identification:_identify(vjepa_visual_localization/data) by extension 'ignore_ament_install'
[0.192s] Level 1:colcon.colcon_core.package_identification:_identify(vjepa_visual_localization/data) by extensions ['colcon_pkg']
[0.192s] Level 1:colcon.colcon_core.package_identification:_identify(vjepa_visual_localization/data) by extension 'colcon_pkg'
[0.192s] Level 1:colcon.colcon_core.package_identification:_identify(vjepa_visual_localization/data) by extensions ['colcon_meta']
[0.192s] Level 1:colcon.colcon_core.package_identification:_identify(vjepa_visual_localization/data) by extension 'colcon_meta'
[0.192s] Level 1:colcon.colcon_core.package_identification:_identify(vjepa_visual_localization/data) by extensions ['ros']
[0.192s] Level 1:colcon.colcon_core.package_identification:_identify(vjepa_visual_localization/data) by extension 'ros'
[0.192s] Level 1:colcon.colcon_core.package_identification:_identify(vjepa_visual_localization/data) by extensions ['cmake', 'python']
[0.192s] Level 1:colcon.colcon_core.package_identification:_identify(vjepa_visual_localization/data) by extension 'cmake'
[0.192s] Level 1:colcon.colcon_core.package_identification:_identify(vjepa_visual_localization/data) by extension 'python'
[0.192s] Level 1:colcon.colcon_core.package_identification:_identify(vjepa_visual_localization/data) by extensions ['python_setup_py']
[0.192s] Level 1:colcon.colcon_core.package_identification:_identify(vjepa_visual_localization/data) by extension 'python_setup_py'
[0.192s] Level 1:colcon.colcon_core.package_identification:_identify(vjepa_visual_localization/data/autonomous_mapping) by extensions ['ignore', 'ignore_ament_install']
[0.192s] Level 1:colcon.colcon_core.package_identification:_identify(vjepa_visual_localization/data/autonomous_mapping) by extension 'ignore'
[0.192s] Level 1:colcon.colcon_core.package_identification:_identify(vjepa_visual_localization/data/autonomous_mapping) by extension 'ignore_ament_install'
[0.192s] Level 1:colcon.colcon_core.package_identification:_identify(vjepa_visual_localization/data/autonomous_mapping) by extensions ['colcon_pkg']
[0.192s] Level 1:colcon.colcon_core.package_identification:_identify(vjepa_visual_localization/data/autonomous_mapping) by extension 'colcon_pkg'
[0.192s] Level 1:colcon.colcon_core.package_identification:_identify(vjepa_visual_localization/data/autonomous_mapping) by extensions ['colcon_meta']
[0.192s] Level 1:colcon.colcon_core.package_identification:_identify(vjepa_visual_localization/data/autonomous_mapping) by extension 'colcon_meta'
[0.192s] Level 1:colcon.colcon_core.package_identification:_identify(vjepa_visual_localization/data/autonomous_mapping) by extensions ['ros']
[0.192s] Level 1:colcon.colcon_core.package_identification:_identify(vjepa_visual_localization/data/autonomous_mapping) by extension 'ros'
[0.192s] Level 1:colcon.colcon_core.package_identification:_identify(vjepa_visual_localization/data/autonomous_mapping) by extensions ['cmake', 'python']
[0.192s] Level 1:colcon.colcon_core.package_identification:_identify(vjepa_visual_localization/data/autonomous_mapping) by extension 'cmake'
[0.192s] Level 1:colcon.colcon_core.package_identification:_identify(vjepa_visual_localization/data/autonomous_mapping) by extension 'python'
[0.192s] Level 1:colcon.colcon_core.package_identification:_identify(vjepa_visual_localization/data/autonomous_mapping) by extensions ['python_setup_py']
[0.192s] Level 1:colcon.colcon_core.package_identification:_identify(vjepa_visual_localization/data/autonomous_mapping) by extension 'python_setup_py'
[0.192s] Level 1:colcon.colcon_core.package_identification:_identify(vjepa_visual_localization/data/autonomous_mapping_dense) by extensions ['ignore', 'ignore_ament_install']
[0.193s] Level 1:colcon.colcon_core.package_identification:_identify(vjepa_visual_localization/data/autonomous_mapping_dense) by extension 'ignore'
[0.193s] Level 1:colcon.colcon_core.package_identification:_identify(vjepa_visual_localization/data/autonomous_mapping_dense) by extension 'ignore_ament_install'
[0.193s] Level 1:colcon.colcon_core.package_identification:_identify(vjepa_visual_localization/data/autonomous_mapping_dense) by extensions ['colcon_pkg']
[0.193s] Level 1:colcon.colcon_core.package_identification:_identify(vjepa_visual_localization/data/autonomous_mapping_dense) by extension 'colcon_pkg'
[0.193s] Level 1:colcon.colcon_core.package_identification:_identify(vjepa_visual_localization/data/autonomous_mapping_dense) by extensions ['colcon_meta']
[0.193s] Level 1:colcon.colcon_core.package_identification:_identify(vjepa_visual_localization/data/autonomous_mapping_dense) by extension 'colcon_meta'
[0.193s] Level 1:colcon.colcon_core.package_identification:_identify(vjepa_visual_localization/data/autonomous_mapping_dense) by extensions ['ros']
[0.193s] Level 1:colcon.colcon_core.package_identification:_identify(vjepa_visual_localization/data/autonomous_mapping_dense) by extension 'ros'
[0.193s] Level 1:colcon.colcon_core.package_identification:_identify(vjepa_visual_localization/data/autonomous_mapping_dense) by extensions ['cmake', 'python']
[0.193s] Level 1:colcon.colcon_core.package_identification:_identify(vjepa_visual_localization/data/autonomous_mapping_dense) by extension 'cmake'
[0.193s] Level 1:colcon.colcon_core.package_identification:_identify(vjepa_visual_localization/data/autonomous_mapping_dense) by extension 'python'
[0.193s] Level 1:colcon.colcon_core.package_identification:_identify(vjepa_visual_localization/data/autonomous_mapping_dense) by extensions ['python_setup_py']
[0.193s] Level 1:colcon.colcon_core.package_identification:_identify(vjepa_visual_localization/data/autonomous_mapping_dense) by extension 'python_setup_py'
[0.193s] Level 1:colcon.colcon_core.package_identification:_identify(vjepa_visual_localization/data/autonomous_query) by extensions ['ignore', 'ignore_ament_install']
[0.193s] Level 1:colcon.colcon_core.package_identification:_identify(vjepa_visual_localization/data/autonomous_query) by extension 'ignore'
[0.193s] Level 1:colcon.colcon_core.package_identification:_identify(vjepa_visual_localization/data/autonomous_query) by extension 'ignore_ament_install'
[0.193s] Level 1:colcon.colcon_core.package_identification:_identify(vjepa_visual_localization/data/autonomous_query) by extensions ['colcon_pkg']
[0.193s] Level 1:colcon.colcon_core.package_identification:_identify(vjepa_visual_localization/data/autonomous_query) by extension 'colcon_pkg'
[0.193s] Level 1:colcon.colcon_core.package_identification:_identify(vjepa_visual_localization/data/autonomous_query) by extensions ['colcon_meta']
[0.193s] Level 1:colcon.colcon_core.package_identification:_identify(vjepa_visual_localization/data/autonomous_query) by extension 'colcon_meta'
[0.193s] Level 1:colcon.colcon_core.package_identification:_identify(vjepa_visual_localization/data/autonomous_query) by extensions ['ros']
[0.193s] Level 1:colcon.colcon_core.package_identification:_identify(vjepa_visual_localization/data/autonomous_query) by extension 'ros'
[0.193s] Level 1:colcon.colcon_core.package_identification:_identify(vjepa_visual_localization/data/autonomous_query) by extensions ['cmake', 'python']
[0.193s] Level 1:colcon.colcon_core.package_identification:_identify(vjepa_visual_localization/data/autonomous_query) by extension 'cmake'
[0.193s] Level 1:colcon.colcon_core.package_identification:_identify(vjepa_visual_localization/data/autonomous_query) by extension 'python'
[0.193s] Level 1:colcon.colcon_core.package_identification:_identify(vjepa_visual_localization/data/autonomous_query) by extensions ['python_setup_py']
[0.193s] Level 1:colcon.colcon_core.package_identification:_identify(vjepa_visual_localization/data/autonomous_query) by extension 'python_setup_py'
[0.193s] Level 1:colcon.colcon_core.package_identification:_identify(vjepa_visual_localization/data/gazebo_runtime_mapping) by extensions ['ignore', 'ignore_ament_install']
[0.193s] Level 1:colcon.colcon_core.package_identification:_identify(vjepa_visual_localization/data/gazebo_runtime_mapping) by extension 'ignore'
[0.193s] Level 1:colcon.colcon_core.package_identification:_identify(vjepa_visual_localization/data/gazebo_runtime_mapping) by extension 'ignore_ament_install'
[0.193s] Level 1:colcon.colcon_core.package_identification:_identify(vjepa_visual_localization/data/gazebo_runtime_mapping) by extensions ['colcon_pkg']
[0.193s] Level 1:colcon.colcon_core.package_identification:_identify(vjepa_visual_localization/data/gazebo_runtime_mapping) by extension 'colcon_pkg'
[0.193s] Level 1:colcon.colcon_core.package_identification:_identify(vjepa_visual_localization/data/gazebo_runtime_mapping) by extensions ['colcon_meta']
[0.193s] Level 1:colcon.colcon_core.package_identification:_identify(vjepa_visual_localization/data/gazebo_runtime_mapping) by extension 'colcon_meta'
[0.193s] Level 1:colcon.colcon_core.package_identification:_identify(vjepa_visual_localization/data/gazebo_runtime_mapping) by extensions ['ros']
[0.193s] Level 1:colcon.colcon_core.package_identification:_identify(vjepa_visual_localization/data/gazebo_runtime_mapping) by extension 'ros'
[0.194s] Level 1:colcon.colcon_core.package_identification:_identify(vjepa_visual_localization/data/gazebo_runtime_mapping) by extensions ['cmake', 'python']
[0.194s] Level 1:colcon.colcon_core.package_identification:_identify(vjepa_visual_localization/data/gazebo_runtime_mapping) by extension 'cmake'
[0.194s] Level 1:colcon.colcon_core.package_identification:_identify(vjepa_visual_localization/data/gazebo_runtime_mapping) by extension 'python'
[0.194s] Level 1:colcon.colcon_core.package_identification:_identify(vjepa_visual_localization/data/gazebo_runtime_mapping) by extensions ['python_setup_py']
[0.194s] Level 1:colcon.colcon_core.package_identification:_identify(vjepa_visual_localization/data/gazebo_runtime_mapping) by extension 'python_setup_py'
[0.194s] Level 1:colcon.colcon_core.package_identification:_identify(vjepa_visual_localization/data/people_handshake_smoke) by extensions ['ignore', 'ignore_ament_install']
[0.194s] Level 1:colcon.colcon_core.package_identification:_identify(vjepa_visual_localization/data/people_handshake_smoke) by extension 'ignore'
[0.194s] Level 1:colcon.colcon_core.package_identification:_identify(vjepa_visual_localization/data/people_handshake_smoke) by extension 'ignore_ament_install'
[0.194s] Level 1:colcon.colcon_core.package_identification:_identify(vjepa_visual_localization/data/people_handshake_smoke) by extensions ['colcon_pkg']
[0.194s] Level 1:colcon.colcon_core.package_identification:_identify(vjepa_visual_localization/data/people_handshake_smoke) by extension 'colcon_pkg'
[0.194s] Level 1:colcon.colcon_core.package_identification:_identify(vjepa_visual_localization/data/people_handshake_smoke) by extensions ['colcon_meta']
[0.194s] Level 1:colcon.colcon_core.package_identification:_identify(vjepa_visual_localization/data/people_handshake_smoke) by extension 'colcon_meta'
[0.194s] Level 1:colcon.colcon_core.package_identification:_identify(vjepa_visual_localization/data/people_handshake_smoke) by extensions ['ros']
[0.194s] Level 1:colcon.colcon_core.package_identification:_identify(vjepa_visual_localization/data/people_handshake_smoke) by extension 'ros'
[0.194s] Level 1:colcon.colcon_core.package_identification:_identify(vjepa_visual_localization/data/people_handshake_smoke) by extensions ['cmake', 'python']
[0.194s] Level 1:colcon.colcon_core.package_identification:_identify(vjepa_visual_localization/data/people_handshake_smoke) by extension 'cmake'
[0.194s] Level 1:colcon.colcon_core.package_identification:_identify(vjepa_visual_localization/data/people_handshake_smoke) by extension 'python'
[0.194s] Level 1:colcon.colcon_core.package_identification:_identify(vjepa_visual_localization/data/people_handshake_smoke) by extensions ['python_setup_py']
[0.194s] Level 1:colcon.colcon_core.package_identification:_identify(vjepa_visual_localization/data/people_handshake_smoke) by extension 'python_setup_py'
[0.194s] Level 1:colcon.colcon_core.package_identification:_identify(vjepa_visual_localization/data/smoke_mapping) by extensions ['ignore', 'ignore_ament_install']
[0.194s] Level 1:colcon.colcon_core.package_identification:_identify(vjepa_visual_localization/data/smoke_mapping) by extension 'ignore'
[0.194s] Level 1:colcon.colcon_core.package_identification:_identify(vjepa_visual_localization/data/smoke_mapping) by extension 'ignore_ament_install'
[0.194s] Level 1:colcon.colcon_core.package_identification:_identify(vjepa_visual_localization/data/smoke_mapping) by extensions ['colcon_pkg']
[0.194s] Level 1:colcon.colcon_core.package_identification:_identify(vjepa_visual_localization/data/smoke_mapping) by extension 'colcon_pkg'
[0.194s] Level 1:colcon.colcon_core.package_identification:_identify(vjepa_visual_localization/data/smoke_mapping) by extensions ['colcon_meta']
[0.194s] Level 1:colcon.colcon_core.package_identification:_identify(vjepa_visual_localization/data/smoke_mapping) by extension 'colcon_meta'
[0.194s] Level 1:colcon.colcon_core.package_identification:_identify(vjepa_visual_localization/data/smoke_mapping) by extensions ['ros']
[0.194s] Level 1:colcon.colcon_core.package_identification:_identify(vjepa_visual_localization/data/smoke_mapping) by extension 'ros'
[0.194s] Level 1:colcon.colcon_core.package_identification:_identify(vjepa_visual_localization/data/smoke_mapping) by extensions ['cmake', 'python']
[0.194s] Level 1:colcon.colcon_core.package_identification:_identify(vjepa_visual_localization/data/smoke_mapping) by extension 'cmake'
[0.194s] Level 1:colcon.colcon_core.package_identification:_identify(vjepa_visual_localization/data/smoke_mapping) by extension 'python'
[0.194s] Level 1:colcon.colcon_core.package_identification:_identify(vjepa_visual_localization/data/smoke_mapping) by extensions ['python_setup_py']
[0.194s] Level 1:colcon.colcon_core.package_identification:_identify(vjepa_visual_localization/data/smoke_mapping) by extension 'python_setup_py'
[0.194s] Level 1:colcon.colcon_core.package_identification:_identify(vjepa_visual_localization/data/smoke_query) by extensions ['ignore', 'ignore_ament_install']
[0.194s] Level 1:colcon.colcon_core.package_identification:_identify(vjepa_visual_localization/data/smoke_query) by extension 'ignore'
[0.194s] Level 1:colcon.colcon_core.package_identification:_identify(vjepa_visual_localization/data/smoke_query) by extension 'ignore_ament_install'
[0.194s] Level 1:colcon.colcon_core.package_identification:_identify(vjepa_visual_localization/data/smoke_query) by extensions ['colcon_pkg']
[0.194s] Level 1:colcon.colcon_core.package_identification:_identify(vjepa_visual_localization/data/smoke_query) by extension 'colcon_pkg'
[0.194s] Level 1:colcon.colcon_core.package_identification:_identify(vjepa_visual_localization/data/smoke_query) by extensions ['colcon_meta']
[0.195s] Level 1:colcon.colcon_core.package_identification:_identify(vjepa_visual_localization/data/smoke_query) by extension 'colcon_meta'
[0.195s] Level 1:colcon.colcon_core.package_identification:_identify(vjepa_visual_localization/data/smoke_query) by extensions ['ros']
[0.195s] Level 1:colcon.colcon_core.package_identification:_identify(vjepa_visual_localization/data/smoke_query) by extension 'ros'
[0.195s] Level 1:colcon.colcon_core.package_identification:_identify(vjepa_visual_localization/data/smoke_query) by extensions ['cmake', 'python']
[0.195s] Level 1:colcon.colcon_core.package_identification:_identify(vjepa_visual_localization/data/smoke_query) by extension 'cmake'
[0.195s] Level 1:colcon.colcon_core.package_identification:_identify(vjepa_visual_localization/data/smoke_query) by extension 'python'
[0.195s] Level 1:colcon.colcon_core.package_identification:_identify(vjepa_visual_localization/data/smoke_query) by extensions ['python_setup_py']
[0.195s] Level 1:colcon.colcon_core.package_identification:_identify(vjepa_visual_localization/data/smoke_query) by extension 'python_setup_py'
[0.195s] Level 1:colcon.colcon_core.package_identification:_identify(vjepa_visual_localization/outputs) by extensions ['ignore', 'ignore_ament_install']
[0.195s] Level 1:colcon.colcon_core.package_identification:_identify(vjepa_visual_localization/outputs) by extension 'ignore'
[0.195s] Level 1:colcon.colcon_core.package_identification:_identify(vjepa_visual_localization/outputs) by extension 'ignore_ament_install'
[0.195s] Level 1:colcon.colcon_core.package_identification:_identify(vjepa_visual_localization/outputs) by extensions ['colcon_pkg']
[0.195s] Level 1:colcon.colcon_core.package_identification:_identify(vjepa_visual_localization/outputs) by extension 'colcon_pkg'
[0.195s] Level 1:colcon.colcon_core.package_identification:_identify(vjepa_visual_localization/outputs) by extensions ['colcon_meta']
[0.195s] Level 1:colcon.colcon_core.package_identification:_identify(vjepa_visual_localization/outputs) by extension 'colcon_meta'
[0.195s] Level 1:colcon.colcon_core.package_identification:_identify(vjepa_visual_localization/outputs) by extensions ['ros']
[0.195s] Level 1:colcon.colcon_core.package_identification:_identify(vjepa_visual_localization/outputs) by extension 'ros'
[0.195s] Level 1:colcon.colcon_core.package_identification:_identify(vjepa_visual_localization/outputs) by extensions ['cmake', 'python']
[0.195s] Level 1:colcon.colcon_core.package_identification:_identify(vjepa_visual_localization/outputs) by extension 'cmake'
[0.195s] Level 1:colcon.colcon_core.package_identification:_identify(vjepa_visual_localization/outputs) by extension 'python'
[0.195s] Level 1:colcon.colcon_core.package_identification:_identify(vjepa_visual_localization/outputs) by extensions ['python_setup_py']
[0.195s] Level 1:colcon.colcon_core.package_identification:_identify(vjepa_visual_localization/outputs) by extension 'python_setup_py'
[0.195s] Level 1:colcon.colcon_core.package_identification:_identify(vjepa_visual_localization/outputs/autonomous_dense_build) by extensions ['ignore', 'ignore_ament_install']
[0.195s] Level 1:colcon.colcon_core.package_identification:_identify(vjepa_visual_localization/outputs/autonomous_dense_build) by extension 'ignore'
[0.195s] Level 1:colcon.colcon_core.package_identification:_identify(vjepa_visual_localization/outputs/autonomous_dense_build) by extension 'ignore_ament_install'
[0.195s] Level 1:colcon.colcon_core.package_identification:_identify(vjepa_visual_localization/outputs/autonomous_dense_build) by extensions ['colcon_pkg']
[0.195s] Level 1:colcon.colcon_core.package_identification:_identify(vjepa_visual_localization/outputs/autonomous_dense_build) by extension 'colcon_pkg'
[0.195s] Level 1:colcon.colcon_core.package_identification:_identify(vjepa_visual_localization/outputs/autonomous_dense_build) by extensions ['colcon_meta']
[0.195s] Level 1:colcon.colcon_core.package_identification:_identify(vjepa_visual_localization/outputs/autonomous_dense_build) by extension 'colcon_meta'
[0.195s] Level 1:colcon.colcon_core.package_identification:_identify(vjepa_visual_localization/outputs/autonomous_dense_build) by extensions ['ros']
[0.195s] Level 1:colcon.colcon_core.package_identification:_identify(vjepa_visual_localization/outputs/autonomous_dense_build) by extension 'ros'
[0.195s] Level 1:colcon.colcon_core.package_identification:_identify(vjepa_visual_localization/outputs/autonomous_dense_build) by extensions ['cmake', 'python']
[0.195s] Level 1:colcon.colcon_core.package_identification:_identify(vjepa_visual_localization/outputs/autonomous_dense_build) by extension 'cmake'
[0.195s] Level 1:colcon.colcon_core.package_identification:_identify(vjepa_visual_localization/outputs/autonomous_dense_build) by extension 'python'
[0.195s] Level 1:colcon.colcon_core.package_identification:_identify(vjepa_visual_localization/outputs/autonomous_dense_build) by extensions ['python_setup_py']
[0.195s] Level 1:colcon.colcon_core.package_identification:_identify(vjepa_visual_localization/outputs/autonomous_dense_build) by extension 'python_setup_py'
[0.195s] Level 1:colcon.colcon_core.package_identification:_identify(vjepa_visual_localization/outputs/autonomous_dense_build/process_logs) by extensions ['ignore', 'ignore_ament_install']
[0.195s] Level 1:colcon.colcon_core.package_identification:_identify(vjepa_visual_localization/outputs/autonomous_dense_build/process_logs) by extension 'ignore'
[0.196s] Level 1:colcon.colcon_core.package_identification:_identify(vjepa_visual_localization/outputs/autonomous_dense_build/process_logs) by extension 'ignore_ament_install'
[0.196s] Level 1:colcon.colcon_core.package_identification:_identify(vjepa_visual_localization/outputs/autonomous_dense_build/process_logs) by extensions ['colcon_pkg']
[0.196s] Level 1:colcon.colcon_core.package_identification:_identify(vjepa_visual_localization/outputs/autonomous_dense_build/process_logs) by extension 'colcon_pkg'
[0.196s] Level 1:colcon.colcon_core.package_identification:_identify(vjepa_visual_localization/outputs/autonomous_dense_build/process_logs) by extensions ['colcon_meta']
[0.196s] Level 1:colcon.colcon_core.package_identification:_identify(vjepa_visual_localization/outputs/autonomous_dense_build/process_logs) by extension 'colcon_meta'
[0.196s] Level 1:colcon.colcon_core.package_identification:_identify(vjepa_visual_localization/outputs/autonomous_dense_build/process_logs) by extensions ['ros']
[0.196s] Level 1:colcon.colcon_core.package_identification:_identify(vjepa_visual_localization/outputs/autonomous_dense_build/process_logs) by extension 'ros'
[0.196s] Level 1:colcon.colcon_core.package_identification:_identify(vjepa_visual_localization/outputs/autonomous_dense_build/process_logs) by extensions ['cmake', 'python']
[0.196s] Level 1:colcon.colcon_core.package_identification:_identify(vjepa_visual_localization/outputs/autonomous_dense_build/process_logs) by extension 'cmake'
[0.196s] Level 1:colcon.colcon_core.package_identification:_identify(vjepa_visual_localization/outputs/autonomous_dense_build/process_logs) by extension 'python'
[0.196s] Level 1:colcon.colcon_core.package_identification:_identify(vjepa_visual_localization/outputs/autonomous_dense_build/process_logs) by extensions ['python_setup_py']
[0.196s] Level 1:colcon.colcon_core.package_identification:_identify(vjepa_visual_localization/outputs/autonomous_dense_build/process_logs) by extension 'python_setup_py'
[0.196s] Level 1:colcon.colcon_core.package_identification:_identify(vjepa_visual_localization/outputs/autonomous_experiment) by extensions ['ignore', 'ignore_ament_install']
[0.196s] Level 1:colcon.colcon_core.package_identification:_identify(vjepa_visual_localization/outputs/autonomous_experiment) by extension 'ignore'
[0.196s] Level 1:colcon.colcon_core.package_identification:_identify(vjepa_visual_localization/outputs/autonomous_experiment) by extension 'ignore_ament_install'
[0.196s] Level 1:colcon.colcon_core.package_identification:_identify(vjepa_visual_localization/outputs/autonomous_experiment) by extensions ['colcon_pkg']
[0.196s] Level 1:colcon.colcon_core.package_identification:_identify(vjepa_visual_localization/outputs/autonomous_experiment) by extension 'colcon_pkg'
[0.196s] Level 1:colcon.colcon_core.package_identification:_identify(vjepa_visual_localization/outputs/autonomous_experiment) by extensions ['colcon_meta']
[0.196s] Level 1:colcon.colcon_core.package_identification:_identify(vjepa_visual_localization/outputs/autonomous_experiment) by extension 'colcon_meta'
[0.196s] Level 1:colcon.colcon_core.package_identification:_identify(vjepa_visual_localization/outputs/autonomous_experiment) by extensions ['ros']
[0.196s] Level 1:colcon.colcon_core.package_identification:_identify(vjepa_visual_localization/outputs/autonomous_experiment) by extension 'ros'
[0.196s] Level 1:colcon.colcon_core.package_identification:_identify(vjepa_visual_localization/outputs/autonomous_experiment) by extensions ['cmake', 'python']
[0.196s] Level 1:colcon.colcon_core.package_identification:_identify(vjepa_visual_localization/outputs/autonomous_experiment) by extension 'cmake'
[0.196s] Level 1:colcon.colcon_core.package_identification:_identify(vjepa_visual_localization/outputs/autonomous_experiment) by extension 'python'
[0.196s] Level 1:colcon.colcon_core.package_identification:_identify(vjepa_visual_localization/outputs/autonomous_experiment) by extensions ['python_setup_py']
[0.196s] Level 1:colcon.colcon_core.package_identification:_identify(vjepa_visual_localization/outputs/autonomous_experiment) by extension 'python_setup_py'
[0.196s] Level 1:colcon.colcon_core.package_identification:_identify(vjepa_visual_localization/outputs/autonomous_experiment/process_logs) by extensions ['ignore', 'ignore_ament_install']
[0.196s] Level 1:colcon.colcon_core.package_identification:_identify(vjepa_visual_localization/outputs/autonomous_experiment/process_logs) by extension 'ignore'
[0.196s] Level 1:colcon.colcon_core.package_identification:_identify(vjepa_visual_localization/outputs/autonomous_experiment/process_logs) by extension 'ignore_ament_install'
[0.196s] Level 1:colcon.colcon_core.package_identification:_identify(vjepa_visual_localization/outputs/autonomous_experiment/process_logs) by extensions ['colcon_pkg']
[0.196s] Level 1:colcon.colcon_core.package_identification:_identify(vjepa_visual_localization/outputs/autonomous_experiment/process_logs) by extension 'colcon_pkg'
[0.196s] Level 1:colcon.colcon_core.package_identification:_identify(vjepa_visual_localization/outputs/autonomous_experiment/process_logs) by extensions ['colcon_meta']
[0.196s] Level 1:colcon.colcon_core.package_identification:_identify(vjepa_visual_localization/outputs/autonomous_experiment/process_logs) by extension 'colcon_meta'
[0.196s] Level 1:colcon.colcon_core.package_identification:_identify(vjepa_visual_localization/outputs/autonomous_experiment/process_logs) by extensions ['ros']
[0.196s] Level 1:colcon.colcon_core.package_identification:_identify(vjepa_visual_localization/outputs/autonomous_experiment/process_logs) by extension 'ros'
[0.196s] Level 1:colcon.colcon_core.package_identification:_identify(vjepa_visual_localization/outputs/autonomous_experiment/process_logs) by extensions ['cmake', 'python']
[0.196s] Level 1:colcon.colcon_core.package_identification:_identify(vjepa_visual_localization/outputs/autonomous_experiment/process_logs) by extension 'cmake'
[0.196s] Level 1:colcon.colcon_core.package_identification:_identify(vjepa_visual_localization/outputs/autonomous_experiment/process_logs) by extension 'python'
[0.196s] Level 1:colcon.colcon_core.package_identification:_identify(vjepa_visual_localization/outputs/autonomous_experiment/process_logs) by extensions ['python_setup_py']
[0.196s] Level 1:colcon.colcon_core.package_identification:_identify(vjepa_visual_localization/outputs/autonomous_experiment/process_logs) by extension 'python_setup_py'
[0.197s] Level 1:colcon.colcon_core.package_identification:_identify(vjepa_visual_localization/outputs/autonomous_map) by extensions ['ignore', 'ignore_ament_install']
[0.197s] Level 1:colcon.colcon_core.package_identification:_identify(vjepa_visual_localization/outputs/autonomous_map) by extension 'ignore'
[0.197s] Level 1:colcon.colcon_core.package_identification:_identify(vjepa_visual_localization/outputs/autonomous_map) by extension 'ignore_ament_install'
[0.197s] Level 1:colcon.colcon_core.package_identification:_identify(vjepa_visual_localization/outputs/autonomous_map) by extensions ['colcon_pkg']
[0.197s] Level 1:colcon.colcon_core.package_identification:_identify(vjepa_visual_localization/outputs/autonomous_map) by extension 'colcon_pkg'
[0.197s] Level 1:colcon.colcon_core.package_identification:_identify(vjepa_visual_localization/outputs/autonomous_map) by extensions ['colcon_meta']
[0.197s] Level 1:colcon.colcon_core.package_identification:_identify(vjepa_visual_localization/outputs/autonomous_map) by extension 'colcon_meta'
[0.197s] Level 1:colcon.colcon_core.package_identification:_identify(vjepa_visual_localization/outputs/autonomous_map) by extensions ['ros']
[0.197s] Level 1:colcon.colcon_core.package_identification:_identify(vjepa_visual_localization/outputs/autonomous_map) by extension 'ros'
[0.197s] Level 1:colcon.colcon_core.package_identification:_identify(vjepa_visual_localization/outputs/autonomous_map) by extensions ['cmake', 'python']
[0.197s] Level 1:colcon.colcon_core.package_identification:_identify(vjepa_visual_localization/outputs/autonomous_map) by extension 'cmake'
[0.197s] Level 1:colcon.colcon_core.package_identification:_identify(vjepa_visual_localization/outputs/autonomous_map) by extension 'python'
[0.197s] Level 1:colcon.colcon_core.package_identification:_identify(vjepa_visual_localization/outputs/autonomous_map) by extensions ['python_setup_py']
[0.197s] Level 1:colcon.colcon_core.package_identification:_identify(vjepa_visual_localization/outputs/autonomous_map) by extension 'python_setup_py'
[0.197s] Level 1:colcon.colcon_core.package_identification:_identify(vjepa_visual_localization/outputs/autonomous_map_dense) by extensions ['ignore', 'ignore_ament_install']
[0.197s] Level 1:colcon.colcon_core.package_identification:_identify(vjepa_visual_localization/outputs/autonomous_map_dense) by extension 'ignore'
[0.197s] Level 1:colcon.colcon_core.package_identification:_identify(vjepa_visual_localization/outputs/autonomous_map_dense) by extension 'ignore_ament_install'
[0.197s] Level 1:colcon.colcon_core.package_identification:_identify(vjepa_visual_localization/outputs/autonomous_map_dense) by extensions ['colcon_pkg']
[0.197s] Level 1:colcon.colcon_core.package_identification:_identify(vjepa_visual_localization/outputs/autonomous_map_dense) by extension 'colcon_pkg'
[0.197s] Level 1:colcon.colcon_core.package_identification:_identify(vjepa_visual_localization/outputs/autonomous_map_dense) by extensions ['colcon_meta']
[0.197s] Level 1:colcon.colcon_core.package_identification:_identify(vjepa_visual_localization/outputs/autonomous_map_dense) by extension 'colcon_meta'
[0.197s] Level 1:colcon.colcon_core.package_identification:_identify(vjepa_visual_localization/outputs/autonomous_map_dense) by extensions ['ros']
[0.197s] Level 1:colcon.colcon_core.package_identification:_identify(vjepa_visual_localization/outputs/autonomous_map_dense) by extension 'ros'
[0.197s] Level 1:colcon.colcon_core.package_identification:_identify(vjepa_visual_localization/outputs/autonomous_map_dense) by extensions ['cmake', 'python']
[0.197s] Level 1:colcon.colcon_core.package_identification:_identify(vjepa_visual_localization/outputs/autonomous_map_dense) by extension 'cmake'
[0.197s] Level 1:colcon.colcon_core.package_identification:_identify(vjepa_visual_localization/outputs/autonomous_map_dense) by extension 'python'
[0.197s] Level 1:colcon.colcon_core.package_identification:_identify(vjepa_visual_localization/outputs/autonomous_map_dense) by extensions ['python_setup_py']
[0.197s] Level 1:colcon.colcon_core.package_identification:_identify(vjepa_visual_localization/outputs/autonomous_map_dense) by extension 'python_setup_py'
[0.197s] Level 1:colcon.colcon_core.package_identification:_identify(vjepa_visual_localization/outputs/autonomous_map_dense_1p5s_6f_backup) by extensions ['ignore', 'ignore_ament_install']
[0.197s] Level 1:colcon.colcon_core.package_identification:_identify(vjepa_visual_localization/outputs/autonomous_map_dense_1p5s_6f_backup) by extension 'ignore'
[0.197s] Level 1:colcon.colcon_core.package_identification:_identify(vjepa_visual_localization/outputs/autonomous_map_dense_1p5s_6f_backup) by extension 'ignore_ament_install'
[0.197s] Level 1:colcon.colcon_core.package_identification:_identify(vjepa_visual_localization/outputs/autonomous_map_dense_1p5s_6f_backup) by extensions ['colcon_pkg']
[0.197s] Level 1:colcon.colcon_core.package_identification:_identify(vjepa_visual_localization/outputs/autonomous_map_dense_1p5s_6f_backup) by extension 'colcon_pkg'
[0.197s] Level 1:colcon.colcon_core.package_identification:_identify(vjepa_visual_localization/outputs/autonomous_map_dense_1p5s_6f_backup) by extensions ['colcon_meta']
[0.197s] Level 1:colcon.colcon_core.package_identification:_identify(vjepa_visual_localization/outputs/autonomous_map_dense_1p5s_6f_backup) by extension 'colcon_meta'
[0.197s] Level 1:colcon.colcon_core.package_identification:_identify(vjepa_visual_localization/outputs/autonomous_map_dense_1p5s_6f_backup) by extensions ['ros']
[0.197s] Level 1:colcon.colcon_core.package_identification:_identify(vjepa_visual_localization/outputs/autonomous_map_dense_1p5s_6f_backup) by extension 'ros'
[0.197s] Level 1:colcon.colcon_core.package_identification:_identify(vjepa_visual_localization/outputs/autonomous_map_dense_1p5s_6f_backup) by extensions ['cmake', 'python']
[0.198s] Level 1:colcon.colcon_core.package_identification:_identify(vjepa_visual_localization/outputs/autonomous_map_dense_1p5s_6f_backup) by extension 'cmake'
[0.198s] Level 1:colcon.colcon_core.package_identification:_identify(vjepa_visual_localization/outputs/autonomous_map_dense_1p5s_6f_backup) by extension 'python'
[0.198s] Level 1:colcon.colcon_core.package_identification:_identify(vjepa_visual_localization/outputs/autonomous_map_dense_1p5s_6f_backup) by extensions ['python_setup_py']
[0.198s] Level 1:colcon.colcon_core.package_identification:_identify(vjepa_visual_localization/outputs/autonomous_map_dense_1p5s_6f_backup) by extension 'python_setup_py'
[0.198s] Level 1:colcon.colcon_core.package_identification:_identify(vjepa_visual_localization/outputs/autonomous_map_dense_2s_16f_backup) by extensions ['ignore', 'ignore_ament_install']
[0.198s] Level 1:colcon.colcon_core.package_identification:_identify(vjepa_visual_localization/outputs/autonomous_map_dense_2s_16f_backup) by extension 'ignore'
[0.198s] Level 1:colcon.colcon_core.package_identification:_identify(vjepa_visual_localization/outputs/autonomous_map_dense_2s_16f_backup) by extension 'ignore_ament_install'
[0.198s] Level 1:colcon.colcon_core.package_identification:_identify(vjepa_visual_localization/outputs/autonomous_map_dense_2s_16f_backup) by extensions ['colcon_pkg']
[0.198s] Level 1:colcon.colcon_core.package_identification:_identify(vjepa_visual_localization/outputs/autonomous_map_dense_2s_16f_backup) by extension 'colcon_pkg'
[0.198s] Level 1:colcon.colcon_core.package_identification:_identify(vjepa_visual_localization/outputs/autonomous_map_dense_2s_16f_backup) by extensions ['colcon_meta']
[0.198s] Level 1:colcon.colcon_core.package_identification:_identify(vjepa_visual_localization/outputs/autonomous_map_dense_2s_16f_backup) by extension 'colcon_meta'
[0.198s] Level 1:colcon.colcon_core.package_identification:_identify(vjepa_visual_localization/outputs/autonomous_map_dense_2s_16f_backup) by extensions ['ros']
[0.198s] Level 1:colcon.colcon_core.package_identification:_identify(vjepa_visual_localization/outputs/autonomous_map_dense_2s_16f_backup) by extension 'ros'
[0.198s] Level 1:colcon.colcon_core.package_identification:_identify(vjepa_visual_localization/outputs/autonomous_map_dense_2s_16f_backup) by extensions ['cmake', 'python']
[0.198s] Level 1:colcon.colcon_core.package_identification:_identify(vjepa_visual_localization/outputs/autonomous_map_dense_2s_16f_backup) by extension 'cmake'
[0.198s] Level 1:colcon.colcon_core.package_identification:_identify(vjepa_visual_localization/outputs/autonomous_map_dense_2s_16f_backup) by extension 'python'
[0.198s] Level 1:colcon.colcon_core.package_identification:_identify(vjepa_visual_localization/outputs/autonomous_map_dense_2s_16f_backup) by extensions ['python_setup_py']
[0.198s] Level 1:colcon.colcon_core.package_identification:_identify(vjepa_visual_localization/outputs/autonomous_map_dense_2s_16f_backup) by extension 'python_setup_py'
[0.198s] Level 1:colcon.colcon_core.package_identification:_identify(vjepa_visual_localization/outputs/gazebo_runtime_map) by extensions ['ignore', 'ignore_ament_install']
[0.198s] Level 1:colcon.colcon_core.package_identification:_identify(vjepa_visual_localization/outputs/gazebo_runtime_map) by extension 'ignore'
[0.198s] Level 1:colcon.colcon_core.package_identification:_identify(vjepa_visual_localization/outputs/gazebo_runtime_map) by extension 'ignore_ament_install'
[0.198s] Level 1:colcon.colcon_core.package_identification:_identify(vjepa_visual_localization/outputs/gazebo_runtime_map) by extensions ['colcon_pkg']
[0.198s] Level 1:colcon.colcon_core.package_identification:_identify(vjepa_visual_localization/outputs/gazebo_runtime_map) by extension 'colcon_pkg'
[0.198s] Level 1:colcon.colcon_core.package_identification:_identify(vjepa_visual_localization/outputs/gazebo_runtime_map) by extensions ['colcon_meta']
[0.198s] Level 1:colcon.colcon_core.package_identification:_identify(vjepa_visual_localization/outputs/gazebo_runtime_map) by extension 'colcon_meta'
[0.198s] Level 1:colcon.colcon_core.package_identification:_identify(vjepa_visual_localization/outputs/gazebo_runtime_map) by extensions ['ros']
[0.198s] Level 1:colcon.colcon_core.package_identification:_identify(vjepa_visual_localization/outputs/gazebo_runtime_map) by extension 'ros'
[0.198s] Level 1:colcon.colcon_core.package_identification:_identify(vjepa_visual_localization/outputs/gazebo_runtime_map) by extensions ['cmake', 'python']
[0.198s] Level 1:colcon.colcon_core.package_identification:_identify(vjepa_visual_localization/outputs/gazebo_runtime_map) by extension 'cmake'
[0.198s] Level 1:colcon.colcon_core.package_identification:_identify(vjepa_visual_localization/outputs/gazebo_runtime_map) by extension 'python'
[0.198s] Level 1:colcon.colcon_core.package_identification:_identify(vjepa_visual_localization/outputs/gazebo_runtime_map) by extensions ['python_setup_py']
[0.198s] Level 1:colcon.colcon_core.package_identification:_identify(vjepa_visual_localization/outputs/gazebo_runtime_map) by extension 'python_setup_py'
[0.198s] Level 1:colcon.colcon_core.package_identification:_identify(vjepa_visual_localization/outputs/smoke_baseline) by extensions ['ignore', 'ignore_ament_install']
[0.198s] Level 1:colcon.colcon_core.package_identification:_identify(vjepa_visual_localization/outputs/smoke_baseline) by extension 'ignore'
[0.198s] Level 1:colcon.colcon_core.package_identification:_identify(vjepa_visual_localization/outputs/smoke_baseline) by extension 'ignore_ament_install'
[0.198s] Level 1:colcon.colcon_core.package_identification:_identify(vjepa_visual_localization/outputs/smoke_baseline) by extensions ['colcon_pkg']
[0.198s] Level 1:colcon.colcon_core.package_identification:_identify(vjepa_visual_localization/outputs/smoke_baseline) by extension 'colcon_pkg'
[0.198s] Level 1:colcon.colcon_core.package_identification:_identify(vjepa_visual_localization/outputs/smoke_baseline) by extensions ['colcon_meta']
[0.198s] Level 1:colcon.colcon_core.package_identification:_identify(vjepa_visual_localization/outputs/smoke_baseline) by extension 'colcon_meta'
[0.198s] Level 1:colcon.colcon_core.package_identification:_identify(vjepa_visual_localization/outputs/smoke_baseline) by extensions ['ros']
[0.199s] Level 1:colcon.colcon_core.package_identification:_identify(vjepa_visual_localization/outputs/smoke_baseline) by extension 'ros'
[0.199s] Level 1:colcon.colcon_core.package_identification:_identify(vjepa_visual_localization/outputs/smoke_baseline) by extensions ['cmake', 'python']
[0.199s] Level 1:colcon.colcon_core.package_identification:_identify(vjepa_visual_localization/outputs/smoke_baseline) by extension 'cmake'
[0.199s] Level 1:colcon.colcon_core.package_identification:_identify(vjepa_visual_localization/outputs/smoke_baseline) by extension 'python'
[0.199s] Level 1:colcon.colcon_core.package_identification:_identify(vjepa_visual_localization/outputs/smoke_baseline) by extensions ['python_setup_py']
[0.199s] Level 1:colcon.colcon_core.package_identification:_identify(vjepa_visual_localization/outputs/smoke_baseline) by extension 'python_setup_py'
[0.199s] Level 1:colcon.colcon_core.package_identification:_identify(vjepa_visual_localization/outputs/smoke_map) by extensions ['ignore', 'ignore_ament_install']
[0.199s] Level 1:colcon.colcon_core.package_identification:_identify(vjepa_visual_localization/outputs/smoke_map) by extension 'ignore'
[0.199s] Level 1:colcon.colcon_core.package_identification:_identify(vjepa_visual_localization/outputs/smoke_map) by extension 'ignore_ament_install'
[0.199s] Level 1:colcon.colcon_core.package_identification:_identify(vjepa_visual_localization/outputs/smoke_map) by extensions ['colcon_pkg']
[0.199s] Level 1:colcon.colcon_core.package_identification:_identify(vjepa_visual_localization/outputs/smoke_map) by extension 'colcon_pkg'
[0.199s] Level 1:colcon.colcon_core.package_identification:_identify(vjepa_visual_localization/outputs/smoke_map) by extensions ['colcon_meta']
[0.199s] Level 1:colcon.colcon_core.package_identification:_identify(vjepa_visual_localization/outputs/smoke_map) by extension 'colcon_meta'
[0.199s] Level 1:colcon.colcon_core.package_identification:_identify(vjepa_visual_localization/outputs/smoke_map) by extensions ['ros']
[0.199s] Level 1:colcon.colcon_core.package_identification:_identify(vjepa_visual_localization/outputs/smoke_map) by extension 'ros'
[0.199s] Level 1:colcon.colcon_core.package_identification:_identify(vjepa_visual_localization/outputs/smoke_map) by extensions ['cmake', 'python']
[0.199s] Level 1:colcon.colcon_core.package_identification:_identify(vjepa_visual_localization/outputs/smoke_map) by extension 'cmake'
[0.199s] Level 1:colcon.colcon_core.package_identification:_identify(vjepa_visual_localization/outputs/smoke_map) by extension 'python'
[0.199s] Level 1:colcon.colcon_core.package_identification:_identify(vjepa_visual_localization/outputs/smoke_map) by extensions ['python_setup_py']
[0.199s] Level 1:colcon.colcon_core.package_identification:_identify(vjepa_visual_localization/outputs/smoke_map) by extension 'python_setup_py'
[0.199s] Level 1:colcon.colcon_core.package_identification:_identify(vjepa_visual_localization/outputs/smoke_online) by extensions ['ignore', 'ignore_ament_install']
[0.199s] Level 1:colcon.colcon_core.package_identification:_identify(vjepa_visual_localization/outputs/smoke_online) by extension 'ignore'
[0.199s] Level 1:colcon.colcon_core.package_identification:_identify(vjepa_visual_localization/outputs/smoke_online) by extension 'ignore_ament_install'
[0.199s] Level 1:colcon.colcon_core.package_identification:_identify(vjepa_visual_localization/outputs/smoke_online) by extensions ['colcon_pkg']
[0.199s] Level 1:colcon.colcon_core.package_identification:_identify(vjepa_visual_localization/outputs/smoke_online) by extension 'colcon_pkg'
[0.199s] Level 1:colcon.colcon_core.package_identification:_identify(vjepa_visual_localization/outputs/smoke_online) by extensions ['colcon_meta']
[0.199s] Level 1:colcon.colcon_core.package_identification:_identify(vjepa_visual_localization/outputs/smoke_online) by extension 'colcon_meta'
[0.199s] Level 1:colcon.colcon_core.package_identification:_identify(vjepa_visual_localization/outputs/smoke_online) by extensions ['ros']
[0.199s] Level 1:colcon.colcon_core.package_identification:_identify(vjepa_visual_localization/outputs/smoke_online) by extension 'ros'
[0.199s] Level 1:colcon.colcon_core.package_identification:_identify(vjepa_visual_localization/outputs/smoke_online) by extensions ['cmake', 'python']
[0.199s] Level 1:colcon.colcon_core.package_identification:_identify(vjepa_visual_localization/outputs/smoke_online) by extension 'cmake'
[0.199s] Level 1:colcon.colcon_core.package_identification:_identify(vjepa_visual_localization/outputs/smoke_online) by extension 'python'
[0.199s] Level 1:colcon.colcon_core.package_identification:_identify(vjepa_visual_localization/outputs/smoke_online) by extensions ['python_setup_py']
[0.199s] Level 1:colcon.colcon_core.package_identification:_identify(vjepa_visual_localization/outputs/smoke_online) by extension 'python_setup_py'
[0.199s] Level 1:colcon.colcon_core.package_identification:_identify(vjepa_visual_localization/outputs/uv_smoke_baseline) by extensions ['ignore', 'ignore_ament_install']
[0.199s] Level 1:colcon.colcon_core.package_identification:_identify(vjepa_visual_localization/outputs/uv_smoke_baseline) by extension 'ignore'
[0.199s] Level 1:colcon.colcon_core.package_identification:_identify(vjepa_visual_localization/outputs/uv_smoke_baseline) by extension 'ignore_ament_install'
[0.199s] Level 1:colcon.colcon_core.package_identification:_identify(vjepa_visual_localization/outputs/uv_smoke_baseline) by extensions ['colcon_pkg']
[0.199s] Level 1:colcon.colcon_core.package_identification:_identify(vjepa_visual_localization/outputs/uv_smoke_baseline) by extension 'colcon_pkg'
[0.200s] Level 1:colcon.colcon_core.package_identification:_identify(vjepa_visual_localization/outputs/uv_smoke_baseline) by extensions ['colcon_meta']
[0.200s] Level 1:colcon.colcon_core.package_identification:_identify(vjepa_visual_localization/outputs/uv_smoke_baseline) by extension 'colcon_meta'
[0.200s] Level 1:colcon.colcon_core.package_identification:_identify(vjepa_visual_localization/outputs/uv_smoke_baseline) by extensions ['ros']
[0.200s] Level 1:colcon.colcon_core.package_identification:_identify(vjepa_visual_localization/outputs/uv_smoke_baseline) by extension 'ros'
[0.200s] Level 1:colcon.colcon_core.package_identification:_identify(vjepa_visual_localization/outputs/uv_smoke_baseline) by extensions ['cmake', 'python']
[0.200s] Level 1:colcon.colcon_core.package_identification:_identify(vjepa_visual_localization/outputs/uv_smoke_baseline) by extension 'cmake'
[0.200s] Level 1:colcon.colcon_core.package_identification:_identify(vjepa_visual_localization/outputs/uv_smoke_baseline) by extension 'python'
[0.200s] Level 1:colcon.colcon_core.package_identification:_identify(vjepa_visual_localization/outputs/uv_smoke_baseline) by extensions ['python_setup_py']
[0.200s] Level 1:colcon.colcon_core.package_identification:_identify(vjepa_visual_localization/outputs/uv_smoke_baseline) by extension 'python_setup_py'
[0.200s] Level 1:colcon.colcon_core.package_identification:_identify(vjepa_visual_localization/outputs/warehouse_latent_predictions) by extensions ['ignore', 'ignore_ament_install']
[0.200s] Level 1:colcon.colcon_core.package_identification:_identify(vjepa_visual_localization/outputs/warehouse_latent_predictions) by extension 'ignore'
[0.200s] Level 1:colcon.colcon_core.package_identification:_identify(vjepa_visual_localization/outputs/warehouse_latent_predictions) by extension 'ignore_ament_install'
[0.200s] Level 1:colcon.colcon_core.package_identification:_identify(vjepa_visual_localization/outputs/warehouse_latent_predictions) by extensions ['colcon_pkg']
[0.200s] Level 1:colcon.colcon_core.package_identification:_identify(vjepa_visual_localization/outputs/warehouse_latent_predictions) by extension 'colcon_pkg'
[0.200s] Level 1:colcon.colcon_core.package_identification:_identify(vjepa_visual_localization/outputs/warehouse_latent_predictions) by extensions ['colcon_meta']
[0.200s] Level 1:colcon.colcon_core.package_identification:_identify(vjepa_visual_localization/outputs/warehouse_latent_predictions) by extension 'colcon_meta'
[0.200s] Level 1:colcon.colcon_core.package_identification:_identify(vjepa_visual_localization/outputs/warehouse_latent_predictions) by extensions ['ros']
[0.200s] Level 1:colcon.colcon_core.package_identification:_identify(vjepa_visual_localization/outputs/warehouse_latent_predictions) by extension 'ros'
[0.200s] Level 1:colcon.colcon_core.package_identification:_identify(vjepa_visual_localization/outputs/warehouse_latent_predictions) by extensions ['cmake', 'python']
[0.200s] Level 1:colcon.colcon_core.package_identification:_identify(vjepa_visual_localization/outputs/warehouse_latent_predictions) by extension 'cmake'
[0.200s] Level 1:colcon.colcon_core.package_identification:_identify(vjepa_visual_localization/outputs/warehouse_latent_predictions) by extension 'python'
[0.200s] Level 1:colcon.colcon_core.package_identification:_identify(vjepa_visual_localization/outputs/warehouse_latent_predictions) by extensions ['python_setup_py']
[0.200s] Level 1:colcon.colcon_core.package_identification:_identify(vjepa_visual_localization/outputs/warehouse_latent_predictions) by extension 'python_setup_py'
[0.200s] Level 1:colcon.colcon_core.package_identification:_identify(vjepa_visual_localization/outputs/warehouse_latent_predictions/20260825T131951Z) by extensions ['ignore', 'ignore_ament_install']
[0.200s] Level 1:colcon.colcon_core.package_identification:_identify(vjepa_visual_localization/outputs/warehouse_latent_predictions/20260825T131951Z) by extension 'ignore'
[0.200s] Level 1:colcon.colcon_core.package_identification:_identify(vjepa_visual_localization/outputs/warehouse_latent_predictions/20260825T131951Z) by extension 'ignore_ament_install'
[0.200s] Level 1:colcon.colcon_core.package_identification:_identify(vjepa_visual_localization/outputs/warehouse_latent_predictions/20260825T131951Z) by extensions ['colcon_pkg']
[0.200s] Level 1:colcon.colcon_core.package_identification:_identify(vjepa_visual_localization/outputs/warehouse_latent_predictions/20260825T131951Z) by extension 'colcon_pkg'
[0.200s] Level 1:colcon.colcon_core.package_identification:_identify(vjepa_visual_localization/outputs/warehouse_latent_predictions/20260825T131951Z) by extensions ['colcon_meta']
[0.200s] Level 1:colcon.colcon_core.package_identification:_identify(vjepa_visual_localization/outputs/warehouse_latent_predictions/20260825T131951Z) by extension 'colcon_meta'
[0.200s] Level 1:colcon.colcon_core.package_identification:_identify(vjepa_visual_localization/outputs/warehouse_latent_predictions/20260825T131951Z) by extensions ['ros']
[0.200s] Level 1:colcon.colcon_core.package_identification:_identify(vjepa_visual_localization/outputs/warehouse_latent_predictions/20260825T131951Z) by extension 'ros'
[0.200s] Level 1:colcon.colcon_core.package_identification:_identify(vjepa_visual_localization/outputs/warehouse_latent_predictions/20260825T131951Z) by extensions ['cmake', 'python']
[0.200s] Level 1:colcon.colcon_core.package_identification:_identify(vjepa_visual_localization/outputs/warehouse_latent_predictions/20260825T131951Z) by extension 'cmake'
[0.200s] Level 1:colcon.colcon_core.package_identification:_identify(vjepa_visual_localization/outputs/warehouse_latent_predictions/20260825T131951Z) by extension 'python'
[0.200s] Level 1:colcon.colcon_core.package_identification:_identify(vjepa_visual_localization/outputs/warehouse_latent_predictions/20260825T131951Z) by extensions ['python_setup_py']
[0.200s] Level 1:colcon.colcon_core.package_identification:_identify(vjepa_visual_localization/outputs/warehouse_latent_predictions/20260825T131951Z) by extension 'python_setup_py'
[0.201s] Level 1:colcon.colcon_core.package_identification:_identify(vjepa_visual_localization/outputs/warehouse_latent_predictions/20260825T131951Z/behavior_visualizations) by extensions ['ignore', 'ignore_ament_install']
[0.201s] Level 1:colcon.colcon_core.package_identification:_identify(vjepa_visual_localization/outputs/warehouse_latent_predictions/20260825T131951Z/behavior_visualizations) by extension 'ignore'
[0.201s] Level 1:colcon.colcon_core.package_identification:_identify(vjepa_visual_localization/outputs/warehouse_latent_predictions/20260825T131951Z/behavior_visualizations) by extension 'ignore_ament_install'
[0.201s] Level 1:colcon.colcon_core.package_identification:_identify(vjepa_visual_localization/outputs/warehouse_latent_predictions/20260825T131951Z/behavior_visualizations) by extensions ['colcon_pkg']
[0.201s] Level 1:colcon.colcon_core.package_identification:_identify(vjepa_visual_localization/outputs/warehouse_latent_predictions/20260825T131951Z/behavior_visualizations) by extension 'colcon_pkg'
[0.201s] Level 1:colcon.colcon_core.package_identification:_identify(vjepa_visual_localization/outputs/warehouse_latent_predictions/20260825T131951Z/behavior_visualizations) by extensions ['colcon_meta']
[0.201s] Level 1:colcon.colcon_core.package_identification:_identify(vjepa_visual_localization/outputs/warehouse_latent_predictions/20260825T131951Z/behavior_visualizations) by extension 'colcon_meta'
[0.201s] Level 1:colcon.colcon_core.package_identification:_identify(vjepa_visual_localization/outputs/warehouse_latent_predictions/20260825T131951Z/behavior_visualizations) by extensions ['ros']
[0.201s] Level 1:colcon.colcon_core.package_identification:_identify(vjepa_visual_localization/outputs/warehouse_latent_predictions/20260825T131951Z/behavior_visualizations) by extension 'ros'
[0.201s] Level 1:colcon.colcon_core.package_identification:_identify(vjepa_visual_localization/outputs/warehouse_latent_predictions/20260825T131951Z/behavior_visualizations) by extensions ['cmake', 'python']
[0.201s] Level 1:colcon.colcon_core.package_identification:_identify(vjepa_visual_localization/outputs/warehouse_latent_predictions/20260825T131951Z/behavior_visualizations) by extension 'cmake'
[0.201s] Level 1:colcon.colcon_core.package_identification:_identify(vjepa_visual_localization/outputs/warehouse_latent_predictions/20260825T131951Z/behavior_visualizations) by extension 'python'
[0.201s] Level 1:colcon.colcon_core.package_identification:_identify(vjepa_visual_localization/outputs/warehouse_latent_predictions/20260825T131951Z/behavior_visualizations) by extensions ['python_setup_py']
[0.201s] Level 1:colcon.colcon_core.package_identification:_identify(vjepa_visual_localization/outputs/warehouse_latent_predictions/20260825T131951Z/behavior_visualizations) by extension 'python_setup_py'
[0.201s] Level 1:colcon.colcon_core.package_identification:_identify(vjepa_visual_localization/outputs/warehouse_latent_predictions/20260825T131951Z/frames) by extensions ['ignore', 'ignore_ament_install']
[0.201s] Level 1:colcon.colcon_core.package_identification:_identify(vjepa_visual_localization/outputs/warehouse_latent_predictions/20260825T131951Z/frames) by extension 'ignore'
[0.201s] Level 1:colcon.colcon_core.package_identification:_identify(vjepa_visual_localization/outputs/warehouse_latent_predictions/20260825T131951Z/frames) by extension 'ignore_ament_install'
[0.201s] Level 1:colcon.colcon_core.package_identification:_identify(vjepa_visual_localization/outputs/warehouse_latent_predictions/20260825T131951Z/frames) by extensions ['colcon_pkg']
[0.201s] Level 1:colcon.colcon_core.package_identification:_identify(vjepa_visual_localization/outputs/warehouse_latent_predictions/20260825T131951Z/frames) by extension 'colcon_pkg'
[0.201s] Level 1:colcon.colcon_core.package_identification:_identify(vjepa_visual_localization/outputs/warehouse_latent_predictions/20260825T131951Z/frames) by extensions ['colcon_meta']
[0.201s] Level 1:colcon.colcon_core.package_identification:_identify(vjepa_visual_localization/outputs/warehouse_latent_predictions/20260825T131951Z/frames) by extension 'colcon_meta'
[0.201s] Level 1:colcon.colcon_core.package_identification:_identify(vjepa_visual_localization/outputs/warehouse_latent_predictions/20260825T131951Z/frames) by extensions ['ros']
[0.201s] Level 1:colcon.colcon_core.package_identification:_identify(vjepa_visual_localization/outputs/warehouse_latent_predictions/20260825T131951Z/frames) by extension 'ros'
[0.201s] Level 1:colcon.colcon_core.package_identification:_identify(vjepa_visual_localization/outputs/warehouse_latent_predictions/20260825T131951Z/frames) by extensions ['cmake', 'python']
[0.201s] Level 1:colcon.colcon_core.package_identification:_identify(vjepa_visual_localization/outputs/warehouse_latent_predictions/20260825T131951Z/frames) by extension 'cmake'
[0.201s] Level 1:colcon.colcon_core.package_identification:_identify(vjepa_visual_localization/outputs/warehouse_latent_predictions/20260825T131951Z/frames) by extension 'python'
[0.201s] Level 1:colcon.colcon_core.package_identification:_identify(vjepa_visual_localization/outputs/warehouse_latent_predictions/20260825T131951Z/frames) by extensions ['python_setup_py']
[0.201s] Level 1:colcon.colcon_core.package_identification:_identify(vjepa_visual_localization/outputs/warehouse_latent_predictions/20260825T131951Z/frames) by extension 'python_setup_py'
[0.201s] Level 1:colcon.colcon_core.package_identification:_identify(vjepa_visual_localization/outputs/warehouse_latent_predictions/20260825T131951Z/latents) by extensions ['ignore', 'ignore_ament_install']
[0.201s] Level 1:colcon.colcon_core.package_identification:_identify(vjepa_visual_localization/outputs/warehouse_latent_predictions/20260825T131951Z/latents) by extension 'ignore'
[0.201s] Level 1:colcon.colcon_core.package_identification:_identify(vjepa_visual_localization/outputs/warehouse_latent_predictions/20260825T131951Z/latents) by extension 'ignore_ament_install'
[0.201s] Level 1:colcon.colcon_core.package_identification:_identify(vjepa_visual_localization/outputs/warehouse_latent_predictions/20260825T131951Z/latents) by extensions ['colcon_pkg']
[0.202s] Level 1:colcon.colcon_core.package_identification:_identify(vjepa_visual_localization/outputs/warehouse_latent_predictions/20260825T131951Z/latents) by extension 'colcon_pkg'
[0.202s] Level 1:colcon.colcon_core.package_identification:_identify(vjepa_visual_localization/outputs/warehouse_latent_predictions/20260825T131951Z/latents) by extensions ['colcon_meta']
[0.202s] Level 1:colcon.colcon_core.package_identification:_identify(vjepa_visual_localization/outputs/warehouse_latent_predictions/20260825T131951Z/latents) by extension 'colcon_meta'
[0.202s] Level 1:colcon.colcon_core.package_identification:_identify(vjepa_visual_localization/outputs/warehouse_latent_predictions/20260825T131951Z/latents) by extensions ['ros']
[0.202s] Level 1:colcon.colcon_core.package_identification:_identify(vjepa_visual_localization/outputs/warehouse_latent_predictions/20260825T131951Z/latents) by extension 'ros'
[0.202s] Level 1:colcon.colcon_core.package_identification:_identify(vjepa_visual_localization/outputs/warehouse_latent_predictions/20260825T131951Z/latents) by extensions ['cmake', 'python']
[0.202s] Level 1:colcon.colcon_core.package_identification:_identify(vjepa_visual_localization/outputs/warehouse_latent_predictions/20260825T131951Z/latents) by extension 'cmake'
[0.202s] Level 1:colcon.colcon_core.package_identification:_identify(vjepa_visual_localization/outputs/warehouse_latent_predictions/20260825T131951Z/latents) by extension 'python'
[0.202s] Level 1:colcon.colcon_core.package_identification:_identify(vjepa_visual_localization/outputs/warehouse_latent_predictions/20260825T131951Z/latents) by extensions ['python_setup_py']
[0.202s] Level 1:colcon.colcon_core.package_identification:_identify(vjepa_visual_localization/outputs/warehouse_latent_predictions/20260825T131951Z/latents) by extension 'python_setup_py'
[0.202s] Level 1:colcon.colcon_core.package_identification:_identify(vjepa_visual_localization/outputs/warehouse_latent_predictions/20260825T131951Z/predictions) by extensions ['ignore', 'ignore_ament_install']
[0.202s] Level 1:colcon.colcon_core.package_identification:_identify(vjepa_visual_localization/outputs/warehouse_latent_predictions/20260825T131951Z/predictions) by extension 'ignore'
[0.202s] Level 1:colcon.colcon_core.package_identification:_identify(vjepa_visual_localization/outputs/warehouse_latent_predictions/20260825T131951Z/predictions) by extension 'ignore_ament_install'
[0.202s] Level 1:colcon.colcon_core.package_identification:_identify(vjepa_visual_localization/outputs/warehouse_latent_predictions/20260825T131951Z/predictions) by extensions ['colcon_pkg']
[0.202s] Level 1:colcon.colcon_core.package_identification:_identify(vjepa_visual_localization/outputs/warehouse_latent_predictions/20260825T131951Z/predictions) by extension 'colcon_pkg'
[0.202s] Level 1:colcon.colcon_core.package_identification:_identify(vjepa_visual_localization/outputs/warehouse_latent_predictions/20260825T131951Z/predictions) by extensions ['colcon_meta']
[0.202s] Level 1:colcon.colcon_core.package_identification:_identify(vjepa_visual_localization/outputs/warehouse_latent_predictions/20260825T131951Z/predictions) by extension 'colcon_meta'
[0.202s] Level 1:colcon.colcon_core.package_identification:_identify(vjepa_visual_localization/outputs/warehouse_latent_predictions/20260825T131951Z/predictions) by extensions ['ros']
[0.202s] Level 1:colcon.colcon_core.package_identification:_identify(vjepa_visual_localization/outputs/warehouse_latent_predictions/20260825T131951Z/predictions) by extension 'ros'
[0.202s] Level 1:colcon.colcon_core.package_identification:_identify(vjepa_visual_localization/outputs/warehouse_latent_predictions/20260825T131951Z/predictions) by extensions ['cmake', 'python']
[0.202s] Level 1:colcon.colcon_core.package_identification:_identify(vjepa_visual_localization/outputs/warehouse_latent_predictions/20260825T131951Z/predictions) by extension 'cmake'
[0.202s] Level 1:colcon.colcon_core.package_identification:_identify(vjepa_visual_localization/outputs/warehouse_latent_predictions/20260825T131951Z/predictions) by extension 'python'
[0.202s] Level 1:colcon.colcon_core.package_identification:_identify(vjepa_visual_localization/outputs/warehouse_latent_predictions/20260825T131951Z/predictions) by extensions ['python_setup_py']
[0.202s] Level 1:colcon.colcon_core.package_identification:_identify(vjepa_visual_localization/outputs/warehouse_latent_predictions/20260825T131951Z/predictions) by extension 'python_setup_py'
[0.202s] Level 1:colcon.colcon_core.package_identification:_identify(vjepa_visual_localization/outputs/warehouse_latent_predictions/20260825T132213Z) by extensions ['ignore', 'ignore_ament_install']
[0.202s] Level 1:colcon.colcon_core.package_identification:_identify(vjepa_visual_localization/outputs/warehouse_latent_predictions/20260825T132213Z) by extension 'ignore'
[0.202s] Level 1:colcon.colcon_core.package_identification:_identify(vjepa_visual_localization/outputs/warehouse_latent_predictions/20260825T132213Z) by extension 'ignore_ament_install'
[0.202s] Level 1:colcon.colcon_core.package_identification:_identify(vjepa_visual_localization/outputs/warehouse_latent_predictions/20260825T132213Z) by extensions ['colcon_pkg']
[0.202s] Level 1:colcon.colcon_core.package_identification:_identify(vjepa_visual_localization/outputs/warehouse_latent_predictions/20260825T132213Z) by extension 'colcon_pkg'
[0.202s] Level 1:colcon.colcon_core.package_identification:_identify(vjepa_visual_localization/outputs/warehouse_latent_predictions/20260825T132213Z) by extensions ['colcon_meta']
[0.202s] Level 1:colcon.colcon_core.package_identification:_identify(vjepa_visual_localization/outputs/warehouse_latent_predictions/20260825T132213Z) by extension 'colcon_meta'
[0.203s] Level 1:colcon.colcon_core.package_identification:_identify(vjepa_visual_localization/outputs/warehouse_latent_predictions/20260825T132213Z) by extensions ['ros']
[0.203s] Level 1:colcon.colcon_core.package_identification:_identify(vjepa_visual_localization/outputs/warehouse_latent_predictions/20260825T132213Z) by extension 'ros'
[0.203s] Level 1:colcon.colcon_core.package_identification:_identify(vjepa_visual_localization/outputs/warehouse_latent_predictions/20260825T132213Z) by extensions ['cmake', 'python']
[0.203s] Level 1:colcon.colcon_core.package_identification:_identify(vjepa_visual_localization/outputs/warehouse_latent_predictions/20260825T132213Z) by extension 'cmake'
[0.203s] Level 1:colcon.colcon_core.package_identification:_identify(vjepa_visual_localization/outputs/warehouse_latent_predictions/20260825T132213Z) by extension 'python'
[0.203s] Level 1:colcon.colcon_core.package_identification:_identify(vjepa_visual_localization/outputs/warehouse_latent_predictions/20260825T132213Z) by extensions ['python_setup_py']
[0.203s] Level 1:colcon.colcon_core.package_identification:_identify(vjepa_visual_localization/outputs/warehouse_latent_predictions/20260825T132213Z) by extension 'python_setup_py'
[0.203s] Level 1:colcon.colcon_core.package_identification:_identify(vjepa_visual_localization/outputs/warehouse_latent_predictions/20260825T132213Z/behavior_visualizations) by extensions ['ignore', 'ignore_ament_install']
[0.203s] Level 1:colcon.colcon_core.package_identification:_identify(vjepa_visual_localization/outputs/warehouse_latent_predictions/20260825T132213Z/behavior_visualizations) by extension 'ignore'
[0.203s] Level 1:colcon.colcon_core.package_identification:_identify(vjepa_visual_localization/outputs/warehouse_latent_predictions/20260825T132213Z/behavior_visualizations) by extension 'ignore_ament_install'
[0.203s] Level 1:colcon.colcon_core.package_identification:_identify(vjepa_visual_localization/outputs/warehouse_latent_predictions/20260825T132213Z/behavior_visualizations) by extensions ['colcon_pkg']
[0.203s] Level 1:colcon.colcon_core.package_identification:_identify(vjepa_visual_localization/outputs/warehouse_latent_predictions/20260825T132213Z/behavior_visualizations) by extension 'colcon_pkg'
[0.203s] Level 1:colcon.colcon_core.package_identification:_identify(vjepa_visual_localization/outputs/warehouse_latent_predictions/20260825T132213Z/behavior_visualizations) by extensions ['colcon_meta']
[0.203s] Level 1:colcon.colcon_core.package_identification:_identify(vjepa_visual_localization/outputs/warehouse_latent_predictions/20260825T132213Z/behavior_visualizations) by extension 'colcon_meta'
[0.203s] Level 1:colcon.colcon_core.package_identification:_identify(vjepa_visual_localization/outputs/warehouse_latent_predictions/20260825T132213Z/behavior_visualizations) by extensions ['ros']
[0.203s] Level 1:colcon.colcon_core.package_identification:_identify(vjepa_visual_localization/outputs/warehouse_latent_predictions/20260825T132213Z/behavior_visualizations) by extension 'ros'
[0.203s] Level 1:colcon.colcon_core.package_identification:_identify(vjepa_visual_localization/outputs/warehouse_latent_predictions/20260825T132213Z/behavior_visualizations) by extensions ['cmake', 'python']
[0.203s] Level 1:colcon.colcon_core.package_identification:_identify(vjepa_visual_localization/outputs/warehouse_latent_predictions/20260825T132213Z/behavior_visualizations) by extension 'cmake'
[0.203s] Level 1:colcon.colcon_core.package_identification:_identify(vjepa_visual_localization/outputs/warehouse_latent_predictions/20260825T132213Z/behavior_visualizations) by extension 'python'
[0.203s] Level 1:colcon.colcon_core.package_identification:_identify(vjepa_visual_localization/outputs/warehouse_latent_predictions/20260825T132213Z/behavior_visualizations) by extensions ['python_setup_py']
[0.203s] Level 1:colcon.colcon_core.package_identification:_identify(vjepa_visual_localization/outputs/warehouse_latent_predictions/20260825T132213Z/behavior_visualizations) by extension 'python_setup_py'
[0.203s] Level 1:colcon.colcon_core.package_identification:_identify(vjepa_visual_localization/outputs/warehouse_latent_predictions/20260825T132213Z/frames) by extensions ['ignore', 'ignore_ament_install']
[0.203s] Level 1:colcon.colcon_core.package_identification:_identify(vjepa_visual_localization/outputs/warehouse_latent_predictions/20260825T132213Z/frames) by extension 'ignore'
[0.203s] Level 1:colcon.colcon_core.package_identification:_identify(vjepa_visual_localization/outputs/warehouse_latent_predictions/20260825T132213Z/frames) by extension 'ignore_ament_install'
[0.203s] Level 1:colcon.colcon_core.package_identification:_identify(vjepa_visual_localization/outputs/warehouse_latent_predictions/20260825T132213Z/frames) by extensions ['colcon_pkg']
[0.203s] Level 1:colcon.colcon_core.package_identification:_identify(vjepa_visual_localization/outputs/warehouse_latent_predictions/20260825T132213Z/frames) by extension 'colcon_pkg'
[0.203s] Level 1:colcon.colcon_core.package_identification:_identify(vjepa_visual_localization/outputs/warehouse_latent_predictions/20260825T132213Z/frames) by extensions ['colcon_meta']
[0.203s] Level 1:colcon.colcon_core.package_identification:_identify(vjepa_visual_localization/outputs/warehouse_latent_predictions/20260825T132213Z/frames) by extension 'colcon_meta'
[0.203s] Level 1:colcon.colcon_core.package_identification:_identify(vjepa_visual_localization/outputs/warehouse_latent_predictions/20260825T132213Z/frames) by extensions ['ros']
[0.203s] Level 1:colcon.colcon_core.package_identification:_identify(vjepa_visual_localization/outputs/warehouse_latent_predictions/20260825T132213Z/frames) by extension 'ros'
[0.203s] Level 1:colcon.colcon_core.package_identification:_identify(vjepa_visual_localization/outputs/warehouse_latent_predictions/20260825T132213Z/frames) by extensions ['cmake', 'python']
[0.203s] Level 1:colcon.colcon_core.package_identification:_identify(vjepa_visual_localization/outputs/warehouse_latent_predictions/20260825T132213Z/frames) by extension 'cmake'
[0.203s] Level 1:colcon.colcon_core.package_identification:_identify(vjepa_visual_localization/outputs/warehouse_latent_predictions/20260825T132213Z/frames) by extension 'python'
[0.203s] Level 1:colcon.colcon_core.package_identification:_identify(vjepa_visual_localization/outputs/warehouse_latent_predictions/20260825T132213Z/frames) by extensions ['python_setup_py']
[0.204s] Level 1:colcon.colcon_core.package_identification:_identify(vjepa_visual_localization/outputs/warehouse_latent_predictions/20260825T132213Z/frames) by extension 'python_setup_py'
[0.204s] Level 1:colcon.colcon_core.package_identification:_identify(vjepa_visual_localization/outputs/warehouse_latent_predictions/20260825T132213Z/latents) by extensions ['ignore', 'ignore_ament_install']
[0.204s] Level 1:colcon.colcon_core.package_identification:_identify(vjepa_visual_localization/outputs/warehouse_latent_predictions/20260825T132213Z/latents) by extension 'ignore'
[0.204s] Level 1:colcon.colcon_core.package_identification:_identify(vjepa_visual_localization/outputs/warehouse_latent_predictions/20260825T132213Z/latents) by extension 'ignore_ament_install'
[0.204s] Level 1:colcon.colcon_core.package_identification:_identify(vjepa_visual_localization/outputs/warehouse_latent_predictions/20260825T132213Z/latents) by extensions ['colcon_pkg']
[0.204s] Level 1:colcon.colcon_core.package_identification:_identify(vjepa_visual_localization/outputs/warehouse_latent_predictions/20260825T132213Z/latents) by extension 'colcon_pkg'
[0.204s] Level 1:colcon.colcon_core.package_identification:_identify(vjepa_visual_localization/outputs/warehouse_latent_predictions/20260825T132213Z/latents) by extensions ['colcon_meta']
[0.204s] Level 1:colcon.colcon_core.package_identification:_identify(vjepa_visual_localization/outputs/warehouse_latent_predictions/20260825T132213Z/latents) by extension 'colcon_meta'
[0.204s] Level 1:colcon.colcon_core.package_identification:_identify(vjepa_visual_localization/outputs/warehouse_latent_predictions/20260825T132213Z/latents) by extensions ['ros']
[0.204s] Level 1:colcon.colcon_core.package_identification:_identify(vjepa_visual_localization/outputs/warehouse_latent_predictions/20260825T132213Z/latents) by extension 'ros'
[0.204s] Level 1:colcon.colcon_core.package_identification:_identify(vjepa_visual_localization/outputs/warehouse_latent_predictions/20260825T132213Z/latents) by extensions ['cmake', 'python']
[0.204s] Level 1:colcon.colcon_core.package_identification:_identify(vjepa_visual_localization/outputs/warehouse_latent_predictions/20260825T132213Z/latents) by extension 'cmake'
[0.204s] Level 1:colcon.colcon_core.package_identification:_identify(vjepa_visual_localization/outputs/warehouse_latent_predictions/20260825T132213Z/latents) by extension 'python'
[0.204s] Level 1:colcon.colcon_core.package_identification:_identify(vjepa_visual_localization/outputs/warehouse_latent_predictions/20260825T132213Z/latents) by extensions ['python_setup_py']
[0.204s] Level 1:colcon.colcon_core.package_identification:_identify(vjepa_visual_localization/outputs/warehouse_latent_predictions/20260825T132213Z/latents) by extension 'python_setup_py'
[0.204s] Level 1:colcon.colcon_core.package_identification:_identify(vjepa_visual_localization/outputs/warehouse_latent_predictions/20260825T132213Z/predictions) by extensions ['ignore', 'ignore_ament_install']
[0.204s] Level 1:colcon.colcon_core.package_identification:_identify(vjepa_visual_localization/outputs/warehouse_latent_predictions/20260825T132213Z/predictions) by extension 'ignore'
[0.204s] Level 1:colcon.colcon_core.package_identification:_identify(vjepa_visual_localization/outputs/warehouse_latent_predictions/20260825T132213Z/predictions) by extension 'ignore_ament_install'
[0.204s] Level 1:colcon.colcon_core.package_identification:_identify(vjepa_visual_localization/outputs/warehouse_latent_predictions/20260825T132213Z/predictions) by extensions ['colcon_pkg']
[0.204s] Level 1:colcon.colcon_core.package_identification:_identify(vjepa_visual_localization/outputs/warehouse_latent_predictions/20260825T132213Z/predictions) by extension 'colcon_pkg'
[0.205s] Level 1:colcon.colcon_core.package_identification:_identify(vjepa_visual_localization/outputs/warehouse_latent_predictions/20260825T132213Z/predictions) by extensions ['colcon_meta']
[0.205s] Level 1:colcon.colcon_core.package_identification:_identify(vjepa_visual_localization/outputs/warehouse_latent_predictions/20260825T132213Z/predictions) by extension 'colcon_meta'
[0.205s] Level 1:colcon.colcon_core.package_identification:_identify(vjepa_visual_localization/outputs/warehouse_latent_predictions/20260825T132213Z/predictions) by extensions ['ros']
[0.205s] Level 1:colcon.colcon_core.package_identification:_identify(vjepa_visual_localization/outputs/warehouse_latent_predictions/20260825T132213Z/predictions) by extension 'ros'
[0.205s] Level 1:colcon.colcon_core.package_identification:_identify(vjepa_visual_localization/outputs/warehouse_latent_predictions/20260825T132213Z/predictions) by extensions ['cmake', 'python']
[0.205s] Level 1:colcon.colcon_core.package_identification:_identify(vjepa_visual_localization/outputs/warehouse_latent_predictions/20260825T132213Z/predictions) by extension 'cmake'
[0.205s] Level 1:colcon.colcon_core.package_identification:_identify(vjepa_visual_localization/outputs/warehouse_latent_predictions/20260825T132213Z/predictions) by extension 'python'
[0.205s] Level 1:colcon.colcon_core.package_identification:_identify(vjepa_visual_localization/outputs/warehouse_latent_predictions/20260825T132213Z/predictions) by extensions ['python_setup_py']
[0.205s] Level 1:colcon.colcon_core.package_identification:_identify(vjepa_visual_localization/outputs/warehouse_latent_predictions/20260825T132213Z/predictions) by extension 'python_setup_py'
[0.205s] Level 1:colcon.colcon_core.package_identification:_identify(vjepa_visual_localization/outputs/warehouse_latent_predictions/20260825T132540Z) by extensions ['ignore', 'ignore_ament_install']
[0.205s] Level 1:colcon.colcon_core.package_identification:_identify(vjepa_visual_localization/outputs/warehouse_latent_predictions/20260825T132540Z) by extension 'ignore'
[0.205s] Level 1:colcon.colcon_core.package_identification:_identify(vjepa_visual_localization/outputs/warehouse_latent_predictions/20260825T132540Z) by extension 'ignore_ament_install'
[0.205s] Level 1:colcon.colcon_core.package_identification:_identify(vjepa_visual_localization/outputs/warehouse_latent_predictions/20260825T132540Z) by extensions ['colcon_pkg']
[0.205s] Level 1:colcon.colcon_core.package_identification:_identify(vjepa_visual_localization/outputs/warehouse_latent_predictions/20260825T132540Z) by extension 'colcon_pkg'
[0.205s] Level 1:colcon.colcon_core.package_identification:_identify(vjepa_visual_localization/outputs/warehouse_latent_predictions/20260825T132540Z) by extensions ['colcon_meta']
[0.205s] Level 1:colcon.colcon_core.package_identification:_identify(vjepa_visual_localization/outputs/warehouse_latent_predictions/20260825T132540Z) by extension 'colcon_meta'
[0.205s] Level 1:colcon.colcon_core.package_identification:_identify(vjepa_visual_localization/outputs/warehouse_latent_predictions/20260825T132540Z) by extensions ['ros']
[0.205s] Level 1:colcon.colcon_core.package_identification:_identify(vjepa_visual_localization/outputs/warehouse_latent_predictions/20260825T132540Z) by extension 'ros'
[0.205s] Level 1:colcon.colcon_core.package_identification:_identify(vjepa_visual_localization/outputs/warehouse_latent_predictions/20260825T132540Z) by extensions ['cmake', 'python']
[0.205s] Level 1:colcon.colcon_core.package_identification:_identify(vjepa_visual_localization/outputs/warehouse_latent_predictions/20260825T132540Z) by extension 'cmake'
[0.205s] Level 1:colcon.colcon_core.package_identification:_identify(vjepa_visual_localization/outputs/warehouse_latent_predictions/20260825T132540Z) by extension 'python'
[0.205s] Level 1:colcon.colcon_core.package_identification:_identify(vjepa_visual_localization/outputs/warehouse_latent_predictions/20260825T132540Z) by extensions ['python_setup_py']
[0.205s] Level 1:colcon.colcon_core.package_identification:_identify(vjepa_visual_localization/outputs/warehouse_latent_predictions/20260825T132540Z) by extension 'python_setup_py'
[0.205s] Level 1:colcon.colcon_core.package_identification:_identify(vjepa_visual_localization/outputs/warehouse_latent_predictions/20260825T132540Z/behavior_visualizations) by extensions ['ignore', 'ignore_ament_install']
[0.205s] Level 1:colcon.colcon_core.package_identification:_identify(vjepa_visual_localization/outputs/warehouse_latent_predictions/20260825T132540Z/behavior_visualizations) by extension 'ignore'
[0.205s] Level 1:colcon.colcon_core.package_identification:_identify(vjepa_visual_localization/outputs/warehouse_latent_predictions/20260825T132540Z/behavior_visualizations) by extension 'ignore_ament_install'
[0.205s] Level 1:colcon.colcon_core.package_identification:_identify(vjepa_visual_localization/outputs/warehouse_latent_predictions/20260825T132540Z/behavior_visualizations) by extensions ['colcon_pkg']
[0.205s] Level 1:colcon.colcon_core.package_identification:_identify(vjepa_visual_localization/outputs/warehouse_latent_predictions/20260825T132540Z/behavior_visualizations) by extension 'colcon_pkg'
[0.205s] Level 1:colcon.colcon_core.package_identification:_identify(vjepa_visual_localization/outputs/warehouse_latent_predictions/20260825T132540Z/behavior_visualizations) by extensions ['colcon_meta']
[0.205s] Level 1:colcon.colcon_core.package_identification:_identify(vjepa_visual_localization/outputs/warehouse_latent_predictions/20260825T132540Z/behavior_visualizations) by extension 'colcon_meta'
[0.205s] Level 1:colcon.colcon_core.package_identification:_identify(vjepa_visual_localization/outputs/warehouse_latent_predictions/20260825T132540Z/behavior_visualizations) by extensions ['ros']
[0.205s] Level 1:colcon.colcon_core.package_identification:_identify(vjepa_visual_localization/outputs/warehouse_latent_predictions/20260825T132540Z/behavior_visualizations) by extension 'ros'
[0.205s] Level 1:colcon.colcon_core.package_identification:_identify(vjepa_visual_localization/outputs/warehouse_latent_predictions/20260825T132540Z/behavior_visualizations) by extensions ['cmake', 'python']
[0.205s] Level 1:colcon.colcon_core.package_identification:_identify(vjepa_visual_localization/outputs/warehouse_latent_predictions/20260825T132540Z/behavior_visualizations) by extension 'cmake'
[0.205s] Level 1:colcon.colcon_core.package_identification:_identify(vjepa_visual_localization/outputs/warehouse_latent_predictions/20260825T132540Z/behavior_visualizations) by extension 'python'
[0.205s] Level 1:colcon.colcon_core.package_identification:_identify(vjepa_visual_localization/outputs/warehouse_latent_predictions/20260825T132540Z/behavior_visualizations) by extensions ['python_setup_py']
[0.205s] Level 1:colcon.colcon_core.package_identification:_identify(vjepa_visual_localization/outputs/warehouse_latent_predictions/20260825T132540Z/behavior_visualizations) by extension 'python_setup_py'
[0.206s] Level 1:colcon.colcon_core.package_identification:_identify(vjepa_visual_localization/outputs/warehouse_latent_predictions/20260825T132540Z/frames) by extensions ['ignore', 'ignore_ament_install']
[0.206s] Level 1:colcon.colcon_core.package_identification:_identify(vjepa_visual_localization/outputs/warehouse_latent_predictions/20260825T132540Z/frames) by extension 'ignore'
[0.206s] Level 1:colcon.colcon_core.package_identification:_identify(vjepa_visual_localization/outputs/warehouse_latent_predictions/20260825T132540Z/frames) by extension 'ignore_ament_install'
[0.206s] Level 1:colcon.colcon_core.package_identification:_identify(vjepa_visual_localization/outputs/warehouse_latent_predictions/20260825T132540Z/frames) by extensions ['colcon_pkg']
[0.206s] Level 1:colcon.colcon_core.package_identification:_identify(vjepa_visual_localization/outputs/warehouse_latent_predictions/20260825T132540Z/frames) by extension 'colcon_pkg'
[0.206s] Level 1:colcon.colcon_core.package_identification:_identify(vjepa_visual_localization/outputs/warehouse_latent_predictions/20260825T132540Z/frames) by extensions ['colcon_meta']
[0.206s] Level 1:colcon.colcon_core.package_identification:_identify(vjepa_visual_localization/outputs/warehouse_latent_predictions/20260825T132540Z/frames) by extension 'colcon_meta'
[0.206s] Level 1:colcon.colcon_core.package_identification:_identify(vjepa_visual_localization/outputs/warehouse_latent_predictions/20260825T132540Z/frames) by extensions ['ros']
[0.206s] Level 1:colcon.colcon_core.package_identification:_identify(vjepa_visual_localization/outputs/warehouse_latent_predictions/20260825T132540Z/frames) by extension 'ros'
[0.206s] Level 1:colcon.colcon_core.package_identification:_identify(vjepa_visual_localization/outputs/warehouse_latent_predictions/20260825T132540Z/frames) by extensions ['cmake', 'python']
[0.206s] Level 1:colcon.colcon_core.package_identification:_identify(vjepa_visual_localization/outputs/warehouse_latent_predictions/20260825T132540Z/frames) by extension 'cmake'
[0.206s] Level 1:colcon.colcon_core.package_identification:_identify(vjepa_visual_localization/outputs/warehouse_latent_predictions/20260825T132540Z/frames) by extension 'python'
[0.206s] Level 1:colcon.colcon_core.package_identification:_identify(vjepa_visual_localization/outputs/warehouse_latent_predictions/20260825T132540Z/frames) by extensions ['python_setup_py']
[0.206s] Level 1:colcon.colcon_core.package_identification:_identify(vjepa_visual_localization/outputs/warehouse_latent_predictions/20260825T132540Z/frames) by extension 'python_setup_py'
[0.206s] Level 1:colcon.colcon_core.package_identification:_identify(vjepa_visual_localization/outputs/warehouse_latent_predictions/20260825T132540Z/latents) by extensions ['ignore', 'ignore_ament_install']
[0.206s] Level 1:colcon.colcon_core.package_identification:_identify(vjepa_visual_localization/outputs/warehouse_latent_predictions/20260825T132540Z/latents) by extension 'ignore'
[0.206s] Level 1:colcon.colcon_core.package_identification:_identify(vjepa_visual_localization/outputs/warehouse_latent_predictions/20260825T132540Z/latents) by extension 'ignore_ament_install'
[0.206s] Level 1:colcon.colcon_core.package_identification:_identify(vjepa_visual_localization/outputs/warehouse_latent_predictions/20260825T132540Z/latents) by extensions ['colcon_pkg']
[0.206s] Level 1:colcon.colcon_core.package_identification:_identify(vjepa_visual_localization/outputs/warehouse_latent_predictions/20260825T132540Z/latents) by extension 'colcon_pkg'
[0.206s] Level 1:colcon.colcon_core.package_identification:_identify(vjepa_visual_localization/outputs/warehouse_latent_predictions/20260825T132540Z/latents) by extensions ['colcon_meta']
[0.206s] Level 1:colcon.colcon_core.package_identification:_identify(vjepa_visual_localization/outputs/warehouse_latent_predictions/20260825T132540Z/latents) by extension 'colcon_meta'
[0.206s] Level 1:colcon.colcon_core.package_identification:_identify(vjepa_visual_localization/outputs/warehouse_latent_predictions/20260825T132540Z/latents) by extensions ['ros']
[0.206s] Level 1:colcon.colcon_core.package_identification:_identify(vjepa_visual_localization/outputs/warehouse_latent_predictions/20260825T132540Z/latents) by extension 'ros'
[0.206s] Level 1:colcon.colcon_core.package_identification:_identify(vjepa_visual_localization/outputs/warehouse_latent_predictions/20260825T132540Z/latents) by extensions ['cmake', 'python']
[0.206s] Level 1:colcon.colcon_core.package_identification:_identify(vjepa_visual_localization/outputs/warehouse_latent_predictions/20260825T132540Z/latents) by extension 'cmake'
[0.206s] Level 1:colcon.colcon_core.package_identification:_identify(vjepa_visual_localization/outputs/warehouse_latent_predictions/20260825T132540Z/latents) by extension 'python'
[0.206s] Level 1:colcon.colcon_core.package_identification:_identify(vjepa_visual_localization/outputs/warehouse_latent_predictions/20260825T132540Z/latents) by extensions ['python_setup_py']
[0.206s] Level 1:colcon.colcon_core.package_identification:_identify(vjepa_visual_localization/outputs/warehouse_latent_predictions/20260825T132540Z/latents) by extension 'python_setup_py'
[0.207s] Level 1:colcon.colcon_core.package_identification:_identify(vjepa_visual_localization/outputs/warehouse_latent_predictions/20260825T132540Z/predictions) by extensions ['ignore', 'ignore_ament_install']
[0.207s] Level 1:colcon.colcon_core.package_identification:_identify(vjepa_visual_localization/outputs/warehouse_latent_predictions/20260825T132540Z/predictions) by extension 'ignore'
[0.207s] Level 1:colcon.colcon_core.package_identification:_identify(vjepa_visual_localization/outputs/warehouse_latent_predictions/20260825T132540Z/predictions) by extension 'ignore_ament_install'
[0.207s] Level 1:colcon.colcon_core.package_identification:_identify(vjepa_visual_localization/outputs/warehouse_latent_predictions/20260825T132540Z/predictions) by extensions ['colcon_pkg']
[0.207s] Level 1:colcon.colcon_core.package_identification:_identify(vjepa_visual_localization/outputs/warehouse_latent_predictions/20260825T132540Z/predictions) by extension 'colcon_pkg'
[0.207s] Level 1:colcon.colcon_core.package_identification:_identify(vjepa_visual_localization/outputs/warehouse_latent_predictions/20260825T132540Z/predictions) by extensions ['colcon_meta']
[0.207s] Level 1:colcon.colcon_core.package_identification:_identify(vjepa_visual_localization/outputs/warehouse_latent_predictions/20260825T132540Z/predictions) by extension 'colcon_meta'
[0.207s] Level 1:colcon.colcon_core.package_identification:_identify(vjepa_visual_localization/outputs/warehouse_latent_predictions/20260825T132540Z/predictions) by extensions ['ros']
[0.207s] Level 1:colcon.colcon_core.package_identification:_identify(vjepa_visual_localization/outputs/warehouse_latent_predictions/20260825T132540Z/predictions) by extension 'ros'
[0.207s] Level 1:colcon.colcon_core.package_identification:_identify(vjepa_visual_localization/outputs/warehouse_latent_predictions/20260825T132540Z/predictions) by extensions ['cmake', 'python']
[0.207s] Level 1:colcon.colcon_core.package_identification:_identify(vjepa_visual_localization/outputs/warehouse_latent_predictions/20260825T132540Z/predictions) by extension 'cmake'
[0.207s] Level 1:colcon.colcon_core.package_identification:_identify(vjepa_visual_localization/outputs/warehouse_latent_predictions/20260825T132540Z/predictions) by extension 'python'
[0.207s] Level 1:colcon.colcon_core.package_identification:_identify(vjepa_visual_localization/outputs/warehouse_latent_predictions/20260825T132540Z/predictions) by extensions ['python_setup_py']
[0.207s] Level 1:colcon.colcon_core.package_identification:_identify(vjepa_visual_localization/outputs/warehouse_latent_predictions/20260825T132540Z/predictions) by extension 'python_setup_py'
[0.207s] Level 1:colcon.colcon_core.package_identification:_identify(vjepa_visual_localization/outputs/warehouse_latent_predictions/20260825T132855Z) by extensions ['ignore', 'ignore_ament_install']
[0.207s] Level 1:colcon.colcon_core.package_identification:_identify(vjepa_visual_localization/outputs/warehouse_latent_predictions/20260825T132855Z) by extension 'ignore'
[0.207s] Level 1:colcon.colcon_core.package_identification:_identify(vjepa_visual_localization/outputs/warehouse_latent_predictions/20260825T132855Z) by extension 'ignore_ament_install'
[0.207s] Level 1:colcon.colcon_core.package_identification:_identify(vjepa_visual_localization/outputs/warehouse_latent_predictions/20260825T132855Z) by extensions ['colcon_pkg']
[0.207s] Level 1:colcon.colcon_core.package_identification:_identify(vjepa_visual_localization/outputs/warehouse_latent_predictions/20260825T132855Z) by extension 'colcon_pkg'
[0.207s] Level 1:colcon.colcon_core.package_identification:_identify(vjepa_visual_localization/outputs/warehouse_latent_predictions/20260825T132855Z) by extensions ['colcon_meta']
[0.207s] Level 1:colcon.colcon_core.package_identification:_identify(vjepa_visual_localization/outputs/warehouse_latent_predictions/20260825T132855Z) by extension 'colcon_meta'
[0.207s] Level 1:colcon.colcon_core.package_identification:_identify(vjepa_visual_localization/outputs/warehouse_latent_predictions/20260825T132855Z) by extensions ['ros']
[0.207s] Level 1:colcon.colcon_core.package_identification:_identify(vjepa_visual_localization/outputs/warehouse_latent_predictions/20260825T132855Z) by extension 'ros'
[0.207s] Level 1:colcon.colcon_core.package_identification:_identify(vjepa_visual_localization/outputs/warehouse_latent_predictions/20260825T132855Z) by extensions ['cmake', 'python']
[0.207s] Level 1:colcon.colcon_core.package_identification:_identify(vjepa_visual_localization/outputs/warehouse_latent_predictions/20260825T132855Z) by extension 'cmake'
[0.207s] Level 1:colcon.colcon_core.package_identification:_identify(vjepa_visual_localization/outputs/warehouse_latent_predictions/20260825T132855Z) by extension 'python'
[0.207s] Level 1:colcon.colcon_core.package_identification:_identify(vjepa_visual_localization/outputs/warehouse_latent_predictions/20260825T132855Z) by extensions ['python_setup_py']
[0.207s] Level 1:colcon.colcon_core.package_identification:_identify(vjepa_visual_localization/outputs/warehouse_latent_predictions/20260825T132855Z) by extension 'python_setup_py'
[0.207s] Level 1:colcon.colcon_core.package_identification:_identify(vjepa_visual_localization/outputs/warehouse_latent_predictions/20260825T132855Z/behavior_visualizations) by extensions ['ignore', 'ignore_ament_install']
[0.207s] Level 1:colcon.colcon_core.package_identification:_identify(vjepa_visual_localization/outputs/warehouse_latent_predictions/20260825T132855Z/behavior_visualizations) by extension 'ignore'
[0.208s] Level 1:colcon.colcon_core.package_identification:_identify(vjepa_visual_localization/outputs/warehouse_latent_predictions/20260825T132855Z/behavior_visualizations) by extension 'ignore_ament_install'
[0.208s] Level 1:colcon.colcon_core.package_identification:_identify(vjepa_visual_localization/outputs/warehouse_latent_predictions/20260825T132855Z/behavior_visualizations) by extensions ['colcon_pkg']
[0.208s] Level 1:colcon.colcon_core.package_identification:_identify(vjepa_visual_localization/outputs/warehouse_latent_predictions/20260825T132855Z/behavior_visualizations) by extension 'colcon_pkg'
[0.208s] Level 1:colcon.colcon_core.package_identification:_identify(vjepa_visual_localization/outputs/warehouse_latent_predictions/20260825T132855Z/behavior_visualizations) by extensions ['colcon_meta']
[0.208s] Level 1:colcon.colcon_core.package_identification:_identify(vjepa_visual_localization/outputs/warehouse_latent_predictions/20260825T132855Z/behavior_visualizations) by extension 'colcon_meta'
[0.208s] Level 1:colcon.colcon_core.package_identification:_identify(vjepa_visual_localization/outputs/warehouse_latent_predictions/20260825T132855Z/behavior_visualizations) by extensions ['ros']
[0.208s] Level 1:colcon.colcon_core.package_identification:_identify(vjepa_visual_localization/outputs/warehouse_latent_predictions/20260825T132855Z/behavior_visualizations) by extension 'ros'
[0.208s] Level 1:colcon.colcon_core.package_identification:_identify(vjepa_visual_localization/outputs/warehouse_latent_predictions/20260825T132855Z/behavior_visualizations) by extensions ['cmake', 'python']
[0.208s] Level 1:colcon.colcon_core.package_identification:_identify(vjepa_visual_localization/outputs/warehouse_latent_predictions/20260825T132855Z/behavior_visualizations) by extension 'cmake'
[0.208s] Level 1:colcon.colcon_core.package_identification:_identify(vjepa_visual_localization/outputs/warehouse_latent_predictions/20260825T132855Z/behavior_visualizations) by extension 'python'
[0.208s] Level 1:colcon.colcon_core.package_identification:_identify(vjepa_visual_localization/outputs/warehouse_latent_predictions/20260825T132855Z/behavior_visualizations) by extensions ['python_setup_py']
[0.208s] Level 1:colcon.colcon_core.package_identification:_identify(vjepa_visual_localization/outputs/warehouse_latent_predictions/20260825T132855Z/behavior_visualizations) by extension 'python_setup_py'
[0.208s] Level 1:colcon.colcon_core.package_identification:_identify(vjepa_visual_localization/outputs/warehouse_latent_predictions/20260825T132855Z/frames) by extensions ['ignore', 'ignore_ament_install']
[0.208s] Level 1:colcon.colcon_core.package_identification:_identify(vjepa_visual_localization/outputs/warehouse_latent_predictions/20260825T132855Z/frames) by extension 'ignore'
[0.208s] Level 1:colcon.colcon_core.package_identification:_identify(vjepa_visual_localization/outputs/warehouse_latent_predictions/20260825T132855Z/frames) by extension 'ignore_ament_install'
[0.208s] Level 1:colcon.colcon_core.package_identification:_identify(vjepa_visual_localization/outputs/warehouse_latent_predictions/20260825T132855Z/frames) by extensions ['colcon_pkg']
[0.208s] Level 1:colcon.colcon_core.package_identification:_identify(vjepa_visual_localization/outputs/warehouse_latent_predictions/20260825T132855Z/frames) by extension 'colcon_pkg'
[0.208s] Level 1:colcon.colcon_core.package_identification:_identify(vjepa_visual_localization/outputs/warehouse_latent_predictions/20260825T132855Z/frames) by extensions ['colcon_meta']
[0.208s] Level 1:colcon.colcon_core.package_identification:_identify(vjepa_visual_localization/outputs/warehouse_latent_predictions/20260825T132855Z/frames) by extension 'colcon_meta'
[0.208s] Level 1:colcon.colcon_core.package_identification:_identify(vjepa_visual_localization/outputs/warehouse_latent_predictions/20260825T132855Z/frames) by extensions ['ros']
[0.208s] Level 1:colcon.colcon_core.package_identification:_identify(vjepa_visual_localization/outputs/warehouse_latent_predictions/20260825T132855Z/frames) by extension 'ros'
[0.208s] Level 1:colcon.colcon_core.package_identification:_identify(vjepa_visual_localization/outputs/warehouse_latent_predictions/20260825T132855Z/frames) by extensions ['cmake', 'python']
[0.208s] Level 1:colcon.colcon_core.package_identification:_identify(vjepa_visual_localization/outputs/warehouse_latent_predictions/20260825T132855Z/frames) by extension 'cmake'
[0.208s] Level 1:colcon.colcon_core.package_identification:_identify(vjepa_visual_localization/outputs/warehouse_latent_predictions/20260825T132855Z/frames) by extension 'python'
[0.208s] Level 1:colcon.colcon_core.package_identification:_identify(vjepa_visual_localization/outputs/warehouse_latent_predictions/20260825T132855Z/frames) by extensions ['python_setup_py']
[0.208s] Level 1:colcon.colcon_core.package_identification:_identify(vjepa_visual_localization/outputs/warehouse_latent_predictions/20260825T132855Z/frames) by extension 'python_setup_py'
[0.208s] Level 1:colcon.colcon_core.package_identification:_identify(vjepa_visual_localization/outputs/warehouse_latent_predictions/20260825T132855Z/latents) by extensions ['ignore', 'ignore_ament_install']
[0.208s] Level 1:colcon.colcon_core.package_identification:_identify(vjepa_visual_localization/outputs/warehouse_latent_predictions/20260825T132855Z/latents) by extension 'ignore'
[0.208s] Level 1:colcon.colcon_core.package_identification:_identify(vjepa_visual_localization/outputs/warehouse_latent_predictions/20260825T132855Z/latents) by extension 'ignore_ament_install'
[0.208s] Level 1:colcon.colcon_core.package_identification:_identify(vjepa_visual_localization/outputs/warehouse_latent_predictions/20260825T132855Z/latents) by extensions ['colcon_pkg']
[0.208s] Level 1:colcon.colcon_core.package_identification:_identify(vjepa_visual_localization/outputs/warehouse_latent_predictions/20260825T132855Z/latents) by extension 'colcon_pkg'
[0.209s] Level 1:colcon.colcon_core.package_identification:_identify(vjepa_visual_localization/outputs/warehouse_latent_predictions/20260825T132855Z/latents) by extensions ['colcon_meta']
[0.209s] Level 1:colcon.colcon_core.package_identification:_identify(vjepa_visual_localization/outputs/warehouse_latent_predictions/20260825T132855Z/latents) by extension 'colcon_meta'
[0.209s] Level 1:colcon.colcon_core.package_identification:_identify(vjepa_visual_localization/outputs/warehouse_latent_predictions/20260825T132855Z/latents) by extensions ['ros']
[0.209s] Level 1:colcon.colcon_core.package_identification:_identify(vjepa_visual_localization/outputs/warehouse_latent_predictions/20260825T132855Z/latents) by extension 'ros'
[0.209s] Level 1:colcon.colcon_core.package_identification:_identify(vjepa_visual_localization/outputs/warehouse_latent_predictions/20260825T132855Z/latents) by extensions ['cmake', 'python']
[0.209s] Level 1:colcon.colcon_core.package_identification:_identify(vjepa_visual_localization/outputs/warehouse_latent_predictions/20260825T132855Z/latents) by extension 'cmake'
[0.209s] Level 1:colcon.colcon_core.package_identification:_identify(vjepa_visual_localization/outputs/warehouse_latent_predictions/20260825T132855Z/latents) by extension 'python'
[0.209s] Level 1:colcon.colcon_core.package_identification:_identify(vjepa_visual_localization/outputs/warehouse_latent_predictions/20260825T132855Z/latents) by extensions ['python_setup_py']
[0.209s] Level 1:colcon.colcon_core.package_identification:_identify(vjepa_visual_localization/outputs/warehouse_latent_predictions/20260825T132855Z/latents) by extension 'python_setup_py'
[0.209s] Level 1:colcon.colcon_core.package_identification:_identify(vjepa_visual_localization/outputs/warehouse_latent_predictions/20260825T132855Z/predictions) by extensions ['ignore', 'ignore_ament_install']
[0.209s] Level 1:colcon.colcon_core.package_identification:_identify(vjepa_visual_localization/outputs/warehouse_latent_predictions/20260825T132855Z/predictions) by extension 'ignore'
[0.209s] Level 1:colcon.colcon_core.package_identification:_identify(vjepa_visual_localization/outputs/warehouse_latent_predictions/20260825T132855Z/predictions) by extension 'ignore_ament_install'
[0.209s] Level 1:colcon.colcon_core.package_identification:_identify(vjepa_visual_localization/outputs/warehouse_latent_predictions/20260825T132855Z/predictions) by extensions ['colcon_pkg']
[0.209s] Level 1:colcon.colcon_core.package_identification:_identify(vjepa_visual_localization/outputs/warehouse_latent_predictions/20260825T132855Z/predictions) by extension 'colcon_pkg'
[0.209s] Level 1:colcon.colcon_core.package_identification:_identify(vjepa_visual_localization/outputs/warehouse_latent_predictions/20260825T132855Z/predictions) by extensions ['colcon_meta']
[0.209s] Level 1:colcon.colcon_core.package_identification:_identify(vjepa_visual_localization/outputs/warehouse_latent_predictions/20260825T132855Z/predictions) by extension 'colcon_meta'
[0.209s] Level 1:colcon.colcon_core.package_identification:_identify(vjepa_visual_localization/outputs/warehouse_latent_predictions/20260825T132855Z/predictions) by extensions ['ros']
[0.209s] Level 1:colcon.colcon_core.package_identification:_identify(vjepa_visual_localization/outputs/warehouse_latent_predictions/20260825T132855Z/predictions) by extension 'ros'
[0.209s] Level 1:colcon.colcon_core.package_identification:_identify(vjepa_visual_localization/outputs/warehouse_latent_predictions/20260825T132855Z/predictions) by extensions ['cmake', 'python']
[0.209s] Level 1:colcon.colcon_core.package_identification:_identify(vjepa_visual_localization/outputs/warehouse_latent_predictions/20260825T132855Z/predictions) by extension 'cmake'
[0.209s] Level 1:colcon.colcon_core.package_identification:_identify(vjepa_visual_localization/outputs/warehouse_latent_predictions/20260825T132855Z/predictions) by extension 'python'
[0.209s] Level 1:colcon.colcon_core.package_identification:_identify(vjepa_visual_localization/outputs/warehouse_latent_predictions/20260825T132855Z/predictions) by extensions ['python_setup_py']
[0.209s] Level 1:colcon.colcon_core.package_identification:_identify(vjepa_visual_localization/outputs/warehouse_latent_predictions/20260825T132855Z/predictions) by extension 'python_setup_py'
[0.209s] Level 1:colcon.colcon_core.package_identification:_identify(vjepa_visual_localization/outputs/warehouse_latent_predictions/20260825T133153Z) by extensions ['ignore', 'ignore_ament_install']
[0.209s] Level 1:colcon.colcon_core.package_identification:_identify(vjepa_visual_localization/outputs/warehouse_latent_predictions/20260825T133153Z) by extension 'ignore'
[0.209s] Level 1:colcon.colcon_core.package_identification:_identify(vjepa_visual_localization/outputs/warehouse_latent_predictions/20260825T133153Z) by extension 'ignore_ament_install'
[0.210s] Level 1:colcon.colcon_core.package_identification:_identify(vjepa_visual_localization/outputs/warehouse_latent_predictions/20260825T133153Z) by extensions ['colcon_pkg']
[0.210s] Level 1:colcon.colcon_core.package_identification:_identify(vjepa_visual_localization/outputs/warehouse_latent_predictions/20260825T133153Z) by extension 'colcon_pkg'
[0.210s] Level 1:colcon.colcon_core.package_identification:_identify(vjepa_visual_localization/outputs/warehouse_latent_predictions/20260825T133153Z) by extensions ['colcon_meta']
[0.210s] Level 1:colcon.colcon_core.package_identification:_identify(vjepa_visual_localization/outputs/warehouse_latent_predictions/20260825T133153Z) by extension 'colcon_meta'
[0.210s] Level 1:colcon.colcon_core.package_identification:_identify(vjepa_visual_localization/outputs/warehouse_latent_predictions/20260825T133153Z) by extensions ['ros']
[0.210s] Level 1:colcon.colcon_core.package_identification:_identify(vjepa_visual_localization/outputs/warehouse_latent_predictions/20260825T133153Z) by extension 'ros'
[0.210s] Level 1:colcon.colcon_core.package_identification:_identify(vjepa_visual_localization/outputs/warehouse_latent_predictions/20260825T133153Z) by extensions ['cmake', 'python']
[0.210s] Level 1:colcon.colcon_core.package_identification:_identify(vjepa_visual_localization/outputs/warehouse_latent_predictions/20260825T133153Z) by extension 'cmake'
[0.210s] Level 1:colcon.colcon_core.package_identification:_identify(vjepa_visual_localization/outputs/warehouse_latent_predictions/20260825T133153Z) by extension 'python'
[0.210s] Level 1:colcon.colcon_core.package_identification:_identify(vjepa_visual_localization/outputs/warehouse_latent_predictions/20260825T133153Z) by extensions ['python_setup_py']
[0.210s] Level 1:colcon.colcon_core.package_identification:_identify(vjepa_visual_localization/outputs/warehouse_latent_predictions/20260825T133153Z) by extension 'python_setup_py'
[0.210s] Level 1:colcon.colcon_core.package_identification:_identify(vjepa_visual_localization/outputs/warehouse_latent_predictions/20260825T133153Z/behavior_visualizations) by extensions ['ignore', 'ignore_ament_install']
[0.210s] Level 1:colcon.colcon_core.package_identification:_identify(vjepa_visual_localization/outputs/warehouse_latent_predictions/20260825T133153Z/behavior_visualizations) by extension 'ignore'
[0.210s] Level 1:colcon.colcon_core.package_identification:_identify(vjepa_visual_localization/outputs/warehouse_latent_predictions/20260825T133153Z/behavior_visualizations) by extension 'ignore_ament_install'
[0.210s] Level 1:colcon.colcon_core.package_identification:_identify(vjepa_visual_localization/outputs/warehouse_latent_predictions/20260825T133153Z/behavior_visualizations) by extensions ['colcon_pkg']
[0.210s] Level 1:colcon.colcon_core.package_identification:_identify(vjepa_visual_localization/outputs/warehouse_latent_predictions/20260825T133153Z/behavior_visualizations) by extension 'colcon_pkg'
[0.210s] Level 1:colcon.colcon_core.package_identification:_identify(vjepa_visual_localization/outputs/warehouse_latent_predictions/20260825T133153Z/behavior_visualizations) by extensions ['colcon_meta']
[0.210s] Level 1:colcon.colcon_core.package_identification:_identify(vjepa_visual_localization/outputs/warehouse_latent_predictions/20260825T133153Z/behavior_visualizations) by extension 'colcon_meta'
[0.210s] Level 1:colcon.colcon_core.package_identification:_identify(vjepa_visual_localization/outputs/warehouse_latent_predictions/20260825T133153Z/behavior_visualizations) by extensions ['ros']
[0.210s] Level 1:colcon.colcon_core.package_identification:_identify(vjepa_visual_localization/outputs/warehouse_latent_predictions/20260825T133153Z/behavior_visualizations) by extension 'ros'
[0.210s] Level 1:colcon.colcon_core.package_identification:_identify(vjepa_visual_localization/outputs/warehouse_latent_predictions/20260825T133153Z/behavior_visualizations) by extensions ['cmake', 'python']
[0.210s] Level 1:colcon.colcon_core.package_identification:_identify(vjepa_visual_localization/outputs/warehouse_latent_predictions/20260825T133153Z/behavior_visualizations) by extension 'cmake'
[0.210s] Level 1:colcon.colcon_core.package_identification:_identify(vjepa_visual_localization/outputs/warehouse_latent_predictions/20260825T133153Z/behavior_visualizations) by extension 'python'
[0.210s] Level 1:colcon.colcon_core.package_identification:_identify(vjepa_visual_localization/outputs/warehouse_latent_predictions/20260825T133153Z/behavior_visualizations) by extensions ['python_setup_py']
[0.210s] Level 1:colcon.colcon_core.package_identification:_identify(vjepa_visual_localization/outputs/warehouse_latent_predictions/20260825T133153Z/behavior_visualizations) by extension 'python_setup_py'
[0.210s] Level 1:colcon.colcon_core.package_identification:_identify(vjepa_visual_localization/outputs/warehouse_latent_predictions/20260825T133153Z/frames) by extensions ['ignore', 'ignore_ament_install']
[0.210s] Level 1:colcon.colcon_core.package_identification:_identify(vjepa_visual_localization/outputs/warehouse_latent_predictions/20260825T133153Z/frames) by extension 'ignore'
[0.210s] Level 1:colcon.colcon_core.package_identification:_identify(vjepa_visual_localization/outputs/warehouse_latent_predictions/20260825T133153Z/frames) by extension 'ignore_ament_install'
[0.210s] Level 1:colcon.colcon_core.package_identification:_identify(vjepa_visual_localization/outputs/warehouse_latent_predictions/20260825T133153Z/frames) by extensions ['colcon_pkg']
[0.210s] Level 1:colcon.colcon_core.package_identification:_identify(vjepa_visual_localization/outputs/warehouse_latent_predictions/20260825T133153Z/frames) by extension 'colcon_pkg'
[0.210s] Level 1:colcon.colcon_core.package_identification:_identify(vjepa_visual_localization/outputs/warehouse_latent_predictions/20260825T133153Z/frames) by extensions ['colcon_meta']
[0.210s] Level 1:colcon.colcon_core.package_identification:_identify(vjepa_visual_localization/outputs/warehouse_latent_predictions/20260825T133153Z/frames) by extension 'colcon_meta'
[0.210s] Level 1:colcon.colcon_core.package_identification:_identify(vjepa_visual_localization/outputs/warehouse_latent_predictions/20260825T133153Z/frames) by extensions ['ros']
[0.211s] Level 1:colcon.colcon_core.package_identification:_identify(vjepa_visual_localization/outputs/warehouse_latent_predictions/20260825T133153Z/frames) by extension 'ros'
[0.211s] Level 1:colcon.colcon_core.package_identification:_identify(vjepa_visual_localization/outputs/warehouse_latent_predictions/20260825T133153Z/frames) by extensions ['cmake', 'python']
[0.211s] Level 1:colcon.colcon_core.package_identification:_identify(vjepa_visual_localization/outputs/warehouse_latent_predictions/20260825T133153Z/frames) by extension 'cmake'
[0.211s] Level 1:colcon.colcon_core.package_identification:_identify(vjepa_visual_localization/outputs/warehouse_latent_predictions/20260825T133153Z/frames) by extension 'python'
[0.211s] Level 1:colcon.colcon_core.package_identification:_identify(vjepa_visual_localization/outputs/warehouse_latent_predictions/20260825T133153Z/frames) by extensions ['python_setup_py']
[0.211s] Level 1:colcon.colcon_core.package_identification:_identify(vjepa_visual_localization/outputs/warehouse_latent_predictions/20260825T133153Z/frames) by extension 'python_setup_py'
[0.211s] Level 1:colcon.colcon_core.package_identification:_identify(vjepa_visual_localization/outputs/warehouse_latent_predictions/20260825T133153Z/latents) by extensions ['ignore', 'ignore_ament_install']
[0.211s] Level 1:colcon.colcon_core.package_identification:_identify(vjepa_visual_localization/outputs/warehouse_latent_predictions/20260825T133153Z/latents) by extension 'ignore'
[0.211s] Level 1:colcon.colcon_core.package_identification:_identify(vjepa_visual_localization/outputs/warehouse_latent_predictions/20260825T133153Z/latents) by extension 'ignore_ament_install'
[0.211s] Level 1:colcon.colcon_core.package_identification:_identify(vjepa_visual_localization/outputs/warehouse_latent_predictions/20260825T133153Z/latents) by extensions ['colcon_pkg']
[0.211s] Level 1:colcon.colcon_core.package_identification:_identify(vjepa_visual_localization/outputs/warehouse_latent_predictions/20260825T133153Z/latents) by extension 'colcon_pkg'
[0.211s] Level 1:colcon.colcon_core.package_identification:_identify(vjepa_visual_localization/outputs/warehouse_latent_predictions/20260825T133153Z/latents) by extensions ['colcon_meta']
[0.211s] Level 1:colcon.colcon_core.package_identification:_identify(vjepa_visual_localization/outputs/warehouse_latent_predictions/20260825T133153Z/latents) by extension 'colcon_meta'
[0.211s] Level 1:colcon.colcon_core.package_identification:_identify(vjepa_visual_localization/outputs/warehouse_latent_predictions/20260825T133153Z/latents) by extensions ['ros']
[0.211s] Level 1:colcon.colcon_core.package_identification:_identify(vjepa_visual_localization/outputs/warehouse_latent_predictions/20260825T133153Z/latents) by extension 'ros'
[0.211s] Level 1:colcon.colcon_core.package_identification:_identify(vjepa_visual_localization/outputs/warehouse_latent_predictions/20260825T133153Z/latents) by extensions ['cmake', 'python']
[0.211s] Level 1:colcon.colcon_core.package_identification:_identify(vjepa_visual_localization/outputs/warehouse_latent_predictions/20260825T133153Z/latents) by extension 'cmake'
[0.211s] Level 1:colcon.colcon_core.package_identification:_identify(vjepa_visual_localization/outputs/warehouse_latent_predictions/20260825T133153Z/latents) by extension 'python'
[0.211s] Level 1:colcon.colcon_core.package_identification:_identify(vjepa_visual_localization/outputs/warehouse_latent_predictions/20260825T133153Z/latents) by extensions ['python_setup_py']
[0.211s] Level 1:colcon.colcon_core.package_identification:_identify(vjepa_visual_localization/outputs/warehouse_latent_predictions/20260825T133153Z/latents) by extension 'python_setup_py'
[0.211s] Level 1:colcon.colcon_core.package_identification:_identify(vjepa_visual_localization/outputs/warehouse_latent_predictions/20260825T133153Z/predictions) by extensions ['ignore', 'ignore_ament_install']
[0.211s] Level 1:colcon.colcon_core.package_identification:_identify(vjepa_visual_localization/outputs/warehouse_latent_predictions/20260825T133153Z/predictions) by extension 'ignore'
[0.212s] Level 1:colcon.colcon_core.package_identification:_identify(vjepa_visual_localization/outputs/warehouse_latent_predictions/20260825T133153Z/predictions) by extension 'ignore_ament_install'
[0.212s] Level 1:colcon.colcon_core.package_identification:_identify(vjepa_visual_localization/outputs/warehouse_latent_predictions/20260825T133153Z/predictions) by extensions ['colcon_pkg']
[0.212s] Level 1:colcon.colcon_core.package_identification:_identify(vjepa_visual_localization/outputs/warehouse_latent_predictions/20260825T133153Z/predictions) by extension 'colcon_pkg'
[0.212s] Level 1:colcon.colcon_core.package_identification:_identify(vjepa_visual_localization/outputs/warehouse_latent_predictions/20260825T133153Z/predictions) by extensions ['colcon_meta']
[0.212s] Level 1:colcon.colcon_core.package_identification:_identify(vjepa_visual_localization/outputs/warehouse_latent_predictions/20260825T133153Z/predictions) by extension 'colcon_meta'
[0.212s] Level 1:colcon.colcon_core.package_identification:_identify(vjepa_visual_localization/outputs/warehouse_latent_predictions/20260825T133153Z/predictions) by extensions ['ros']
[0.212s] Level 1:colcon.colcon_core.package_identification:_identify(vjepa_visual_localization/outputs/warehouse_latent_predictions/20260825T133153Z/predictions) by extension 'ros'
[0.212s] Level 1:colcon.colcon_core.package_identification:_identify(vjepa_visual_localization/outputs/warehouse_latent_predictions/20260825T133153Z/predictions) by extensions ['cmake', 'python']
[0.212s] Level 1:colcon.colcon_core.package_identification:_identify(vjepa_visual_localization/outputs/warehouse_latent_predictions/20260825T133153Z/predictions) by extension 'cmake'
[0.212s] Level 1:colcon.colcon_core.package_identification:_identify(vjepa_visual_localization/outputs/warehouse_latent_predictions/20260825T133153Z/predictions) by extension 'python'
[0.212s] Level 1:colcon.colcon_core.package_identification:_identify(vjepa_visual_localization/outputs/warehouse_latent_predictions/20260825T133153Z/predictions) by extensions ['python_setup_py']
[0.212s] Level 1:colcon.colcon_core.package_identification:_identify(vjepa_visual_localization/outputs/warehouse_latent_predictions/20260825T133153Z/predictions) by extension 'python_setup_py'
[0.212s] Level 1:colcon.colcon_core.package_identification:_identify(vjepa_visual_localization/outputs/warehouse_latent_predictions/20260825T133521Z) by extensions ['ignore', 'ignore_ament_install']
[0.212s] Level 1:colcon.colcon_core.package_identification:_identify(vjepa_visual_localization/outputs/warehouse_latent_predictions/20260825T133521Z) by extension 'ignore'
[0.212s] Level 1:colcon.colcon_core.package_identification:_identify(vjepa_visual_localization/outputs/warehouse_latent_predictions/20260825T133521Z) by extension 'ignore_ament_install'
[0.212s] Level 1:colcon.colcon_core.package_identification:_identify(vjepa_visual_localization/outputs/warehouse_latent_predictions/20260825T133521Z) by extensions ['colcon_pkg']
[0.212s] Level 1:colcon.colcon_core.package_identification:_identify(vjepa_visual_localization/outputs/warehouse_latent_predictions/20260825T133521Z) by extension 'colcon_pkg'
[0.212s] Level 1:colcon.colcon_core.package_identification:_identify(vjepa_visual_localization/outputs/warehouse_latent_predictions/20260825T133521Z) by extensions ['colcon_meta']
[0.212s] Level 1:colcon.colcon_core.package_identification:_identify(vjepa_visual_localization/outputs/warehouse_latent_predictions/20260825T133521Z) by extension 'colcon_meta'
[0.212s] Level 1:colcon.colcon_core.package_identification:_identify(vjepa_visual_localization/outputs/warehouse_latent_predictions/20260825T133521Z) by extensions ['ros']
[0.212s] Level 1:colcon.colcon_core.package_identification:_identify(vjepa_visual_localization/outputs/warehouse_latent_predictions/20260825T133521Z) by extension 'ros'
[0.212s] Level 1:colcon.colcon_core.package_identification:_identify(vjepa_visual_localization/outputs/warehouse_latent_predictions/20260825T133521Z) by extensions ['cmake', 'python']
[0.212s] Level 1:colcon.colcon_core.package_identification:_identify(vjepa_visual_localization/outputs/warehouse_latent_predictions/20260825T133521Z) by extension 'cmake'
[0.212s] Level 1:colcon.colcon_core.package_identification:_identify(vjepa_visual_localization/outputs/warehouse_latent_predictions/20260825T133521Z) by extension 'python'
[0.212s] Level 1:colcon.colcon_core.package_identification:_identify(vjepa_visual_localization/outputs/warehouse_latent_predictions/20260825T133521Z) by extensions ['python_setup_py']
[0.212s] Level 1:colcon.colcon_core.package_identification:_identify(vjepa_visual_localization/outputs/warehouse_latent_predictions/20260825T133521Z) by extension 'python_setup_py'
[0.212s] Level 1:colcon.colcon_core.package_identification:_identify(vjepa_visual_localization/outputs/warehouse_latent_predictions/20260825T133521Z/behavior_visualizations) by extensions ['ignore', 'ignore_ament_install']
[0.212s] Level 1:colcon.colcon_core.package_identification:_identify(vjepa_visual_localization/outputs/warehouse_latent_predictions/20260825T133521Z/behavior_visualizations) by extension 'ignore'
[0.212s] Level 1:colcon.colcon_core.package_identification:_identify(vjepa_visual_localization/outputs/warehouse_latent_predictions/20260825T133521Z/behavior_visualizations) by extension 'ignore_ament_install'
[0.212s] Level 1:colcon.colcon_core.package_identification:_identify(vjepa_visual_localization/outputs/warehouse_latent_predictions/20260825T133521Z/behavior_visualizations) by extensions ['colcon_pkg']
[0.212s] Level 1:colcon.colcon_core.package_identification:_identify(vjepa_visual_localization/outputs/warehouse_latent_predictions/20260825T133521Z/behavior_visualizations) by extension 'colcon_pkg'
[0.212s] Level 1:colcon.colcon_core.package_identification:_identify(vjepa_visual_localization/outputs/warehouse_latent_predictions/20260825T133521Z/behavior_visualizations) by extensions ['colcon_meta']
[0.212s] Level 1:colcon.colcon_core.package_identification:_identify(vjepa_visual_localization/outputs/warehouse_latent_predictions/20260825T133521Z/behavior_visualizations) by extension 'colcon_meta'
[0.212s] Level 1:colcon.colcon_core.package_identification:_identify(vjepa_visual_localization/outputs/warehouse_latent_predictions/20260825T133521Z/behavior_visualizations) by extensions ['ros']
[0.212s] Level 1:colcon.colcon_core.package_identification:_identify(vjepa_visual_localization/outputs/warehouse_latent_predictions/20260825T133521Z/behavior_visualizations) by extension 'ros'
[0.212s] Level 1:colcon.colcon_core.package_identification:_identify(vjepa_visual_localization/outputs/warehouse_latent_predictions/20260825T133521Z/behavior_visualizations) by extensions ['cmake', 'python']
[0.212s] Level 1:colcon.colcon_core.package_identification:_identify(vjepa_visual_localization/outputs/warehouse_latent_predictions/20260825T133521Z/behavior_visualizations) by extension 'cmake'
[0.212s] Level 1:colcon.colcon_core.package_identification:_identify(vjepa_visual_localization/outputs/warehouse_latent_predictions/20260825T133521Z/behavior_visualizations) by extension 'python'
[0.213s] Level 1:colcon.colcon_core.package_identification:_identify(vjepa_visual_localization/outputs/warehouse_latent_predictions/20260825T133521Z/behavior_visualizations) by extensions ['python_setup_py']
[0.213s] Level 1:colcon.colcon_core.package_identification:_identify(vjepa_visual_localization/outputs/warehouse_latent_predictions/20260825T133521Z/behavior_visualizations) by extension 'python_setup_py'
[0.213s] Level 1:colcon.colcon_core.package_identification:_identify(vjepa_visual_localization/outputs/warehouse_latent_predictions/20260825T133521Z/frames) by extensions ['ignore', 'ignore_ament_install']
[0.213s] Level 1:colcon.colcon_core.package_identification:_identify(vjepa_visual_localization/outputs/warehouse_latent_predictions/20260825T133521Z/frames) by extension 'ignore'
[0.213s] Level 1:colcon.colcon_core.package_identification:_identify(vjepa_visual_localization/outputs/warehouse_latent_predictions/20260825T133521Z/frames) by extension 'ignore_ament_install'
[0.213s] Level 1:colcon.colcon_core.package_identification:_identify(vjepa_visual_localization/outputs/warehouse_latent_predictions/20260825T133521Z/frames) by extensions ['colcon_pkg']
[0.213s] Level 1:colcon.colcon_core.package_identification:_identify(vjepa_visual_localization/outputs/warehouse_latent_predictions/20260825T133521Z/frames) by extension 'colcon_pkg'
[0.213s] Level 1:colcon.colcon_core.package_identification:_identify(vjepa_visual_localization/outputs/warehouse_latent_predictions/20260825T133521Z/frames) by extensions ['colcon_meta']
[0.213s] Level 1:colcon.colcon_core.package_identification:_identify(vjepa_visual_localization/outputs/warehouse_latent_predictions/20260825T133521Z/frames) by extension 'colcon_meta'
[0.213s] Level 1:colcon.colcon_core.package_identification:_identify(vjepa_visual_localization/outputs/warehouse_latent_predictions/20260825T133521Z/frames) by extensions ['ros']
[0.213s] Level 1:colcon.colcon_core.package_identification:_identify(vjepa_visual_localization/outputs/warehouse_latent_predictions/20260825T133521Z/frames) by extension 'ros'
[0.213s] Level 1:colcon.colcon_core.package_identification:_identify(vjepa_visual_localization/outputs/warehouse_latent_predictions/20260825T133521Z/frames) by extensions ['cmake', 'python']
[0.213s] Level 1:colcon.colcon_core.package_identification:_identify(vjepa_visual_localization/outputs/warehouse_latent_predictions/20260825T133521Z/frames) by extension 'cmake'
[0.213s] Level 1:colcon.colcon_core.package_identification:_identify(vjepa_visual_localization/outputs/warehouse_latent_predictions/20260825T133521Z/frames) by extension 'python'
[0.213s] Level 1:colcon.colcon_core.package_identification:_identify(vjepa_visual_localization/outputs/warehouse_latent_predictions/20260825T133521Z/frames) by extensions ['python_setup_py']
[0.213s] Level 1:colcon.colcon_core.package_identification:_identify(vjepa_visual_localization/outputs/warehouse_latent_predictions/20260825T133521Z/frames) by extension 'python_setup_py'
[0.213s] Level 1:colcon.colcon_core.package_identification:_identify(vjepa_visual_localization/outputs/warehouse_latent_predictions/20260825T133521Z/latents) by extensions ['ignore', 'ignore_ament_install']
[0.213s] Level 1:colcon.colcon_core.package_identification:_identify(vjepa_visual_localization/outputs/warehouse_latent_predictions/20260825T133521Z/latents) by extension 'ignore'
[0.213s] Level 1:colcon.colcon_core.package_identification:_identify(vjepa_visual_localization/outputs/warehouse_latent_predictions/20260825T133521Z/latents) by extension 'ignore_ament_install'
[0.213s] Level 1:colcon.colcon_core.package_identification:_identify(vjepa_visual_localization/outputs/warehouse_latent_predictions/20260825T133521Z/latents) by extensions ['colcon_pkg']
[0.213s] Level 1:colcon.colcon_core.package_identification:_identify(vjepa_visual_localization/outputs/warehouse_latent_predictions/20260825T133521Z/latents) by extension 'colcon_pkg'
[0.213s] Level 1:colcon.colcon_core.package_identification:_identify(vjepa_visual_localization/outputs/warehouse_latent_predictions/20260825T133521Z/latents) by extensions ['colcon_meta']
[0.213s] Level 1:colcon.colcon_core.package_identification:_identify(vjepa_visual_localization/outputs/warehouse_latent_predictions/20260825T133521Z/latents) by extension 'colcon_meta'
[0.213s] Level 1:colcon.colcon_core.package_identification:_identify(vjepa_visual_localization/outputs/warehouse_latent_predictions/20260825T133521Z/latents) by extensions ['ros']
[0.213s] Level 1:colcon.colcon_core.package_identification:_identify(vjepa_visual_localization/outputs/warehouse_latent_predictions/20260825T133521Z/latents) by extension 'ros'
[0.213s] Level 1:colcon.colcon_core.package_identification:_identify(vjepa_visual_localization/outputs/warehouse_latent_predictions/20260825T133521Z/latents) by extensions ['cmake', 'python']
[0.213s] Level 1:colcon.colcon_core.package_identification:_identify(vjepa_visual_localization/outputs/warehouse_latent_predictions/20260825T133521Z/latents) by extension 'cmake'
[0.214s] Level 1:colcon.colcon_core.package_identification:_identify(vjepa_visual_localization/outputs/warehouse_latent_predictions/20260825T133521Z/latents) by extension 'python'
[0.214s] Level 1:colcon.colcon_core.package_identification:_identify(vjepa_visual_localization/outputs/warehouse_latent_predictions/20260825T133521Z/latents) by extensions ['python_setup_py']
[0.214s] Level 1:colcon.colcon_core.package_identification:_identify(vjepa_visual_localization/outputs/warehouse_latent_predictions/20260825T133521Z/latents) by extension 'python_setup_py'
[0.214s] Level 1:colcon.colcon_core.package_identification:_identify(vjepa_visual_localization/outputs/warehouse_latent_predictions/20260825T133521Z/predictions) by extensions ['ignore', 'ignore_ament_install']
[0.214s] Level 1:colcon.colcon_core.package_identification:_identify(vjepa_visual_localization/outputs/warehouse_latent_predictions/20260825T133521Z/predictions) by extension 'ignore'
[0.214s] Level 1:colcon.colcon_core.package_identification:_identify(vjepa_visual_localization/outputs/warehouse_latent_predictions/20260825T133521Z/predictions) by extension 'ignore_ament_install'
[0.214s] Level 1:colcon.colcon_core.package_identification:_identify(vjepa_visual_localization/outputs/warehouse_latent_predictions/20260825T133521Z/predictions) by extensions ['colcon_pkg']
[0.214s] Level 1:colcon.colcon_core.package_identification:_identify(vjepa_visual_localization/outputs/warehouse_latent_predictions/20260825T133521Z/predictions) by extension 'colcon_pkg'
[0.214s] Level 1:colcon.colcon_core.package_identification:_identify(vjepa_visual_localization/outputs/warehouse_latent_predictions/20260825T133521Z/predictions) by extensions ['colcon_meta']
[0.214s] Level 1:colcon.colcon_core.package_identification:_identify(vjepa_visual_localization/outputs/warehouse_latent_predictions/20260825T133521Z/predictions) by extension 'colcon_meta'
[0.214s] Level 1:colcon.colcon_core.package_identification:_identify(vjepa_visual_localization/outputs/warehouse_latent_predictions/20260825T133521Z/predictions) by extensions ['ros']
[0.214s] Level 1:colcon.colcon_core.package_identification:_identify(vjepa_visual_localization/outputs/warehouse_latent_predictions/20260825T133521Z/predictions) by extension 'ros'
[0.214s] Level 1:colcon.colcon_core.package_identification:_identify(vjepa_visual_localization/outputs/warehouse_latent_predictions/20260825T133521Z/predictions) by extensions ['cmake', 'python']
[0.214s] Level 1:colcon.colcon_core.package_identification:_identify(vjepa_visual_localization/outputs/warehouse_latent_predictions/20260825T133521Z/predictions) by extension 'cmake'
[0.214s] Level 1:colcon.colcon_core.package_identification:_identify(vjepa_visual_localization/outputs/warehouse_latent_predictions/20260825T133521Z/predictions) by extension 'python'
[0.214s] Level 1:colcon.colcon_core.package_identification:_identify(vjepa_visual_localization/outputs/warehouse_latent_predictions/20260825T133521Z/predictions) by extensions ['python_setup_py']
[0.214s] Level 1:colcon.colcon_core.package_identification:_identify(vjepa_visual_localization/outputs/warehouse_latent_predictions/20260825T133521Z/predictions) by extension 'python_setup_py'
[0.214s] Level 1:colcon.colcon_core.package_identification:_identify(vjepa_visual_localization/outputs/warehouse_latent_predictions/20260825T134100Z) by extensions ['ignore', 'ignore_ament_install']
[0.214s] Level 1:colcon.colcon_core.package_identification:_identify(vjepa_visual_localization/outputs/warehouse_latent_predictions/20260825T134100Z) by extension 'ignore'
[0.215s] Level 1:colcon.colcon_core.package_identification:_identify(vjepa_visual_localization/outputs/warehouse_latent_predictions/20260825T134100Z) by extension 'ignore_ament_install'
[0.215s] Level 1:colcon.colcon_core.package_identification:_identify(vjepa_visual_localization/outputs/warehouse_latent_predictions/20260825T134100Z) by extensions ['colcon_pkg']
[0.215s] Level 1:colcon.colcon_core.package_identification:_identify(vjepa_visual_localization/outputs/warehouse_latent_predictions/20260825T134100Z) by extension 'colcon_pkg'
[0.215s] Level 1:colcon.colcon_core.package_identification:_identify(vjepa_visual_localization/outputs/warehouse_latent_predictions/20260825T134100Z) by extensions ['colcon_meta']
[0.215s] Level 1:colcon.colcon_core.package_identification:_identify(vjepa_visual_localization/outputs/warehouse_latent_predictions/20260825T134100Z) by extension 'colcon_meta'
[0.215s] Level 1:colcon.colcon_core.package_identification:_identify(vjepa_visual_localization/outputs/warehouse_latent_predictions/20260825T134100Z) by extensions ['ros']
[0.215s] Level 1:colcon.colcon_core.package_identification:_identify(vjepa_visual_localization/outputs/warehouse_latent_predictions/20260825T134100Z) by extension 'ros'
[0.215s] Level 1:colcon.colcon_core.package_identification:_identify(vjepa_visual_localization/outputs/warehouse_latent_predictions/20260825T134100Z) by extensions ['cmake', 'python']
[0.215s] Level 1:colcon.colcon_core.package_identification:_identify(vjepa_visual_localization/outputs/warehouse_latent_predictions/20260825T134100Z) by extension 'cmake'
[0.215s] Level 1:colcon.colcon_core.package_identification:_identify(vjepa_visual_localization/outputs/warehouse_latent_predictions/20260825T134100Z) by extension 'python'
[0.215s] Level 1:colcon.colcon_core.package_identification:_identify(vjepa_visual_localization/outputs/warehouse_latent_predictions/20260825T134100Z) by extensions ['python_setup_py']
[0.215s] Level 1:colcon.colcon_core.package_identification:_identify(vjepa_visual_localization/outputs/warehouse_latent_predictions/20260825T134100Z) by extension 'python_setup_py'
[0.215s] Level 1:colcon.colcon_core.package_identification:_identify(vjepa_visual_localization/outputs/warehouse_latent_predictions/20260825T134100Z/behavior_visualizations) by extensions ['ignore', 'ignore_ament_install']
[0.215s] Level 1:colcon.colcon_core.package_identification:_identify(vjepa_visual_localization/outputs/warehouse_latent_predictions/20260825T134100Z/behavior_visualizations) by extension 'ignore'
[0.215s] Level 1:colcon.colcon_core.package_identification:_identify(vjepa_visual_localization/outputs/warehouse_latent_predictions/20260825T134100Z/behavior_visualizations) by extension 'ignore_ament_install'
[0.215s] Level 1:colcon.colcon_core.package_identification:_identify(vjepa_visual_localization/outputs/warehouse_latent_predictions/20260825T134100Z/behavior_visualizations) by extensions ['colcon_pkg']
[0.215s] Level 1:colcon.colcon_core.package_identification:_identify(vjepa_visual_localization/outputs/warehouse_latent_predictions/20260825T134100Z/behavior_visualizations) by extension 'colcon_pkg'
[0.215s] Level 1:colcon.colcon_core.package_identification:_identify(vjepa_visual_localization/outputs/warehouse_latent_predictions/20260825T134100Z/behavior_visualizations) by extensions ['colcon_meta']
[0.215s] Level 1:colcon.colcon_core.package_identification:_identify(vjepa_visual_localization/outputs/warehouse_latent_predictions/20260825T134100Z/behavior_visualizations) by extension 'colcon_meta'
[0.215s] Level 1:colcon.colcon_core.package_identification:_identify(vjepa_visual_localization/outputs/warehouse_latent_predictions/20260825T134100Z/behavior_visualizations) by extensions ['ros']
[0.215s] Level 1:colcon.colcon_core.package_identification:_identify(vjepa_visual_localization/outputs/warehouse_latent_predictions/20260825T134100Z/behavior_visualizations) by extension 'ros'
[0.215s] Level 1:colcon.colcon_core.package_identification:_identify(vjepa_visual_localization/outputs/warehouse_latent_predictions/20260825T134100Z/behavior_visualizations) by extensions ['cmake', 'python']
[0.215s] Level 1:colcon.colcon_core.package_identification:_identify(vjepa_visual_localization/outputs/warehouse_latent_predictions/20260825T134100Z/behavior_visualizations) by extension 'cmake'
[0.215s] Level 1:colcon.colcon_core.package_identification:_identify(vjepa_visual_localization/outputs/warehouse_latent_predictions/20260825T134100Z/behavior_visualizations) by extension 'python'
[0.215s] Level 1:colcon.colcon_core.package_identification:_identify(vjepa_visual_localization/outputs/warehouse_latent_predictions/20260825T134100Z/behavior_visualizations) by extensions ['python_setup_py']
[0.215s] Level 1:colcon.colcon_core.package_identification:_identify(vjepa_visual_localization/outputs/warehouse_latent_predictions/20260825T134100Z/behavior_visualizations) by extension 'python_setup_py'
[0.215s] Level 1:colcon.colcon_core.package_identification:_identify(vjepa_visual_localization/outputs/warehouse_latent_predictions/20260825T134100Z/frames) by extensions ['ignore', 'ignore_ament_install']
[0.215s] Level 1:colcon.colcon_core.package_identification:_identify(vjepa_visual_localization/outputs/warehouse_latent_predictions/20260825T134100Z/frames) by extension 'ignore'
[0.215s] Level 1:colcon.colcon_core.package_identification:_identify(vjepa_visual_localization/outputs/warehouse_latent_predictions/20260825T134100Z/frames) by extension 'ignore_ament_install'
[0.215s] Level 1:colcon.colcon_core.package_identification:_identify(vjepa_visual_localization/outputs/warehouse_latent_predictions/20260825T134100Z/frames) by extensions ['colcon_pkg']
[0.216s] Level 1:colcon.colcon_core.package_identification:_identify(vjepa_visual_localization/outputs/warehouse_latent_predictions/20260825T134100Z/frames) by extension 'colcon_pkg'
[0.216s] Level 1:colcon.colcon_core.package_identification:_identify(vjepa_visual_localization/outputs/warehouse_latent_predictions/20260825T134100Z/frames) by extensions ['colcon_meta']
[0.216s] Level 1:colcon.colcon_core.package_identification:_identify(vjepa_visual_localization/outputs/warehouse_latent_predictions/20260825T134100Z/frames) by extension 'colcon_meta'
[0.216s] Level 1:colcon.colcon_core.package_identification:_identify(vjepa_visual_localization/outputs/warehouse_latent_predictions/20260825T134100Z/frames) by extensions ['ros']
[0.216s] Level 1:colcon.colcon_core.package_identification:_identify(vjepa_visual_localization/outputs/warehouse_latent_predictions/20260825T134100Z/frames) by extension 'ros'
[0.216s] Level 1:colcon.colcon_core.package_identification:_identify(vjepa_visual_localization/outputs/warehouse_latent_predictions/20260825T134100Z/frames) by extensions ['cmake', 'python']
[0.216s] Level 1:colcon.colcon_core.package_identification:_identify(vjepa_visual_localization/outputs/warehouse_latent_predictions/20260825T134100Z/frames) by extension 'cmake'
[0.216s] Level 1:colcon.colcon_core.package_identification:_identify(vjepa_visual_localization/outputs/warehouse_latent_predictions/20260825T134100Z/frames) by extension 'python'
[0.216s] Level 1:colcon.colcon_core.package_identification:_identify(vjepa_visual_localization/outputs/warehouse_latent_predictions/20260825T134100Z/frames) by extensions ['python_setup_py']
[0.216s] Level 1:colcon.colcon_core.package_identification:_identify(vjepa_visual_localization/outputs/warehouse_latent_predictions/20260825T134100Z/frames) by extension 'python_setup_py'
[0.216s] Level 1:colcon.colcon_core.package_identification:_identify(vjepa_visual_localization/outputs/warehouse_latent_predictions/20260825T134100Z/latents) by extensions ['ignore', 'ignore_ament_install']
[0.216s] Level 1:colcon.colcon_core.package_identification:_identify(vjepa_visual_localization/outputs/warehouse_latent_predictions/20260825T134100Z/latents) by extension 'ignore'
[0.216s] Level 1:colcon.colcon_core.package_identification:_identify(vjepa_visual_localization/outputs/warehouse_latent_predictions/20260825T134100Z/latents) by extension 'ignore_ament_install'
[0.216s] Level 1:colcon.colcon_core.package_identification:_identify(vjepa_visual_localization/outputs/warehouse_latent_predictions/20260825T134100Z/latents) by extensions ['colcon_pkg']
[0.216s] Level 1:colcon.colcon_core.package_identification:_identify(vjepa_visual_localization/outputs/warehouse_latent_predictions/20260825T134100Z/latents) by extension 'colcon_pkg'
[0.216s] Level 1:colcon.colcon_core.package_identification:_identify(vjepa_visual_localization/outputs/warehouse_latent_predictions/20260825T134100Z/latents) by extensions ['colcon_meta']
[0.216s] Level 1:colcon.colcon_core.package_identification:_identify(vjepa_visual_localization/outputs/warehouse_latent_predictions/20260825T134100Z/latents) by extension 'colcon_meta'
[0.216s] Level 1:colcon.colcon_core.package_identification:_identify(vjepa_visual_localization/outputs/warehouse_latent_predictions/20260825T134100Z/latents) by extensions ['ros']
[0.216s] Level 1:colcon.colcon_core.package_identification:_identify(vjepa_visual_localization/outputs/warehouse_latent_predictions/20260825T134100Z/latents) by extension 'ros'
[0.216s] Level 1:colcon.colcon_core.package_identification:_identify(vjepa_visual_localization/outputs/warehouse_latent_predictions/20260825T134100Z/latents) by extensions ['cmake', 'python']
[0.216s] Level 1:colcon.colcon_core.package_identification:_identify(vjepa_visual_localization/outputs/warehouse_latent_predictions/20260825T134100Z/latents) by extension 'cmake'
[0.216s] Level 1:colcon.colcon_core.package_identification:_identify(vjepa_visual_localization/outputs/warehouse_latent_predictions/20260825T134100Z/latents) by extension 'python'
[0.216s] Level 1:colcon.colcon_core.package_identification:_identify(vjepa_visual_localization/outputs/warehouse_latent_predictions/20260825T134100Z/latents) by extensions ['python_setup_py']
[0.216s] Level 1:colcon.colcon_core.package_identification:_identify(vjepa_visual_localization/outputs/warehouse_latent_predictions/20260825T134100Z/latents) by extension 'python_setup_py'
[0.217s] Level 1:colcon.colcon_core.package_identification:_identify(vjepa_visual_localization/outputs/warehouse_latent_predictions/20260825T134100Z/predictions) by extensions ['ignore', 'ignore_ament_install']
[0.217s] Level 1:colcon.colcon_core.package_identification:_identify(vjepa_visual_localization/outputs/warehouse_latent_predictions/20260825T134100Z/predictions) by extension 'ignore'
[0.217s] Level 1:colcon.colcon_core.package_identification:_identify(vjepa_visual_localization/outputs/warehouse_latent_predictions/20260825T134100Z/predictions) by extension 'ignore_ament_install'
[0.217s] Level 1:colcon.colcon_core.package_identification:_identify(vjepa_visual_localization/outputs/warehouse_latent_predictions/20260825T134100Z/predictions) by extensions ['colcon_pkg']
[0.217s] Level 1:colcon.colcon_core.package_identification:_identify(vjepa_visual_localization/outputs/warehouse_latent_predictions/20260825T134100Z/predictions) by extension 'colcon_pkg'
[0.217s] Level 1:colcon.colcon_core.package_identification:_identify(vjepa_visual_localization/outputs/warehouse_latent_predictions/20260825T134100Z/predictions) by extensions ['colcon_meta']
[0.217s] Level 1:colcon.colcon_core.package_identification:_identify(vjepa_visual_localization/outputs/warehouse_latent_predictions/20260825T134100Z/predictions) by extension 'colcon_meta'
[0.217s] Level 1:colcon.colcon_core.package_identification:_identify(vjepa_visual_localization/outputs/warehouse_latent_predictions/20260825T134100Z/predictions) by extensions ['ros']
[0.217s] Level 1:colcon.colcon_core.package_identification:_identify(vjepa_visual_localization/outputs/warehouse_latent_predictions/20260825T134100Z/predictions) by extension 'ros'
[0.217s] Level 1:colcon.colcon_core.package_identification:_identify(vjepa_visual_localization/outputs/warehouse_latent_predictions/20260825T134100Z/predictions) by extensions ['cmake', 'python']
[0.217s] Level 1:colcon.colcon_core.package_identification:_identify(vjepa_visual_localization/outputs/warehouse_latent_predictions/20260825T134100Z/predictions) by extension 'cmake'
[0.217s] Level 1:colcon.colcon_core.package_identification:_identify(vjepa_visual_localization/outputs/warehouse_latent_predictions/20260825T134100Z/predictions) by extension 'python'
[0.217s] Level 1:colcon.colcon_core.package_identification:_identify(vjepa_visual_localization/outputs/warehouse_latent_predictions/20260825T134100Z/predictions) by extensions ['python_setup_py']
[0.217s] Level 1:colcon.colcon_core.package_identification:_identify(vjepa_visual_localization/outputs/warehouse_latent_predictions/20260825T134100Z/predictions) by extension 'python_setup_py'
[0.217s] Level 1:colcon.colcon_core.package_identification:_identify(vjepa_visual_localization/outputs/warehouse_latent_predictions/20260825T134608Z) by extensions ['ignore', 'ignore_ament_install']
[0.217s] Level 1:colcon.colcon_core.package_identification:_identify(vjepa_visual_localization/outputs/warehouse_latent_predictions/20260825T134608Z) by extension 'ignore'
[0.217s] Level 1:colcon.colcon_core.package_identification:_identify(vjepa_visual_localization/outputs/warehouse_latent_predictions/20260825T134608Z) by extension 'ignore_ament_install'
[0.217s] Level 1:colcon.colcon_core.package_identification:_identify(vjepa_visual_localization/outputs/warehouse_latent_predictions/20260825T134608Z) by extensions ['colcon_pkg']
[0.217s] Level 1:colcon.colcon_core.package_identification:_identify(vjepa_visual_localization/outputs/warehouse_latent_predictions/20260825T134608Z) by extension 'colcon_pkg'
[0.217s] Level 1:colcon.colcon_core.package_identification:_identify(vjepa_visual_localization/outputs/warehouse_latent_predictions/20260825T134608Z) by extensions ['colcon_meta']
[0.217s] Level 1:colcon.colcon_core.package_identification:_identify(vjepa_visual_localization/outputs/warehouse_latent_predictions/20260825T134608Z) by extension 'colcon_meta'
[0.217s] Level 1:colcon.colcon_core.package_identification:_identify(vjepa_visual_localization/outputs/warehouse_latent_predictions/20260825T134608Z) by extensions ['ros']
[0.217s] Level 1:colcon.colcon_core.package_identification:_identify(vjepa_visual_localization/outputs/warehouse_latent_predictions/20260825T134608Z) by extension 'ros'
[0.217s] Level 1:colcon.colcon_core.package_identification:_identify(vjepa_visual_localization/outputs/warehouse_latent_predictions/20260825T134608Z) by extensions ['cmake', 'python']
[0.218s] Level 1:colcon.colcon_core.package_identification:_identify(vjepa_visual_localization/outputs/warehouse_latent_predictions/20260825T134608Z) by extension 'cmake'
[0.218s] Level 1:colcon.colcon_core.package_identification:_identify(vjepa_visual_localization/outputs/warehouse_latent_predictions/20260825T134608Z) by extension 'python'
[0.218s] Level 1:colcon.colcon_core.package_identification:_identify(vjepa_visual_localization/outputs/warehouse_latent_predictions/20260825T134608Z) by extensions ['python_setup_py']
[0.218s] Level 1:colcon.colcon_core.package_identification:_identify(vjepa_visual_localization/outputs/warehouse_latent_predictions/20260825T134608Z) by extension 'python_setup_py'
[0.218s] Level 1:colcon.colcon_core.package_identification:_identify(vjepa_visual_localization/outputs/warehouse_latent_predictions/20260825T134608Z/behavior_visualizations) by extensions ['ignore', 'ignore_ament_install']
[0.218s] Level 1:colcon.colcon_core.package_identification:_identify(vjepa_visual_localization/outputs/warehouse_latent_predictions/20260825T134608Z/behavior_visualizations) by extension 'ignore'
[0.218s] Level 1:colcon.colcon_core.package_identification:_identify(vjepa_visual_localization/outputs/warehouse_latent_predictions/20260825T134608Z/behavior_visualizations) by extension 'ignore_ament_install'
[0.218s] Level 1:colcon.colcon_core.package_identification:_identify(vjepa_visual_localization/outputs/warehouse_latent_predictions/20260825T134608Z/behavior_visualizations) by extensions ['colcon_pkg']
[0.218s] Level 1:colcon.colcon_core.package_identification:_identify(vjepa_visual_localization/outputs/warehouse_latent_predictions/20260825T134608Z/behavior_visualizations) by extension 'colcon_pkg'
[0.218s] Level 1:colcon.colcon_core.package_identification:_identify(vjepa_visual_localization/outputs/warehouse_latent_predictions/20260825T134608Z/behavior_visualizations) by extensions ['colcon_meta']
[0.218s] Level 1:colcon.colcon_core.package_identification:_identify(vjepa_visual_localization/outputs/warehouse_latent_predictions/20260825T134608Z/behavior_visualizations) by extension 'colcon_meta'
[0.218s] Level 1:colcon.colcon_core.package_identification:_identify(vjepa_visual_localization/outputs/warehouse_latent_predictions/20260825T134608Z/behavior_visualizations) by extensions ['ros']
[0.218s] Level 1:colcon.colcon_core.package_identification:_identify(vjepa_visual_localization/outputs/warehouse_latent_predictions/20260825T134608Z/behavior_visualizations) by extension 'ros'
[0.218s] Level 1:colcon.colcon_core.package_identification:_identify(vjepa_visual_localization/outputs/warehouse_latent_predictions/20260825T134608Z/behavior_visualizations) by extensions ['cmake', 'python']
[0.218s] Level 1:colcon.colcon_core.package_identification:_identify(vjepa_visual_localization/outputs/warehouse_latent_predictions/20260825T134608Z/behavior_visualizations) by extension 'cmake'
[0.218s] Level 1:colcon.colcon_core.package_identification:_identify(vjepa_visual_localization/outputs/warehouse_latent_predictions/20260825T134608Z/behavior_visualizations) by extension 'python'
[0.218s] Level 1:colcon.colcon_core.package_identification:_identify(vjepa_visual_localization/outputs/warehouse_latent_predictions/20260825T134608Z/behavior_visualizations) by extensions ['python_setup_py']
[0.218s] Level 1:colcon.colcon_core.package_identification:_identify(vjepa_visual_localization/outputs/warehouse_latent_predictions/20260825T134608Z/behavior_visualizations) by extension 'python_setup_py'
[0.218s] Level 1:colcon.colcon_core.package_identification:_identify(vjepa_visual_localization/outputs/warehouse_latent_predictions/20260825T134608Z/frames) by extensions ['ignore', 'ignore_ament_install']
[0.218s] Level 1:colcon.colcon_core.package_identification:_identify(vjepa_visual_localization/outputs/warehouse_latent_predictions/20260825T134608Z/frames) by extension 'ignore'
[0.218s] Level 1:colcon.colcon_core.package_identification:_identify(vjepa_visual_localization/outputs/warehouse_latent_predictions/20260825T134608Z/frames) by extension 'ignore_ament_install'
[0.218s] Level 1:colcon.colcon_core.package_identification:_identify(vjepa_visual_localization/outputs/warehouse_latent_predictions/20260825T134608Z/frames) by extensions ['colcon_pkg']
[0.218s] Level 1:colcon.colcon_core.package_identification:_identify(vjepa_visual_localization/outputs/warehouse_latent_predictions/20260825T134608Z/frames) by extension 'colcon_pkg'
[0.218s] Level 1:colcon.colcon_core.package_identification:_identify(vjepa_visual_localization/outputs/warehouse_latent_predictions/20260825T134608Z/frames) by extensions ['colcon_meta']
[0.218s] Level 1:colcon.colcon_core.package_identification:_identify(vjepa_visual_localization/outputs/warehouse_latent_predictions/20260825T134608Z/frames) by extension 'colcon_meta'
[0.218s] Level 1:colcon.colcon_core.package_identification:_identify(vjepa_visual_localization/outputs/warehouse_latent_predictions/20260825T134608Z/frames) by extensions ['ros']
[0.218s] Level 1:colcon.colcon_core.package_identification:_identify(vjepa_visual_localization/outputs/warehouse_latent_predictions/20260825T134608Z/frames) by extension 'ros'
[0.218s] Level 1:colcon.colcon_core.package_identification:_identify(vjepa_visual_localization/outputs/warehouse_latent_predictions/20260825T134608Z/frames) by extensions ['cmake', 'python']
[0.218s] Level 1:colcon.colcon_core.package_identification:_identify(vjepa_visual_localization/outputs/warehouse_latent_predictions/20260825T134608Z/frames) by extension 'cmake'
[0.218s] Level 1:colcon.colcon_core.package_identification:_identify(vjepa_visual_localization/outputs/warehouse_latent_predictions/20260825T134608Z/frames) by extension 'python'
[0.218s] Level 1:colcon.colcon_core.package_identification:_identify(vjepa_visual_localization/outputs/warehouse_latent_predictions/20260825T134608Z/frames) by extensions ['python_setup_py']
[0.218s] Level 1:colcon.colcon_core.package_identification:_identify(vjepa_visual_localization/outputs/warehouse_latent_predictions/20260825T134608Z/frames) by extension 'python_setup_py'
[0.219s] Level 1:colcon.colcon_core.package_identification:_identify(vjepa_visual_localization/outputs/warehouse_latent_predictions/20260825T134608Z/latents) by extensions ['ignore', 'ignore_ament_install']
[0.219s] Level 1:colcon.colcon_core.package_identification:_identify(vjepa_visual_localization/outputs/warehouse_latent_predictions/20260825T134608Z/latents) by extension 'ignore'
[0.219s] Level 1:colcon.colcon_core.package_identification:_identify(vjepa_visual_localization/outputs/warehouse_latent_predictions/20260825T134608Z/latents) by extension 'ignore_ament_install'
[0.219s] Level 1:colcon.colcon_core.package_identification:_identify(vjepa_visual_localization/outputs/warehouse_latent_predictions/20260825T134608Z/latents) by extensions ['colcon_pkg']
[0.219s] Level 1:colcon.colcon_core.package_identification:_identify(vjepa_visual_localization/outputs/warehouse_latent_predictions/20260825T134608Z/latents) by extension 'colcon_pkg'
[0.219s] Level 1:colcon.colcon_core.package_identification:_identify(vjepa_visual_localization/outputs/warehouse_latent_predictions/20260825T134608Z/latents) by extensions ['colcon_meta']
[0.219s] Level 1:colcon.colcon_core.package_identification:_identify(vjepa_visual_localization/outputs/warehouse_latent_predictions/20260825T134608Z/latents) by extension 'colcon_meta'
[0.219s] Level 1:colcon.colcon_core.package_identification:_identify(vjepa_visual_localization/outputs/warehouse_latent_predictions/20260825T134608Z/latents) by extensions ['ros']
[0.219s] Level 1:colcon.colcon_core.package_identification:_identify(vjepa_visual_localization/outputs/warehouse_latent_predictions/20260825T134608Z/latents) by extension 'ros'
[0.219s] Level 1:colcon.colcon_core.package_identification:_identify(vjepa_visual_localization/outputs/warehouse_latent_predictions/20260825T134608Z/latents) by extensions ['cmake', 'python']
[0.219s] Level 1:colcon.colcon_core.package_identification:_identify(vjepa_visual_localization/outputs/warehouse_latent_predictions/20260825T134608Z/latents) by extension 'cmake'
[0.219s] Level 1:colcon.colcon_core.package_identification:_identify(vjepa_visual_localization/outputs/warehouse_latent_predictions/20260825T134608Z/latents) by extension 'python'
[0.219s] Level 1:colcon.colcon_core.package_identification:_identify(vjepa_visual_localization/outputs/warehouse_latent_predictions/20260825T134608Z/latents) by extensions ['python_setup_py']
[0.219s] Level 1:colcon.colcon_core.package_identification:_identify(vjepa_visual_localization/outputs/warehouse_latent_predictions/20260825T134608Z/latents) by extension 'python_setup_py'
[0.219s] Level 1:colcon.colcon_core.package_identification:_identify(vjepa_visual_localization/outputs/warehouse_latent_predictions/20260825T134608Z/predictions) by extensions ['ignore', 'ignore_ament_install']
[0.219s] Level 1:colcon.colcon_core.package_identification:_identify(vjepa_visual_localization/outputs/warehouse_latent_predictions/20260825T134608Z/predictions) by extension 'ignore'
[0.219s] Level 1:colcon.colcon_core.package_identification:_identify(vjepa_visual_localization/outputs/warehouse_latent_predictions/20260825T134608Z/predictions) by extension 'ignore_ament_install'
[0.219s] Level 1:colcon.colcon_core.package_identification:_identify(vjepa_visual_localization/outputs/warehouse_latent_predictions/20260825T134608Z/predictions) by extensions ['colcon_pkg']
[0.219s] Level 1:colcon.colcon_core.package_identification:_identify(vjepa_visual_localization/outputs/warehouse_latent_predictions/20260825T134608Z/predictions) by extension 'colcon_pkg'
[0.219s] Level 1:colcon.colcon_core.package_identification:_identify(vjepa_visual_localization/outputs/warehouse_latent_predictions/20260825T134608Z/predictions) by extensions ['colcon_meta']
[0.219s] Level 1:colcon.colcon_core.package_identification:_identify(vjepa_visual_localization/outputs/warehouse_latent_predictions/20260825T134608Z/predictions) by extension 'colcon_meta'
[0.220s] Level 1:colcon.colcon_core.package_identification:_identify(vjepa_visual_localization/outputs/warehouse_latent_predictions/20260825T134608Z/predictions) by extensions ['ros']
[0.220s] Level 1:colcon.colcon_core.package_identification:_identify(vjepa_visual_localization/outputs/warehouse_latent_predictions/20260825T134608Z/predictions) by extension 'ros'
[0.220s] Level 1:colcon.colcon_core.package_identification:_identify(vjepa_visual_localization/outputs/warehouse_latent_predictions/20260825T134608Z/predictions) by extensions ['cmake', 'python']
[0.220s] Level 1:colcon.colcon_core.package_identification:_identify(vjepa_visual_localization/outputs/warehouse_latent_predictions/20260825T134608Z/predictions) by extension 'cmake'
[0.220s] Level 1:colcon.colcon_core.package_identification:_identify(vjepa_visual_localization/outputs/warehouse_latent_predictions/20260825T134608Z/predictions) by extension 'python'
[0.220s] Level 1:colcon.colcon_core.package_identification:_identify(vjepa_visual_localization/outputs/warehouse_latent_predictions/20260825T134608Z/predictions) by extensions ['python_setup_py']
[0.220s] Level 1:colcon.colcon_core.package_identification:_identify(vjepa_visual_localization/outputs/warehouse_latent_predictions/20260825T134608Z/predictions) by extension 'python_setup_py'
[0.220s] Level 1:colcon.colcon_core.package_identification:_identify(vjepa_visual_localization/outputs/warehouse_latent_predictions/20260825T140059Z) by extensions ['ignore', 'ignore_ament_install']
[0.220s] Level 1:colcon.colcon_core.package_identification:_identify(vjepa_visual_localization/outputs/warehouse_latent_predictions/20260825T140059Z) by extension 'ignore'
[0.220s] Level 1:colcon.colcon_core.package_identification:_identify(vjepa_visual_localization/outputs/warehouse_latent_predictions/20260825T140059Z) by extension 'ignore_ament_install'
[0.220s] Level 1:colcon.colcon_core.package_identification:_identify(vjepa_visual_localization/outputs/warehouse_latent_predictions/20260825T140059Z) by extensions ['colcon_pkg']
[0.220s] Level 1:colcon.colcon_core.package_identification:_identify(vjepa_visual_localization/outputs/warehouse_latent_predictions/20260825T140059Z) by extension 'colcon_pkg'
[0.220s] Level 1:colcon.colcon_core.package_identification:_identify(vjepa_visual_localization/outputs/warehouse_latent_predictions/20260825T140059Z) by extensions ['colcon_meta']
[0.220s] Level 1:colcon.colcon_core.package_identification:_identify(vjepa_visual_localization/outputs/warehouse_latent_predictions/20260825T140059Z) by extension 'colcon_meta'
[0.220s] Level 1:colcon.colcon_core.package_identification:_identify(vjepa_visual_localization/outputs/warehouse_latent_predictions/20260825T140059Z) by extensions ['ros']
[0.220s] Level 1:colcon.colcon_core.package_identification:_identify(vjepa_visual_localization/outputs/warehouse_latent_predictions/20260825T140059Z) by extension 'ros'
[0.220s] Level 1:colcon.colcon_core.package_identification:_identify(vjepa_visual_localization/outputs/warehouse_latent_predictions/20260825T140059Z) by extensions ['cmake', 'python']
[0.220s] Level 1:colcon.colcon_core.package_identification:_identify(vjepa_visual_localization/outputs/warehouse_latent_predictions/20260825T140059Z) by extension 'cmake'
[0.220s] Level 1:colcon.colcon_core.package_identification:_identify(vjepa_visual_localization/outputs/warehouse_latent_predictions/20260825T140059Z) by extension 'python'
[0.220s] Level 1:colcon.colcon_core.package_identification:_identify(vjepa_visual_localization/outputs/warehouse_latent_predictions/20260825T140059Z) by extensions ['python_setup_py']
[0.220s] Level 1:colcon.colcon_core.package_identification:_identify(vjepa_visual_localization/outputs/warehouse_latent_predictions/20260825T140059Z) by extension 'python_setup_py'
[0.220s] Level 1:colcon.colcon_core.package_identification:_identify(vjepa_visual_localization/outputs/warehouse_latent_predictions/20260825T140059Z/behavior_visualizations) by extensions ['ignore', 'ignore_ament_install']
[0.220s] Level 1:colcon.colcon_core.package_identification:_identify(vjepa_visual_localization/outputs/warehouse_latent_predictions/20260825T140059Z/behavior_visualizations) by extension 'ignore'
[0.220s] Level 1:colcon.colcon_core.package_identification:_identify(vjepa_visual_localization/outputs/warehouse_latent_predictions/20260825T140059Z/behavior_visualizations) by extension 'ignore_ament_install'
[0.220s] Level 1:colcon.colcon_core.package_identification:_identify(vjepa_visual_localization/outputs/warehouse_latent_predictions/20260825T140059Z/behavior_visualizations) by extensions ['colcon_pkg']
[0.220s] Level 1:colcon.colcon_core.package_identification:_identify(vjepa_visual_localization/outputs/warehouse_latent_predictions/20260825T140059Z/behavior_visualizations) by extension 'colcon_pkg'
[0.220s] Level 1:colcon.colcon_core.package_identification:_identify(vjepa_visual_localization/outputs/warehouse_latent_predictions/20260825T140059Z/behavior_visualizations) by extensions ['colcon_meta']
[0.220s] Level 1:colcon.colcon_core.package_identification:_identify(vjepa_visual_localization/outputs/warehouse_latent_predictions/20260825T140059Z/behavior_visualizations) by extension 'colcon_meta'
[0.220s] Level 1:colcon.colcon_core.package_identification:_identify(vjepa_visual_localization/outputs/warehouse_latent_predictions/20260825T140059Z/behavior_visualizations) by extensions ['ros']
[0.220s] Level 1:colcon.colcon_core.package_identification:_identify(vjepa_visual_localization/outputs/warehouse_latent_predictions/20260825T140059Z/behavior_visualizations) by extension 'ros'
[0.220s] Level 1:colcon.colcon_core.package_identification:_identify(vjepa_visual_localization/outputs/warehouse_latent_predictions/20260825T140059Z/behavior_visualizations) by extensions ['cmake', 'python']
[0.220s] Level 1:colcon.colcon_core.package_identification:_identify(vjepa_visual_localization/outputs/warehouse_latent_predictions/20260825T140059Z/behavior_visualizations) by extension 'cmake'
[0.220s] Level 1:colcon.colcon_core.package_identification:_identify(vjepa_visual_localization/outputs/warehouse_latent_predictions/20260825T140059Z/behavior_visualizations) by extension 'python'
[0.220s] Level 1:colcon.colcon_core.package_identification:_identify(vjepa_visual_localization/outputs/warehouse_latent_predictions/20260825T140059Z/behavior_visualizations) by extensions ['python_setup_py']
[0.220s] Level 1:colcon.colcon_core.package_identification:_identify(vjepa_visual_localization/outputs/warehouse_latent_predictions/20260825T140059Z/behavior_visualizations) by extension 'python_setup_py'
[0.221s] Level 1:colcon.colcon_core.package_identification:_identify(vjepa_visual_localization/outputs/warehouse_latent_predictions/20260825T140059Z/frames) by extensions ['ignore', 'ignore_ament_install']
[0.221s] Level 1:colcon.colcon_core.package_identification:_identify(vjepa_visual_localization/outputs/warehouse_latent_predictions/20260825T140059Z/frames) by extension 'ignore'
[0.221s] Level 1:colcon.colcon_core.package_identification:_identify(vjepa_visual_localization/outputs/warehouse_latent_predictions/20260825T140059Z/frames) by extension 'ignore_ament_install'
[0.221s] Level 1:colcon.colcon_core.package_identification:_identify(vjepa_visual_localization/outputs/warehouse_latent_predictions/20260825T140059Z/frames) by extensions ['colcon_pkg']
[0.221s] Level 1:colcon.colcon_core.package_identification:_identify(vjepa_visual_localization/outputs/warehouse_latent_predictions/20260825T140059Z/frames) by extension 'colcon_pkg'
[0.221s] Level 1:colcon.colcon_core.package_identification:_identify(vjepa_visual_localization/outputs/warehouse_latent_predictions/20260825T140059Z/frames) by extensions ['colcon_meta']
[0.221s] Level 1:colcon.colcon_core.package_identification:_identify(vjepa_visual_localization/outputs/warehouse_latent_predictions/20260825T140059Z/frames) by extension 'colcon_meta'
[0.221s] Level 1:colcon.colcon_core.package_identification:_identify(vjepa_visual_localization/outputs/warehouse_latent_predictions/20260825T140059Z/frames) by extensions ['ros']
[0.221s] Level 1:colcon.colcon_core.package_identification:_identify(vjepa_visual_localization/outputs/warehouse_latent_predictions/20260825T140059Z/frames) by extension 'ros'
[0.221s] Level 1:colcon.colcon_core.package_identification:_identify(vjepa_visual_localization/outputs/warehouse_latent_predictions/20260825T140059Z/frames) by extensions ['cmake', 'python']
[0.221s] Level 1:colcon.colcon_core.package_identification:_identify(vjepa_visual_localization/outputs/warehouse_latent_predictions/20260825T140059Z/frames) by extension 'cmake'
[0.221s] Level 1:colcon.colcon_core.package_identification:_identify(vjepa_visual_localization/outputs/warehouse_latent_predictions/20260825T140059Z/frames) by extension 'python'
[0.221s] Level 1:colcon.colcon_core.package_identification:_identify(vjepa_visual_localization/outputs/warehouse_latent_predictions/20260825T140059Z/frames) by extensions ['python_setup_py']
[0.221s] Level 1:colcon.colcon_core.package_identification:_identify(vjepa_visual_localization/outputs/warehouse_latent_predictions/20260825T140059Z/frames) by extension 'python_setup_py'
[0.221s] Level 1:colcon.colcon_core.package_identification:_identify(vjepa_visual_localization/outputs/warehouse_latent_predictions/20260825T140059Z/latents) by extensions ['ignore', 'ignore_ament_install']
[0.221s] Level 1:colcon.colcon_core.package_identification:_identify(vjepa_visual_localization/outputs/warehouse_latent_predictions/20260825T140059Z/latents) by extension 'ignore'
[0.221s] Level 1:colcon.colcon_core.package_identification:_identify(vjepa_visual_localization/outputs/warehouse_latent_predictions/20260825T140059Z/latents) by extension 'ignore_ament_install'
[0.221s] Level 1:colcon.colcon_core.package_identification:_identify(vjepa_visual_localization/outputs/warehouse_latent_predictions/20260825T140059Z/latents) by extensions ['colcon_pkg']
[0.221s] Level 1:colcon.colcon_core.package_identification:_identify(vjepa_visual_localization/outputs/warehouse_latent_predictions/20260825T140059Z/latents) by extension 'colcon_pkg'
[0.221s] Level 1:colcon.colcon_core.package_identification:_identify(vjepa_visual_localization/outputs/warehouse_latent_predictions/20260825T140059Z/latents) by extensions ['colcon_meta']
[0.221s] Level 1:colcon.colcon_core.package_identification:_identify(vjepa_visual_localization/outputs/warehouse_latent_predictions/20260825T140059Z/latents) by extension 'colcon_meta'
[0.221s] Level 1:colcon.colcon_core.package_identification:_identify(vjepa_visual_localization/outputs/warehouse_latent_predictions/20260825T140059Z/latents) by extensions ['ros']
[0.221s] Level 1:colcon.colcon_core.package_identification:_identify(vjepa_visual_localization/outputs/warehouse_latent_predictions/20260825T140059Z/latents) by extension 'ros'
[0.221s] Level 1:colcon.colcon_core.package_identification:_identify(vjepa_visual_localization/outputs/warehouse_latent_predictions/20260825T140059Z/latents) by extensions ['cmake', 'python']
[0.221s] Level 1:colcon.colcon_core.package_identification:_identify(vjepa_visual_localization/outputs/warehouse_latent_predictions/20260825T140059Z/latents) by extension 'cmake'
[0.221s] Level 1:colcon.colcon_core.package_identification:_identify(vjepa_visual_localization/outputs/warehouse_latent_predictions/20260825T140059Z/latents) by extension 'python'
[0.221s] Level 1:colcon.colcon_core.package_identification:_identify(vjepa_visual_localization/outputs/warehouse_latent_predictions/20260825T140059Z/latents) by extensions ['python_setup_py']
[0.221s] Level 1:colcon.colcon_core.package_identification:_identify(vjepa_visual_localization/outputs/warehouse_latent_predictions/20260825T140059Z/latents) by extension 'python_setup_py'
[0.222s] Level 1:colcon.colcon_core.package_identification:_identify(vjepa_visual_localization/outputs/warehouse_latent_predictions/20260825T140059Z/predictions) by extensions ['ignore', 'ignore_ament_install']
[0.222s] Level 1:colcon.colcon_core.package_identification:_identify(vjepa_visual_localization/outputs/warehouse_latent_predictions/20260825T140059Z/predictions) by extension 'ignore'
[0.222s] Level 1:colcon.colcon_core.package_identification:_identify(vjepa_visual_localization/outputs/warehouse_latent_predictions/20260825T140059Z/predictions) by extension 'ignore_ament_install'
[0.222s] Level 1:colcon.colcon_core.package_identification:_identify(vjepa_visual_localization/outputs/warehouse_latent_predictions/20260825T140059Z/predictions) by extensions ['colcon_pkg']
[0.222s] Level 1:colcon.colcon_core.package_identification:_identify(vjepa_visual_localization/outputs/warehouse_latent_predictions/20260825T140059Z/predictions) by extension 'colcon_pkg'
[0.222s] Level 1:colcon.colcon_core.package_identification:_identify(vjepa_visual_localization/outputs/warehouse_latent_predictions/20260825T140059Z/predictions) by extensions ['colcon_meta']
[0.222s] Level 1:colcon.colcon_core.package_identification:_identify(vjepa_visual_localization/outputs/warehouse_latent_predictions/20260825T140059Z/predictions) by extension 'colcon_meta'
[0.222s] Level 1:colcon.colcon_core.package_identification:_identify(vjepa_visual_localization/outputs/warehouse_latent_predictions/20260825T140059Z/predictions) by extensions ['ros']
[0.222s] Level 1:colcon.colcon_core.package_identification:_identify(vjepa_visual_localization/outputs/warehouse_latent_predictions/20260825T140059Z/predictions) by extension 'ros'
[0.222s] Level 1:colcon.colcon_core.package_identification:_identify(vjepa_visual_localization/outputs/warehouse_latent_predictions/20260825T140059Z/predictions) by extensions ['cmake', 'python']
[0.222s] Level 1:colcon.colcon_core.package_identification:_identify(vjepa_visual_localization/outputs/warehouse_latent_predictions/20260825T140059Z/predictions) by extension 'cmake'
[0.222s] Level 1:colcon.colcon_core.package_identification:_identify(vjepa_visual_localization/outputs/warehouse_latent_predictions/20260825T140059Z/predictions) by extension 'python'
[0.222s] Level 1:colcon.colcon_core.package_identification:_identify(vjepa_visual_localization/outputs/warehouse_latent_predictions/20260825T140059Z/predictions) by extensions ['python_setup_py']
[0.222s] Level 1:colcon.colcon_core.package_identification:_identify(vjepa_visual_localization/outputs/warehouse_latent_predictions/20260825T140059Z/predictions) by extension 'python_setup_py'
[0.222s] Level 1:colcon.colcon_core.package_identification:_identify(vjepa_visual_localization/outputs/warehouse_latent_predictions/20260825T140806Z) by extensions ['ignore', 'ignore_ament_install']
[0.222s] Level 1:colcon.colcon_core.package_identification:_identify(vjepa_visual_localization/outputs/warehouse_latent_predictions/20260825T140806Z) by extension 'ignore'
[0.222s] Level 1:colcon.colcon_core.package_identification:_identify(vjepa_visual_localization/outputs/warehouse_latent_predictions/20260825T140806Z) by extension 'ignore_ament_install'
[0.222s] Level 1:colcon.colcon_core.package_identification:_identify(vjepa_visual_localization/outputs/warehouse_latent_predictions/20260825T140806Z) by extensions ['colcon_pkg']
[0.222s] Level 1:colcon.colcon_core.package_identification:_identify(vjepa_visual_localization/outputs/warehouse_latent_predictions/20260825T140806Z) by extension 'colcon_pkg'
[0.222s] Level 1:colcon.colcon_core.package_identification:_identify(vjepa_visual_localization/outputs/warehouse_latent_predictions/20260825T140806Z) by extensions ['colcon_meta']
[0.222s] Level 1:colcon.colcon_core.package_identification:_identify(vjepa_visual_localization/outputs/warehouse_latent_predictions/20260825T140806Z) by extension 'colcon_meta'
[0.222s] Level 1:colcon.colcon_core.package_identification:_identify(vjepa_visual_localization/outputs/warehouse_latent_predictions/20260825T140806Z) by extensions ['ros']
[0.222s] Level 1:colcon.colcon_core.package_identification:_identify(vjepa_visual_localization/outputs/warehouse_latent_predictions/20260825T140806Z) by extension 'ros'
[0.223s] Level 1:colcon.colcon_core.package_identification:_identify(vjepa_visual_localization/outputs/warehouse_latent_predictions/20260825T140806Z) by extensions ['cmake', 'python']
[0.223s] Level 1:colcon.colcon_core.package_identification:_identify(vjepa_visual_localization/outputs/warehouse_latent_predictions/20260825T140806Z) by extension 'cmake'
[0.223s] Level 1:colcon.colcon_core.package_identification:_identify(vjepa_visual_localization/outputs/warehouse_latent_predictions/20260825T140806Z) by extension 'python'
[0.223s] Level 1:colcon.colcon_core.package_identification:_identify(vjepa_visual_localization/outputs/warehouse_latent_predictions/20260825T140806Z) by extensions ['python_setup_py']
[0.223s] Level 1:colcon.colcon_core.package_identification:_identify(vjepa_visual_localization/outputs/warehouse_latent_predictions/20260825T140806Z) by extension 'python_setup_py'
[0.223s] Level 1:colcon.colcon_core.package_identification:_identify(vjepa_visual_localization/outputs/warehouse_latent_predictions/20260825T140806Z/behavior_visualizations) by extensions ['ignore', 'ignore_ament_install']
[0.223s] Level 1:colcon.colcon_core.package_identification:_identify(vjepa_visual_localization/outputs/warehouse_latent_predictions/20260825T140806Z/behavior_visualizations) by extension 'ignore'
[0.223s] Level 1:colcon.colcon_core.package_identification:_identify(vjepa_visual_localization/outputs/warehouse_latent_predictions/20260825T140806Z/behavior_visualizations) by extension 'ignore_ament_install'
[0.223s] Level 1:colcon.colcon_core.package_identification:_identify(vjepa_visual_localization/outputs/warehouse_latent_predictions/20260825T140806Z/behavior_visualizations) by extensions ['colcon_pkg']
[0.223s] Level 1:colcon.colcon_core.package_identification:_identify(vjepa_visual_localization/outputs/warehouse_latent_predictions/20260825T140806Z/behavior_visualizations) by extension 'colcon_pkg'
[0.223s] Level 1:colcon.colcon_core.package_identification:_identify(vjepa_visual_localization/outputs/warehouse_latent_predictions/20260825T140806Z/behavior_visualizations) by extensions ['colcon_meta']
[0.223s] Level 1:colcon.colcon_core.package_identification:_identify(vjepa_visual_localization/outputs/warehouse_latent_predictions/20260825T140806Z/behavior_visualizations) by extension 'colcon_meta'
[0.223s] Level 1:colcon.colcon_core.package_identification:_identify(vjepa_visual_localization/outputs/warehouse_latent_predictions/20260825T140806Z/behavior_visualizations) by extensions ['ros']
[0.223s] Level 1:colcon.colcon_core.package_identification:_identify(vjepa_visual_localization/outputs/warehouse_latent_predictions/20260825T140806Z/behavior_visualizations) by extension 'ros'
[0.223s] Level 1:colcon.colcon_core.package_identification:_identify(vjepa_visual_localization/outputs/warehouse_latent_predictions/20260825T140806Z/behavior_visualizations) by extensions ['cmake', 'python']
[0.223s] Level 1:colcon.colcon_core.package_identification:_identify(vjepa_visual_localization/outputs/warehouse_latent_predictions/20260825T140806Z/behavior_visualizations) by extension 'cmake'
[0.223s] Level 1:colcon.colcon_core.package_identification:_identify(vjepa_visual_localization/outputs/warehouse_latent_predictions/20260825T140806Z/behavior_visualizations) by extension 'python'
[0.223s] Level 1:colcon.colcon_core.package_identification:_identify(vjepa_visual_localization/outputs/warehouse_latent_predictions/20260825T140806Z/behavior_visualizations) by extensions ['python_setup_py']
[0.223s] Level 1:colcon.colcon_core.package_identification:_identify(vjepa_visual_localization/outputs/warehouse_latent_predictions/20260825T140806Z/behavior_visualizations) by extension 'python_setup_py'
[0.223s] Level 1:colcon.colcon_core.package_identification:_identify(vjepa_visual_localization/outputs/warehouse_latent_predictions/20260825T140806Z/frames) by extensions ['ignore', 'ignore_ament_install']
[0.223s] Level 1:colcon.colcon_core.package_identification:_identify(vjepa_visual_localization/outputs/warehouse_latent_predictions/20260825T140806Z/frames) by extension 'ignore'
[0.223s] Level 1:colcon.colcon_core.package_identification:_identify(vjepa_visual_localization/outputs/warehouse_latent_predictions/20260825T140806Z/frames) by extension 'ignore_ament_install'
[0.223s] Level 1:colcon.colcon_core.package_identification:_identify(vjepa_visual_localization/outputs/warehouse_latent_predictions/20260825T140806Z/frames) by extensions ['colcon_pkg']
[0.223s] Level 1:colcon.colcon_core.package_identification:_identify(vjepa_visual_localization/outputs/warehouse_latent_predictions/20260825T140806Z/frames) by extension 'colcon_pkg'
[0.223s] Level 1:colcon.colcon_core.package_identification:_identify(vjepa_visual_localization/outputs/warehouse_latent_predictions/20260825T140806Z/frames) by extensions ['colcon_meta']
[0.223s] Level 1:colcon.colcon_core.package_identification:_identify(vjepa_visual_localization/outputs/warehouse_latent_predictions/20260825T140806Z/frames) by extension 'colcon_meta'
[0.223s] Level 1:colcon.colcon_core.package_identification:_identify(vjepa_visual_localization/outputs/warehouse_latent_predictions/20260825T140806Z/frames) by extensions ['ros']
[0.223s] Level 1:colcon.colcon_core.package_identification:_identify(vjepa_visual_localization/outputs/warehouse_latent_predictions/20260825T140806Z/frames) by extension 'ros'
[0.223s] Level 1:colcon.colcon_core.package_identification:_identify(vjepa_visual_localization/outputs/warehouse_latent_predictions/20260825T140806Z/frames) by extensions ['cmake', 'python']
[0.223s] Level 1:colcon.colcon_core.package_identification:_identify(vjepa_visual_localization/outputs/warehouse_latent_predictions/20260825T140806Z/frames) by extension 'cmake'
[0.223s] Level 1:colcon.colcon_core.package_identification:_identify(vjepa_visual_localization/outputs/warehouse_latent_predictions/20260825T140806Z/frames) by extension 'python'
[0.223s] Level 1:colcon.colcon_core.package_identification:_identify(vjepa_visual_localization/outputs/warehouse_latent_predictions/20260825T140806Z/frames) by extensions ['python_setup_py']
[0.223s] Level 1:colcon.colcon_core.package_identification:_identify(vjepa_visual_localization/outputs/warehouse_latent_predictions/20260825T140806Z/frames) by extension 'python_setup_py'
[0.223s] Level 1:colcon.colcon_core.package_identification:_identify(vjepa_visual_localization/outputs/warehouse_latent_predictions/20260825T140806Z/latents) by extensions ['ignore', 'ignore_ament_install']
[0.223s] Level 1:colcon.colcon_core.package_identification:_identify(vjepa_visual_localization/outputs/warehouse_latent_predictions/20260825T140806Z/latents) by extension 'ignore'
[0.224s] Level 1:colcon.colcon_core.package_identification:_identify(vjepa_visual_localization/outputs/warehouse_latent_predictions/20260825T140806Z/latents) by extension 'ignore_ament_install'
[0.224s] Level 1:colcon.colcon_core.package_identification:_identify(vjepa_visual_localization/outputs/warehouse_latent_predictions/20260825T140806Z/latents) by extensions ['colcon_pkg']
[0.224s] Level 1:colcon.colcon_core.package_identification:_identify(vjepa_visual_localization/outputs/warehouse_latent_predictions/20260825T140806Z/latents) by extension 'colcon_pkg'
[0.224s] Level 1:colcon.colcon_core.package_identification:_identify(vjepa_visual_localization/outputs/warehouse_latent_predictions/20260825T140806Z/latents) by extensions ['colcon_meta']
[0.224s] Level 1:colcon.colcon_core.package_identification:_identify(vjepa_visual_localization/outputs/warehouse_latent_predictions/20260825T140806Z/latents) by extension 'colcon_meta'
[0.224s] Level 1:colcon.colcon_core.package_identification:_identify(vjepa_visual_localization/outputs/warehouse_latent_predictions/20260825T140806Z/latents) by extensions ['ros']
[0.224s] Level 1:colcon.colcon_core.package_identification:_identify(vjepa_visual_localization/outputs/warehouse_latent_predictions/20260825T140806Z/latents) by extension 'ros'
[0.224s] Level 1:colcon.colcon_core.package_identification:_identify(vjepa_visual_localization/outputs/warehouse_latent_predictions/20260825T140806Z/latents) by extensions ['cmake', 'python']
[0.224s] Level 1:colcon.colcon_core.package_identification:_identify(vjepa_visual_localization/outputs/warehouse_latent_predictions/20260825T140806Z/latents) by extension 'cmake'
[0.224s] Level 1:colcon.colcon_core.package_identification:_identify(vjepa_visual_localization/outputs/warehouse_latent_predictions/20260825T140806Z/latents) by extension 'python'
[0.224s] Level 1:colcon.colcon_core.package_identification:_identify(vjepa_visual_localization/outputs/warehouse_latent_predictions/20260825T140806Z/latents) by extensions ['python_setup_py']
[0.224s] Level 1:colcon.colcon_core.package_identification:_identify(vjepa_visual_localization/outputs/warehouse_latent_predictions/20260825T140806Z/latents) by extension 'python_setup_py'
[0.224s] Level 1:colcon.colcon_core.package_identification:_identify(vjepa_visual_localization/outputs/warehouse_latent_predictions/20260825T140806Z/predictions) by extensions ['ignore', 'ignore_ament_install']
[0.224s] Level 1:colcon.colcon_core.package_identification:_identify(vjepa_visual_localization/outputs/warehouse_latent_predictions/20260825T140806Z/predictions) by extension 'ignore'
[0.224s] Level 1:colcon.colcon_core.package_identification:_identify(vjepa_visual_localization/outputs/warehouse_latent_predictions/20260825T140806Z/predictions) by extension 'ignore_ament_install'
[0.224s] Level 1:colcon.colcon_core.package_identification:_identify(vjepa_visual_localization/outputs/warehouse_latent_predictions/20260825T140806Z/predictions) by extensions ['colcon_pkg']
[0.224s] Level 1:colcon.colcon_core.package_identification:_identify(vjepa_visual_localization/outputs/warehouse_latent_predictions/20260825T140806Z/predictions) by extension 'colcon_pkg'
[0.224s] Level 1:colcon.colcon_core.package_identification:_identify(vjepa_visual_localization/outputs/warehouse_latent_predictions/20260825T140806Z/predictions) by extensions ['colcon_meta']
[0.224s] Level 1:colcon.colcon_core.package_identification:_identify(vjepa_visual_localization/outputs/warehouse_latent_predictions/20260825T140806Z/predictions) by extension 'colcon_meta'
[0.224s] Level 1:colcon.colcon_core.package_identification:_identify(vjepa_visual_localization/outputs/warehouse_latent_predictions/20260825T140806Z/predictions) by extensions ['ros']
[0.224s] Level 1:colcon.colcon_core.package_identification:_identify(vjepa_visual_localization/outputs/warehouse_latent_predictions/20260825T140806Z/predictions) by extension 'ros'
[0.224s] Level 1:colcon.colcon_core.package_identification:_identify(vjepa_visual_localization/outputs/warehouse_latent_predictions/20260825T140806Z/predictions) by extensions ['cmake', 'python']
[0.224s] Level 1:colcon.colcon_core.package_identification:_identify(vjepa_visual_localization/outputs/warehouse_latent_predictions/20260825T140806Z/predictions) by extension 'cmake'
[0.224s] Level 1:colcon.colcon_core.package_identification:_identify(vjepa_visual_localization/outputs/warehouse_latent_predictions/20260825T140806Z/predictions) by extension 'python'
[0.224s] Level 1:colcon.colcon_core.package_identification:_identify(vjepa_visual_localization/outputs/warehouse_latent_predictions/20260825T140806Z/predictions) by extensions ['python_setup_py']
[0.224s] Level 1:colcon.colcon_core.package_identification:_identify(vjepa_visual_localization/outputs/warehouse_latent_predictions/20260825T140806Z/predictions) by extension 'python_setup_py'
[0.224s] Level 1:colcon.colcon_core.package_identification:_identify(vjepa_visual_localization/outputs/warehouse_latent_predictions/20260825T140905Z) by extensions ['ignore', 'ignore_ament_install']
[0.224s] Level 1:colcon.colcon_core.package_identification:_identify(vjepa_visual_localization/outputs/warehouse_latent_predictions/20260825T140905Z) by extension 'ignore'
[0.224s] Level 1:colcon.colcon_core.package_identification:_identify(vjepa_visual_localization/outputs/warehouse_latent_predictions/20260825T140905Z) by extension 'ignore_ament_install'
[0.224s] Level 1:colcon.colcon_core.package_identification:_identify(vjepa_visual_localization/outputs/warehouse_latent_predictions/20260825T140905Z) by extensions ['colcon_pkg']
[0.224s] Level 1:colcon.colcon_core.package_identification:_identify(vjepa_visual_localization/outputs/warehouse_latent_predictions/20260825T140905Z) by extension 'colcon_pkg'
[0.224s] Level 1:colcon.colcon_core.package_identification:_identify(vjepa_visual_localization/outputs/warehouse_latent_predictions/20260825T140905Z) by extensions ['colcon_meta']
[0.224s] Level 1:colcon.colcon_core.package_identification:_identify(vjepa_visual_localization/outputs/warehouse_latent_predictions/20260825T140905Z) by extension 'colcon_meta'
[0.224s] Level 1:colcon.colcon_core.package_identification:_identify(vjepa_visual_localization/outputs/warehouse_latent_predictions/20260825T140905Z) by extensions ['ros']
[0.224s] Level 1:colcon.colcon_core.package_identification:_identify(vjepa_visual_localization/outputs/warehouse_latent_predictions/20260825T140905Z) by extension 'ros'
[0.225s] Level 1:colcon.colcon_core.package_identification:_identify(vjepa_visual_localization/outputs/warehouse_latent_predictions/20260825T140905Z) by extensions ['cmake', 'python']
[0.225s] Level 1:colcon.colcon_core.package_identification:_identify(vjepa_visual_localization/outputs/warehouse_latent_predictions/20260825T140905Z) by extension 'cmake'
[0.225s] Level 1:colcon.colcon_core.package_identification:_identify(vjepa_visual_localization/outputs/warehouse_latent_predictions/20260825T140905Z) by extension 'python'
[0.225s] Level 1:colcon.colcon_core.package_identification:_identify(vjepa_visual_localization/outputs/warehouse_latent_predictions/20260825T140905Z) by extensions ['python_setup_py']
[0.225s] Level 1:colcon.colcon_core.package_identification:_identify(vjepa_visual_localization/outputs/warehouse_latent_predictions/20260825T140905Z) by extension 'python_setup_py'
[0.225s] Level 1:colcon.colcon_core.package_identification:_identify(vjepa_visual_localization/outputs/warehouse_latent_predictions/20260825T140905Z/behavior_visualizations) by extensions ['ignore', 'ignore_ament_install']
[0.225s] Level 1:colcon.colcon_core.package_identification:_identify(vjepa_visual_localization/outputs/warehouse_latent_predictions/20260825T140905Z/behavior_visualizations) by extension 'ignore'
[0.225s] Level 1:colcon.colcon_core.package_identification:_identify(vjepa_visual_localization/outputs/warehouse_latent_predictions/20260825T140905Z/behavior_visualizations) by extension 'ignore_ament_install'
[0.225s] Level 1:colcon.colcon_core.package_identification:_identify(vjepa_visual_localization/outputs/warehouse_latent_predictions/20260825T140905Z/behavior_visualizations) by extensions ['colcon_pkg']
[0.225s] Level 1:colcon.colcon_core.package_identification:_identify(vjepa_visual_localization/outputs/warehouse_latent_predictions/20260825T140905Z/behavior_visualizations) by extension 'colcon_pkg'
[0.225s] Level 1:colcon.colcon_core.package_identification:_identify(vjepa_visual_localization/outputs/warehouse_latent_predictions/20260825T140905Z/behavior_visualizations) by extensions ['colcon_meta']
[0.225s] Level 1:colcon.colcon_core.package_identification:_identify(vjepa_visual_localization/outputs/warehouse_latent_predictions/20260825T140905Z/behavior_visualizations) by extension 'colcon_meta'
[0.225s] Level 1:colcon.colcon_core.package_identification:_identify(vjepa_visual_localization/outputs/warehouse_latent_predictions/20260825T140905Z/behavior_visualizations) by extensions ['ros']
[0.225s] Level 1:colcon.colcon_core.package_identification:_identify(vjepa_visual_localization/outputs/warehouse_latent_predictions/20260825T140905Z/behavior_visualizations) by extension 'ros'
[0.225s] Level 1:colcon.colcon_core.package_identification:_identify(vjepa_visual_localization/outputs/warehouse_latent_predictions/20260825T140905Z/behavior_visualizations) by extensions ['cmake', 'python']
[0.225s] Level 1:colcon.colcon_core.package_identification:_identify(vjepa_visual_localization/outputs/warehouse_latent_predictions/20260825T140905Z/behavior_visualizations) by extension 'cmake'
[0.225s] Level 1:colcon.colcon_core.package_identification:_identify(vjepa_visual_localization/outputs/warehouse_latent_predictions/20260825T140905Z/behavior_visualizations) by extension 'python'
[0.225s] Level 1:colcon.colcon_core.package_identification:_identify(vjepa_visual_localization/outputs/warehouse_latent_predictions/20260825T140905Z/behavior_visualizations) by extensions ['python_setup_py']
[0.225s] Level 1:colcon.colcon_core.package_identification:_identify(vjepa_visual_localization/outputs/warehouse_latent_predictions/20260825T140905Z/behavior_visualizations) by extension 'python_setup_py'
[0.225s] Level 1:colcon.colcon_core.package_identification:_identify(vjepa_visual_localization/outputs/warehouse_latent_predictions/20260825T140905Z/frames) by extensions ['ignore', 'ignore_ament_install']
[0.225s] Level 1:colcon.colcon_core.package_identification:_identify(vjepa_visual_localization/outputs/warehouse_latent_predictions/20260825T140905Z/frames) by extension 'ignore'
[0.225s] Level 1:colcon.colcon_core.package_identification:_identify(vjepa_visual_localization/outputs/warehouse_latent_predictions/20260825T140905Z/frames) by extension 'ignore_ament_install'
[0.225s] Level 1:colcon.colcon_core.package_identification:_identify(vjepa_visual_localization/outputs/warehouse_latent_predictions/20260825T140905Z/frames) by extensions ['colcon_pkg']
[0.225s] Level 1:colcon.colcon_core.package_identification:_identify(vjepa_visual_localization/outputs/warehouse_latent_predictions/20260825T140905Z/frames) by extension 'colcon_pkg'
[0.225s] Level 1:colcon.colcon_core.package_identification:_identify(vjepa_visual_localization/outputs/warehouse_latent_predictions/20260825T140905Z/frames) by extensions ['colcon_meta']
[0.225s] Level 1:colcon.colcon_core.package_identification:_identify(vjepa_visual_localization/outputs/warehouse_latent_predictions/20260825T140905Z/frames) by extension 'colcon_meta'
[0.225s] Level 1:colcon.colcon_core.package_identification:_identify(vjepa_visual_localization/outputs/warehouse_latent_predictions/20260825T140905Z/frames) by extensions ['ros']
[0.225s] Level 1:colcon.colcon_core.package_identification:_identify(vjepa_visual_localization/outputs/warehouse_latent_predictions/20260825T140905Z/frames) by extension 'ros'
[0.225s] Level 1:colcon.colcon_core.package_identification:_identify(vjepa_visual_localization/outputs/warehouse_latent_predictions/20260825T140905Z/frames) by extensions ['cmake', 'python']
[0.225s] Level 1:colcon.colcon_core.package_identification:_identify(vjepa_visual_localization/outputs/warehouse_latent_predictions/20260825T140905Z/frames) by extension 'cmake'
[0.225s] Level 1:colcon.colcon_core.package_identification:_identify(vjepa_visual_localization/outputs/warehouse_latent_predictions/20260825T140905Z/frames) by extension 'python'
[0.225s] Level 1:colcon.colcon_core.package_identification:_identify(vjepa_visual_localization/outputs/warehouse_latent_predictions/20260825T140905Z/frames) by extensions ['python_setup_py']
[0.225s] Level 1:colcon.colcon_core.package_identification:_identify(vjepa_visual_localization/outputs/warehouse_latent_predictions/20260825T140905Z/frames) by extension 'python_setup_py'
[0.226s] Level 1:colcon.colcon_core.package_identification:_identify(vjepa_visual_localization/outputs/warehouse_latent_predictions/20260825T140905Z/latents) by extensions ['ignore', 'ignore_ament_install']
[0.226s] Level 1:colcon.colcon_core.package_identification:_identify(vjepa_visual_localization/outputs/warehouse_latent_predictions/20260825T140905Z/latents) by extension 'ignore'
[0.226s] Level 1:colcon.colcon_core.package_identification:_identify(vjepa_visual_localization/outputs/warehouse_latent_predictions/20260825T140905Z/latents) by extension 'ignore_ament_install'
[0.226s] Level 1:colcon.colcon_core.package_identification:_identify(vjepa_visual_localization/outputs/warehouse_latent_predictions/20260825T140905Z/latents) by extensions ['colcon_pkg']
[0.226s] Level 1:colcon.colcon_core.package_identification:_identify(vjepa_visual_localization/outputs/warehouse_latent_predictions/20260825T140905Z/latents) by extension 'colcon_pkg'
[0.226s] Level 1:colcon.colcon_core.package_identification:_identify(vjepa_visual_localization/outputs/warehouse_latent_predictions/20260825T140905Z/latents) by extensions ['colcon_meta']
[0.226s] Level 1:colcon.colcon_core.package_identification:_identify(vjepa_visual_localization/outputs/warehouse_latent_predictions/20260825T140905Z/latents) by extension 'colcon_meta'
[0.226s] Level 1:colcon.colcon_core.package_identification:_identify(vjepa_visual_localization/outputs/warehouse_latent_predictions/20260825T140905Z/latents) by extensions ['ros']
[0.226s] Level 1:colcon.colcon_core.package_identification:_identify(vjepa_visual_localization/outputs/warehouse_latent_predictions/20260825T140905Z/latents) by extension 'ros'
[0.226s] Level 1:colcon.colcon_core.package_identification:_identify(vjepa_visual_localization/outputs/warehouse_latent_predictions/20260825T140905Z/latents) by extensions ['cmake', 'python']
[0.226s] Level 1:colcon.colcon_core.package_identification:_identify(vjepa_visual_localization/outputs/warehouse_latent_predictions/20260825T140905Z/latents) by extension 'cmake'
[0.226s] Level 1:colcon.colcon_core.package_identification:_identify(vjepa_visual_localization/outputs/warehouse_latent_predictions/20260825T140905Z/latents) by extension 'python'
[0.226s] Level 1:colcon.colcon_core.package_identification:_identify(vjepa_visual_localization/outputs/warehouse_latent_predictions/20260825T140905Z/latents) by extensions ['python_setup_py']
[0.226s] Level 1:colcon.colcon_core.package_identification:_identify(vjepa_visual_localization/outputs/warehouse_latent_predictions/20260825T140905Z/latents) by extension 'python_setup_py'
[0.226s] Level 1:colcon.colcon_core.package_identification:_identify(vjepa_visual_localization/outputs/warehouse_latent_predictions/20260825T140905Z/predictions) by extensions ['ignore', 'ignore_ament_install']
[0.227s] Level 1:colcon.colcon_core.package_identification:_identify(vjepa_visual_localization/outputs/warehouse_latent_predictions/20260825T140905Z/predictions) by extension 'ignore'
[0.227s] Level 1:colcon.colcon_core.package_identification:_identify(vjepa_visual_localization/outputs/warehouse_latent_predictions/20260825T140905Z/predictions) by extension 'ignore_ament_install'
[0.227s] Level 1:colcon.colcon_core.package_identification:_identify(vjepa_visual_localization/outputs/warehouse_latent_predictions/20260825T140905Z/predictions) by extensions ['colcon_pkg']
[0.227s] Level 1:colcon.colcon_core.package_identification:_identify(vjepa_visual_localization/outputs/warehouse_latent_predictions/20260825T140905Z/predictions) by extension 'colcon_pkg'
[0.227s] Level 1:colcon.colcon_core.package_identification:_identify(vjepa_visual_localization/outputs/warehouse_latent_predictions/20260825T140905Z/predictions) by extensions ['colcon_meta']
[0.227s] Level 1:colcon.colcon_core.package_identification:_identify(vjepa_visual_localization/outputs/warehouse_latent_predictions/20260825T140905Z/predictions) by extension 'colcon_meta'
[0.227s] Level 1:colcon.colcon_core.package_identification:_identify(vjepa_visual_localization/outputs/warehouse_latent_predictions/20260825T140905Z/predictions) by extensions ['ros']
[0.227s] Level 1:colcon.colcon_core.package_identification:_identify(vjepa_visual_localization/outputs/warehouse_latent_predictions/20260825T140905Z/predictions) by extension 'ros'
[0.227s] Level 1:colcon.colcon_core.package_identification:_identify(vjepa_visual_localization/outputs/warehouse_latent_predictions/20260825T140905Z/predictions) by extensions ['cmake', 'python']
[0.227s] Level 1:colcon.colcon_core.package_identification:_identify(vjepa_visual_localization/outputs/warehouse_latent_predictions/20260825T140905Z/predictions) by extension 'cmake'
[0.227s] Level 1:colcon.colcon_core.package_identification:_identify(vjepa_visual_localization/outputs/warehouse_latent_predictions/20260825T140905Z/predictions) by extension 'python'
[0.227s] Level 1:colcon.colcon_core.package_identification:_identify(vjepa_visual_localization/outputs/warehouse_latent_predictions/20260825T140905Z/predictions) by extensions ['python_setup_py']
[0.227s] Level 1:colcon.colcon_core.package_identification:_identify(vjepa_visual_localization/outputs/warehouse_latent_predictions/20260825T140905Z/predictions) by extension 'python_setup_py'
[0.227s] Level 1:colcon.colcon_core.package_identification:_identify(vjepa_visual_localization/outputs/warehouse_latent_predictions/20260825T142136Z) by extensions ['ignore', 'ignore_ament_install']
[0.227s] Level 1:colcon.colcon_core.package_identification:_identify(vjepa_visual_localization/outputs/warehouse_latent_predictions/20260825T142136Z) by extension 'ignore'
[0.227s] Level 1:colcon.colcon_core.package_identification:_identify(vjepa_visual_localization/outputs/warehouse_latent_predictions/20260825T142136Z) by extension 'ignore_ament_install'
[0.227s] Level 1:colcon.colcon_core.package_identification:_identify(vjepa_visual_localization/outputs/warehouse_latent_predictions/20260825T142136Z) by extensions ['colcon_pkg']
[0.227s] Level 1:colcon.colcon_core.package_identification:_identify(vjepa_visual_localization/outputs/warehouse_latent_predictions/20260825T142136Z) by extension 'colcon_pkg'
[0.227s] Level 1:colcon.colcon_core.package_identification:_identify(vjepa_visual_localization/outputs/warehouse_latent_predictions/20260825T142136Z) by extensions ['colcon_meta']
[0.227s] Level 1:colcon.colcon_core.package_identification:_identify(vjepa_visual_localization/outputs/warehouse_latent_predictions/20260825T142136Z) by extension 'colcon_meta'
[0.227s] Level 1:colcon.colcon_core.package_identification:_identify(vjepa_visual_localization/outputs/warehouse_latent_predictions/20260825T142136Z) by extensions ['ros']
[0.227s] Level 1:colcon.colcon_core.package_identification:_identify(vjepa_visual_localization/outputs/warehouse_latent_predictions/20260825T142136Z) by extension 'ros'
[0.227s] Level 1:colcon.colcon_core.package_identification:_identify(vjepa_visual_localization/outputs/warehouse_latent_predictions/20260825T142136Z) by extensions ['cmake', 'python']
[0.227s] Level 1:colcon.colcon_core.package_identification:_identify(vjepa_visual_localization/outputs/warehouse_latent_predictions/20260825T142136Z) by extension 'cmake'
[0.227s] Level 1:colcon.colcon_core.package_identification:_identify(vjepa_visual_localization/outputs/warehouse_latent_predictions/20260825T142136Z) by extension 'python'
[0.227s] Level 1:colcon.colcon_core.package_identification:_identify(vjepa_visual_localization/outputs/warehouse_latent_predictions/20260825T142136Z) by extensions ['python_setup_py']
[0.227s] Level 1:colcon.colcon_core.package_identification:_identify(vjepa_visual_localization/outputs/warehouse_latent_predictions/20260825T142136Z) by extension 'python_setup_py'
[0.227s] Level 1:colcon.colcon_core.package_identification:_identify(vjepa_visual_localization/outputs/warehouse_latent_predictions/20260825T142136Z/behavior_visualizations) by extensions ['ignore', 'ignore_ament_install']
[0.227s] Level 1:colcon.colcon_core.package_identification:_identify(vjepa_visual_localization/outputs/warehouse_latent_predictions/20260825T142136Z/behavior_visualizations) by extension 'ignore'
[0.227s] Level 1:colcon.colcon_core.package_identification:_identify(vjepa_visual_localization/outputs/warehouse_latent_predictions/20260825T142136Z/behavior_visualizations) by extension 'ignore_ament_install'
[0.227s] Level 1:colcon.colcon_core.package_identification:_identify(vjepa_visual_localization/outputs/warehouse_latent_predictions/20260825T142136Z/behavior_visualizations) by extensions ['colcon_pkg']
[0.227s] Level 1:colcon.colcon_core.package_identification:_identify(vjepa_visual_localization/outputs/warehouse_latent_predictions/20260825T142136Z/behavior_visualizations) by extension 'colcon_pkg'
[0.227s] Level 1:colcon.colcon_core.package_identification:_identify(vjepa_visual_localization/outputs/warehouse_latent_predictions/20260825T142136Z/behavior_visualizations) by extensions ['colcon_meta']
[0.227s] Level 1:colcon.colcon_core.package_identification:_identify(vjepa_visual_localization/outputs/warehouse_latent_predictions/20260825T142136Z/behavior_visualizations) by extension 'colcon_meta'
[0.227s] Level 1:colcon.colcon_core.package_identification:_identify(vjepa_visual_localization/outputs/warehouse_latent_predictions/20260825T142136Z/behavior_visualizations) by extensions ['ros']
[0.228s] Level 1:colcon.colcon_core.package_identification:_identify(vjepa_visual_localization/outputs/warehouse_latent_predictions/20260825T142136Z/behavior_visualizations) by extension 'ros'
[0.228s] Level 1:colcon.colcon_core.package_identification:_identify(vjepa_visual_localization/outputs/warehouse_latent_predictions/20260825T142136Z/behavior_visualizations) by extensions ['cmake', 'python']
[0.228s] Level 1:colcon.colcon_core.package_identification:_identify(vjepa_visual_localization/outputs/warehouse_latent_predictions/20260825T142136Z/behavior_visualizations) by extension 'cmake'
[0.228s] Level 1:colcon.colcon_core.package_identification:_identify(vjepa_visual_localization/outputs/warehouse_latent_predictions/20260825T142136Z/behavior_visualizations) by extension 'python'
[0.228s] Level 1:colcon.colcon_core.package_identification:_identify(vjepa_visual_localization/outputs/warehouse_latent_predictions/20260825T142136Z/behavior_visualizations) by extensions ['python_setup_py']
[0.228s] Level 1:colcon.colcon_core.package_identification:_identify(vjepa_visual_localization/outputs/warehouse_latent_predictions/20260825T142136Z/behavior_visualizations) by extension 'python_setup_py'
[0.228s] Level 1:colcon.colcon_core.package_identification:_identify(vjepa_visual_localization/outputs/warehouse_latent_predictions/20260825T142136Z/frames) by extensions ['ignore', 'ignore_ament_install']
[0.228s] Level 1:colcon.colcon_core.package_identification:_identify(vjepa_visual_localization/outputs/warehouse_latent_predictions/20260825T142136Z/frames) by extension 'ignore'
[0.228s] Level 1:colcon.colcon_core.package_identification:_identify(vjepa_visual_localization/outputs/warehouse_latent_predictions/20260825T142136Z/frames) by extension 'ignore_ament_install'
[0.228s] Level 1:colcon.colcon_core.package_identification:_identify(vjepa_visual_localization/outputs/warehouse_latent_predictions/20260825T142136Z/frames) by extensions ['colcon_pkg']
[0.228s] Level 1:colcon.colcon_core.package_identification:_identify(vjepa_visual_localization/outputs/warehouse_latent_predictions/20260825T142136Z/frames) by extension 'colcon_pkg'
[0.228s] Level 1:colcon.colcon_core.package_identification:_identify(vjepa_visual_localization/outputs/warehouse_latent_predictions/20260825T142136Z/frames) by extensions ['colcon_meta']
[0.228s] Level 1:colcon.colcon_core.package_identification:_identify(vjepa_visual_localization/outputs/warehouse_latent_predictions/20260825T142136Z/frames) by extension 'colcon_meta'
[0.228s] Level 1:colcon.colcon_core.package_identification:_identify(vjepa_visual_localization/outputs/warehouse_latent_predictions/20260825T142136Z/frames) by extensions ['ros']
[0.228s] Level 1:colcon.colcon_core.package_identification:_identify(vjepa_visual_localization/outputs/warehouse_latent_predictions/20260825T142136Z/frames) by extension 'ros'
[0.228s] Level 1:colcon.colcon_core.package_identification:_identify(vjepa_visual_localization/outputs/warehouse_latent_predictions/20260825T142136Z/frames) by extensions ['cmake', 'python']
[0.228s] Level 1:colcon.colcon_core.package_identification:_identify(vjepa_visual_localization/outputs/warehouse_latent_predictions/20260825T142136Z/frames) by extension 'cmake'
[0.228s] Level 1:colcon.colcon_core.package_identification:_identify(vjepa_visual_localization/outputs/warehouse_latent_predictions/20260825T142136Z/frames) by extension 'python'
[0.228s] Level 1:colcon.colcon_core.package_identification:_identify(vjepa_visual_localization/outputs/warehouse_latent_predictions/20260825T142136Z/frames) by extensions ['python_setup_py']
[0.228s] Level 1:colcon.colcon_core.package_identification:_identify(vjepa_visual_localization/outputs/warehouse_latent_predictions/20260825T142136Z/frames) by extension 'python_setup_py'
[0.228s] Level 1:colcon.colcon_core.package_identification:_identify(vjepa_visual_localization/outputs/warehouse_latent_predictions/20260825T142136Z/latents) by extensions ['ignore', 'ignore_ament_install']
[0.228s] Level 1:colcon.colcon_core.package_identification:_identify(vjepa_visual_localization/outputs/warehouse_latent_predictions/20260825T142136Z/latents) by extension 'ignore'
[0.228s] Level 1:colcon.colcon_core.package_identification:_identify(vjepa_visual_localization/outputs/warehouse_latent_predictions/20260825T142136Z/latents) by extension 'ignore_ament_install'
[0.228s] Level 1:colcon.colcon_core.package_identification:_identify(vjepa_visual_localization/outputs/warehouse_latent_predictions/20260825T142136Z/latents) by extensions ['colcon_pkg']
[0.228s] Level 1:colcon.colcon_core.package_identification:_identify(vjepa_visual_localization/outputs/warehouse_latent_predictions/20260825T142136Z/latents) by extension 'colcon_pkg'
[0.228s] Level 1:colcon.colcon_core.package_identification:_identify(vjepa_visual_localization/outputs/warehouse_latent_predictions/20260825T142136Z/latents) by extensions ['colcon_meta']
[0.228s] Level 1:colcon.colcon_core.package_identification:_identify(vjepa_visual_localization/outputs/warehouse_latent_predictions/20260825T142136Z/latents) by extension 'colcon_meta'
[0.228s] Level 1:colcon.colcon_core.package_identification:_identify(vjepa_visual_localization/outputs/warehouse_latent_predictions/20260825T142136Z/latents) by extensions ['ros']
[0.228s] Level 1:colcon.colcon_core.package_identification:_identify(vjepa_visual_localization/outputs/warehouse_latent_predictions/20260825T142136Z/latents) by extension 'ros'
[0.229s] Level 1:colcon.colcon_core.package_identification:_identify(vjepa_visual_localization/outputs/warehouse_latent_predictions/20260825T142136Z/latents) by extensions ['cmake', 'python']
[0.229s] Level 1:colcon.colcon_core.package_identification:_identify(vjepa_visual_localization/outputs/warehouse_latent_predictions/20260825T142136Z/latents) by extension 'cmake'
[0.229s] Level 1:colcon.colcon_core.package_identification:_identify(vjepa_visual_localization/outputs/warehouse_latent_predictions/20260825T142136Z/latents) by extension 'python'
[0.229s] Level 1:colcon.colcon_core.package_identification:_identify(vjepa_visual_localization/outputs/warehouse_latent_predictions/20260825T142136Z/latents) by extensions ['python_setup_py']
[0.229s] Level 1:colcon.colcon_core.package_identification:_identify(vjepa_visual_localization/outputs/warehouse_latent_predictions/20260825T142136Z/latents) by extension 'python_setup_py'
[0.229s] Level 1:colcon.colcon_core.package_identification:_identify(vjepa_visual_localization/outputs/warehouse_latent_predictions/20260825T142136Z/predictions) by extensions ['ignore', 'ignore_ament_install']
[0.229s] Level 1:colcon.colcon_core.package_identification:_identify(vjepa_visual_localization/outputs/warehouse_latent_predictions/20260825T142136Z/predictions) by extension 'ignore'
[0.229s] Level 1:colcon.colcon_core.package_identification:_identify(vjepa_visual_localization/outputs/warehouse_latent_predictions/20260825T142136Z/predictions) by extension 'ignore_ament_install'
[0.229s] Level 1:colcon.colcon_core.package_identification:_identify(vjepa_visual_localization/outputs/warehouse_latent_predictions/20260825T142136Z/predictions) by extensions ['colcon_pkg']
[0.229s] Level 1:colcon.colcon_core.package_identification:_identify(vjepa_visual_localization/outputs/warehouse_latent_predictions/20260825T142136Z/predictions) by extension 'colcon_pkg'
[0.229s] Level 1:colcon.colcon_core.package_identification:_identify(vjepa_visual_localization/outputs/warehouse_latent_predictions/20260825T142136Z/predictions) by extensions ['colcon_meta']
[0.229s] Level 1:colcon.colcon_core.package_identification:_identify(vjepa_visual_localization/outputs/warehouse_latent_predictions/20260825T142136Z/predictions) by extension 'colcon_meta'
[0.229s] Level 1:colcon.colcon_core.package_identification:_identify(vjepa_visual_localization/outputs/warehouse_latent_predictions/20260825T142136Z/predictions) by extensions ['ros']
[0.229s] Level 1:colcon.colcon_core.package_identification:_identify(vjepa_visual_localization/outputs/warehouse_latent_predictions/20260825T142136Z/predictions) by extension 'ros'
[0.229s] Level 1:colcon.colcon_core.package_identification:_identify(vjepa_visual_localization/outputs/warehouse_latent_predictions/20260825T142136Z/predictions) by extensions ['cmake', 'python']
[0.229s] Level 1:colcon.colcon_core.package_identification:_identify(vjepa_visual_localization/outputs/warehouse_latent_predictions/20260825T142136Z/predictions) by extension 'cmake'
[0.229s] Level 1:colcon.colcon_core.package_identification:_identify(vjepa_visual_localization/outputs/warehouse_latent_predictions/20260825T142136Z/predictions) by extension 'python'
[0.229s] Level 1:colcon.colcon_core.package_identification:_identify(vjepa_visual_localization/outputs/warehouse_latent_predictions/20260825T142136Z/predictions) by extensions ['python_setup_py']
[0.229s] Level 1:colcon.colcon_core.package_identification:_identify(vjepa_visual_localization/outputs/warehouse_latent_predictions/20260825T142136Z/predictions) by extension 'python_setup_py'
[0.229s] Level 1:colcon.colcon_core.package_identification:_identify(vjepa_visual_localization/outputs/warehouse_latent_predictions/20260825T143232Z) by extensions ['ignore', 'ignore_ament_install']
[0.229s] Level 1:colcon.colcon_core.package_identification:_identify(vjepa_visual_localization/outputs/warehouse_latent_predictions/20260825T143232Z) by extension 'ignore'
[0.229s] Level 1:colcon.colcon_core.package_identification:_identify(vjepa_visual_localization/outputs/warehouse_latent_predictions/20260825T143232Z) by extension 'ignore_ament_install'
[0.229s] Level 1:colcon.colcon_core.package_identification:_identify(vjepa_visual_localization/outputs/warehouse_latent_predictions/20260825T143232Z) by extensions ['colcon_pkg']
[0.229s] Level 1:colcon.colcon_core.package_identification:_identify(vjepa_visual_localization/outputs/warehouse_latent_predictions/20260825T143232Z) by extension 'colcon_pkg'
[0.229s] Level 1:colcon.colcon_core.package_identification:_identify(vjepa_visual_localization/outputs/warehouse_latent_predictions/20260825T143232Z) by extensions ['colcon_meta']
[0.229s] Level 1:colcon.colcon_core.package_identification:_identify(vjepa_visual_localization/outputs/warehouse_latent_predictions/20260825T143232Z) by extension 'colcon_meta'
[0.230s] Level 1:colcon.colcon_core.package_identification:_identify(vjepa_visual_localization/outputs/warehouse_latent_predictions/20260825T143232Z) by extensions ['ros']
[0.230s] Level 1:colcon.colcon_core.package_identification:_identify(vjepa_visual_localization/outputs/warehouse_latent_predictions/20260825T143232Z) by extension 'ros'
[0.230s] Level 1:colcon.colcon_core.package_identification:_identify(vjepa_visual_localization/outputs/warehouse_latent_predictions/20260825T143232Z) by extensions ['cmake', 'python']
[0.230s] Level 1:colcon.colcon_core.package_identification:_identify(vjepa_visual_localization/outputs/warehouse_latent_predictions/20260825T143232Z) by extension 'cmake'
[0.230s] Level 1:colcon.colcon_core.package_identification:_identify(vjepa_visual_localization/outputs/warehouse_latent_predictions/20260825T143232Z) by extension 'python'
[0.230s] Level 1:colcon.colcon_core.package_identification:_identify(vjepa_visual_localization/outputs/warehouse_latent_predictions/20260825T143232Z) by extensions ['python_setup_py']
[0.230s] Level 1:colcon.colcon_core.package_identification:_identify(vjepa_visual_localization/outputs/warehouse_latent_predictions/20260825T143232Z) by extension 'python_setup_py'
[0.230s] Level 1:colcon.colcon_core.package_identification:_identify(vjepa_visual_localization/outputs/warehouse_latent_predictions/20260825T143232Z/behavior_visualizations) by extensions ['ignore', 'ignore_ament_install']
[0.230s] Level 1:colcon.colcon_core.package_identification:_identify(vjepa_visual_localization/outputs/warehouse_latent_predictions/20260825T143232Z/behavior_visualizations) by extension 'ignore'
[0.230s] Level 1:colcon.colcon_core.package_identification:_identify(vjepa_visual_localization/outputs/warehouse_latent_predictions/20260825T143232Z/behavior_visualizations) by extension 'ignore_ament_install'
[0.230s] Level 1:colcon.colcon_core.package_identification:_identify(vjepa_visual_localization/outputs/warehouse_latent_predictions/20260825T143232Z/behavior_visualizations) by extensions ['colcon_pkg']
[0.230s] Level 1:colcon.colcon_core.package_identification:_identify(vjepa_visual_localization/outputs/warehouse_latent_predictions/20260825T143232Z/behavior_visualizations) by extension 'colcon_pkg'
[0.230s] Level 1:colcon.colcon_core.package_identification:_identify(vjepa_visual_localization/outputs/warehouse_latent_predictions/20260825T143232Z/behavior_visualizations) by extensions ['colcon_meta']
[0.230s] Level 1:colcon.colcon_core.package_identification:_identify(vjepa_visual_localization/outputs/warehouse_latent_predictions/20260825T143232Z/behavior_visualizations) by extension 'colcon_meta'
[0.230s] Level 1:colcon.colcon_core.package_identification:_identify(vjepa_visual_localization/outputs/warehouse_latent_predictions/20260825T143232Z/behavior_visualizations) by extensions ['ros']
[0.230s] Level 1:colcon.colcon_core.package_identification:_identify(vjepa_visual_localization/outputs/warehouse_latent_predictions/20260825T143232Z/behavior_visualizations) by extension 'ros'
[0.230s] Level 1:colcon.colcon_core.package_identification:_identify(vjepa_visual_localization/outputs/warehouse_latent_predictions/20260825T143232Z/behavior_visualizations) by extensions ['cmake', 'python']
[0.230s] Level 1:colcon.colcon_core.package_identification:_identify(vjepa_visual_localization/outputs/warehouse_latent_predictions/20260825T143232Z/behavior_visualizations) by extension 'cmake'
[0.230s] Level 1:colcon.colcon_core.package_identification:_identify(vjepa_visual_localization/outputs/warehouse_latent_predictions/20260825T143232Z/behavior_visualizations) by extension 'python'
[0.230s] Level 1:colcon.colcon_core.package_identification:_identify(vjepa_visual_localization/outputs/warehouse_latent_predictions/20260825T143232Z/behavior_visualizations) by extensions ['python_setup_py']
[0.230s] Level 1:colcon.colcon_core.package_identification:_identify(vjepa_visual_localization/outputs/warehouse_latent_predictions/20260825T143232Z/behavior_visualizations) by extension 'python_setup_py'
[0.230s] Level 1:colcon.colcon_core.package_identification:_identify(vjepa_visual_localization/outputs/warehouse_latent_predictions/20260825T143232Z/frames) by extensions ['ignore', 'ignore_ament_install']
[0.230s] Level 1:colcon.colcon_core.package_identification:_identify(vjepa_visual_localization/outputs/warehouse_latent_predictions/20260825T143232Z/frames) by extension 'ignore'
[0.230s] Level 1:colcon.colcon_core.package_identification:_identify(vjepa_visual_localization/outputs/warehouse_latent_predictions/20260825T143232Z/frames) by extension 'ignore_ament_install'
[0.230s] Level 1:colcon.colcon_core.package_identification:_identify(vjepa_visual_localization/outputs/warehouse_latent_predictions/20260825T143232Z/frames) by extensions ['colcon_pkg']
[0.230s] Level 1:colcon.colcon_core.package_identification:_identify(vjepa_visual_localization/outputs/warehouse_latent_predictions/20260825T143232Z/frames) by extension 'colcon_pkg'
[0.230s] Level 1:colcon.colcon_core.package_identification:_identify(vjepa_visual_localization/outputs/warehouse_latent_predictions/20260825T143232Z/frames) by extensions ['colcon_meta']
[0.230s] Level 1:colcon.colcon_core.package_identification:_identify(vjepa_visual_localization/outputs/warehouse_latent_predictions/20260825T143232Z/frames) by extension 'colcon_meta'
[0.230s] Level 1:colcon.colcon_core.package_identification:_identify(vjepa_visual_localization/outputs/warehouse_latent_predictions/20260825T143232Z/frames) by extensions ['ros']
[0.230s] Level 1:colcon.colcon_core.package_identification:_identify(vjepa_visual_localization/outputs/warehouse_latent_predictions/20260825T143232Z/frames) by extension 'ros'
[0.230s] Level 1:colcon.colcon_core.package_identification:_identify(vjepa_visual_localization/outputs/warehouse_latent_predictions/20260825T143232Z/frames) by extensions ['cmake', 'python']
[0.230s] Level 1:colcon.colcon_core.package_identification:_identify(vjepa_visual_localization/outputs/warehouse_latent_predictions/20260825T143232Z/frames) by extension 'cmake'
[0.230s] Level 1:colcon.colcon_core.package_identification:_identify(vjepa_visual_localization/outputs/warehouse_latent_predictions/20260825T143232Z/frames) by extension 'python'
[0.230s] Level 1:colcon.colcon_core.package_identification:_identify(vjepa_visual_localization/outputs/warehouse_latent_predictions/20260825T143232Z/frames) by extensions ['python_setup_py']
[0.230s] Level 1:colcon.colcon_core.package_identification:_identify(vjepa_visual_localization/outputs/warehouse_latent_predictions/20260825T143232Z/frames) by extension 'python_setup_py'
[0.231s] Level 1:colcon.colcon_core.package_identification:_identify(vjepa_visual_localization/outputs/warehouse_latent_predictions/20260825T143232Z/latents) by extensions ['ignore', 'ignore_ament_install']
[0.231s] Level 1:colcon.colcon_core.package_identification:_identify(vjepa_visual_localization/outputs/warehouse_latent_predictions/20260825T143232Z/latents) by extension 'ignore'
[0.231s] Level 1:colcon.colcon_core.package_identification:_identify(vjepa_visual_localization/outputs/warehouse_latent_predictions/20260825T143232Z/latents) by extension 'ignore_ament_install'
[0.231s] Level 1:colcon.colcon_core.package_identification:_identify(vjepa_visual_localization/outputs/warehouse_latent_predictions/20260825T143232Z/latents) by extensions ['colcon_pkg']
[0.231s] Level 1:colcon.colcon_core.package_identification:_identify(vjepa_visual_localization/outputs/warehouse_latent_predictions/20260825T143232Z/latents) by extension 'colcon_pkg'
[0.231s] Level 1:colcon.colcon_core.package_identification:_identify(vjepa_visual_localization/outputs/warehouse_latent_predictions/20260825T143232Z/latents) by extensions ['colcon_meta']
[0.231s] Level 1:colcon.colcon_core.package_identification:_identify(vjepa_visual_localization/outputs/warehouse_latent_predictions/20260825T143232Z/latents) by extension 'colcon_meta'
[0.231s] Level 1:colcon.colcon_core.package_identification:_identify(vjepa_visual_localization/outputs/warehouse_latent_predictions/20260825T143232Z/latents) by extensions ['ros']
[0.231s] Level 1:colcon.colcon_core.package_identification:_identify(vjepa_visual_localization/outputs/warehouse_latent_predictions/20260825T143232Z/latents) by extension 'ros'
[0.231s] Level 1:colcon.colcon_core.package_identification:_identify(vjepa_visual_localization/outputs/warehouse_latent_predictions/20260825T143232Z/latents) by extensions ['cmake', 'python']
[0.231s] Level 1:colcon.colcon_core.package_identification:_identify(vjepa_visual_localization/outputs/warehouse_latent_predictions/20260825T143232Z/latents) by extension 'cmake'
[0.231s] Level 1:colcon.colcon_core.package_identification:_identify(vjepa_visual_localization/outputs/warehouse_latent_predictions/20260825T143232Z/latents) by extension 'python'
[0.231s] Level 1:colcon.colcon_core.package_identification:_identify(vjepa_visual_localization/outputs/warehouse_latent_predictions/20260825T143232Z/latents) by extensions ['python_setup_py']
[0.231s] Level 1:colcon.colcon_core.package_identification:_identify(vjepa_visual_localization/outputs/warehouse_latent_predictions/20260825T143232Z/latents) by extension 'python_setup_py'
[0.231s] Level 1:colcon.colcon_core.package_identification:_identify(vjepa_visual_localization/outputs/warehouse_latent_predictions/20260825T143232Z/predictions) by extensions ['ignore', 'ignore_ament_install']
[0.231s] Level 1:colcon.colcon_core.package_identification:_identify(vjepa_visual_localization/outputs/warehouse_latent_predictions/20260825T143232Z/predictions) by extension 'ignore'
[0.231s] Level 1:colcon.colcon_core.package_identification:_identify(vjepa_visual_localization/outputs/warehouse_latent_predictions/20260825T143232Z/predictions) by extension 'ignore_ament_install'
[0.231s] Level 1:colcon.colcon_core.package_identification:_identify(vjepa_visual_localization/outputs/warehouse_latent_predictions/20260825T143232Z/predictions) by extensions ['colcon_pkg']
[0.231s] Level 1:colcon.colcon_core.package_identification:_identify(vjepa_visual_localization/outputs/warehouse_latent_predictions/20260825T143232Z/predictions) by extension 'colcon_pkg'
[0.231s] Level 1:colcon.colcon_core.package_identification:_identify(vjepa_visual_localization/outputs/warehouse_latent_predictions/20260825T143232Z/predictions) by extensions ['colcon_meta']
[0.231s] Level 1:colcon.colcon_core.package_identification:_identify(vjepa_visual_localization/outputs/warehouse_latent_predictions/20260825T143232Z/predictions) by extension 'colcon_meta'
[0.231s] Level 1:colcon.colcon_core.package_identification:_identify(vjepa_visual_localization/outputs/warehouse_latent_predictions/20260825T143232Z/predictions) by extensions ['ros']
[0.231s] Level 1:colcon.colcon_core.package_identification:_identify(vjepa_visual_localization/outputs/warehouse_latent_predictions/20260825T143232Z/predictions) by extension 'ros'
[0.231s] Level 1:colcon.colcon_core.package_identification:_identify(vjepa_visual_localization/outputs/warehouse_latent_predictions/20260825T143232Z/predictions) by extensions ['cmake', 'python']
[0.231s] Level 1:colcon.colcon_core.package_identification:_identify(vjepa_visual_localization/outputs/warehouse_latent_predictions/20260825T143232Z/predictions) by extension 'cmake'
[0.231s] Level 1:colcon.colcon_core.package_identification:_identify(vjepa_visual_localization/outputs/warehouse_latent_predictions/20260825T143232Z/predictions) by extension 'python'
[0.231s] Level 1:colcon.colcon_core.package_identification:_identify(vjepa_visual_localization/outputs/warehouse_latent_predictions/20260825T143232Z/predictions) by extensions ['python_setup_py']
[0.231s] Level 1:colcon.colcon_core.package_identification:_identify(vjepa_visual_localization/outputs/warehouse_latent_predictions/20260825T143232Z/predictions) by extension 'python_setup_py'
[0.231s] Level 1:colcon.colcon_core.package_identification:_identify(vjepa_visual_localization/outputs/warehouse_latent_predictions/20260825T143404Z) by extensions ['ignore', 'ignore_ament_install']
[0.231s] Level 1:colcon.colcon_core.package_identification:_identify(vjepa_visual_localization/outputs/warehouse_latent_predictions/20260825T143404Z) by extension 'ignore'
[0.231s] Level 1:colcon.colcon_core.package_identification:_identify(vjepa_visual_localization/outputs/warehouse_latent_predictions/20260825T143404Z) by extension 'ignore_ament_install'
[0.231s] Level 1:colcon.colcon_core.package_identification:_identify(vjepa_visual_localization/outputs/warehouse_latent_predictions/20260825T143404Z) by extensions ['colcon_pkg']
[0.232s] Level 1:colcon.colcon_core.package_identification:_identify(vjepa_visual_localization/outputs/warehouse_latent_predictions/20260825T143404Z) by extension 'colcon_pkg'
[0.232s] Level 1:colcon.colcon_core.package_identification:_identify(vjepa_visual_localization/outputs/warehouse_latent_predictions/20260825T143404Z) by extensions ['colcon_meta']
[0.232s] Level 1:colcon.colcon_core.package_identification:_identify(vjepa_visual_localization/outputs/warehouse_latent_predictions/20260825T143404Z) by extension 'colcon_meta'
[0.232s] Level 1:colcon.colcon_core.package_identification:_identify(vjepa_visual_localization/outputs/warehouse_latent_predictions/20260825T143404Z) by extensions ['ros']
[0.232s] Level 1:colcon.colcon_core.package_identification:_identify(vjepa_visual_localization/outputs/warehouse_latent_predictions/20260825T143404Z) by extension 'ros'
[0.232s] Level 1:colcon.colcon_core.package_identification:_identify(vjepa_visual_localization/outputs/warehouse_latent_predictions/20260825T143404Z) by extensions ['cmake', 'python']
[0.232s] Level 1:colcon.colcon_core.package_identification:_identify(vjepa_visual_localization/outputs/warehouse_latent_predictions/20260825T143404Z) by extension 'cmake'
[0.232s] Level 1:colcon.colcon_core.package_identification:_identify(vjepa_visual_localization/outputs/warehouse_latent_predictions/20260825T143404Z) by extension 'python'
[0.232s] Level 1:colcon.colcon_core.package_identification:_identify(vjepa_visual_localization/outputs/warehouse_latent_predictions/20260825T143404Z) by extensions ['python_setup_py']
[0.232s] Level 1:colcon.colcon_core.package_identification:_identify(vjepa_visual_localization/outputs/warehouse_latent_predictions/20260825T143404Z) by extension 'python_setup_py'
[0.232s] Level 1:colcon.colcon_core.package_identification:_identify(vjepa_visual_localization/outputs/warehouse_latent_predictions/20260825T143404Z/behavior_visualizations) by extensions ['ignore', 'ignore_ament_install']
[0.232s] Level 1:colcon.colcon_core.package_identification:_identify(vjepa_visual_localization/outputs/warehouse_latent_predictions/20260825T143404Z/behavior_visualizations) by extension 'ignore'
[0.232s] Level 1:colcon.colcon_core.package_identification:_identify(vjepa_visual_localization/outputs/warehouse_latent_predictions/20260825T143404Z/behavior_visualizations) by extension 'ignore_ament_install'
[0.232s] Level 1:colcon.colcon_core.package_identification:_identify(vjepa_visual_localization/outputs/warehouse_latent_predictions/20260825T143404Z/behavior_visualizations) by extensions ['colcon_pkg']
[0.232s] Level 1:colcon.colcon_core.package_identification:_identify(vjepa_visual_localization/outputs/warehouse_latent_predictions/20260825T143404Z/behavior_visualizations) by extension 'colcon_pkg'
[0.232s] Level 1:colcon.colcon_core.package_identification:_identify(vjepa_visual_localization/outputs/warehouse_latent_predictions/20260825T143404Z/behavior_visualizations) by extensions ['colcon_meta']
[0.232s] Level 1:colcon.colcon_core.package_identification:_identify(vjepa_visual_localization/outputs/warehouse_latent_predictions/20260825T143404Z/behavior_visualizations) by extension 'colcon_meta'
[0.232s] Level 1:colcon.colcon_core.package_identification:_identify(vjepa_visual_localization/outputs/warehouse_latent_predictions/20260825T143404Z/behavior_visualizations) by extensions ['ros']
[0.232s] Level 1:colcon.colcon_core.package_identification:_identify(vjepa_visual_localization/outputs/warehouse_latent_predictions/20260825T143404Z/behavior_visualizations) by extension 'ros'
[0.232s] Level 1:colcon.colcon_core.package_identification:_identify(vjepa_visual_localization/outputs/warehouse_latent_predictions/20260825T143404Z/behavior_visualizations) by extensions ['cmake', 'python']
[0.232s] Level 1:colcon.colcon_core.package_identification:_identify(vjepa_visual_localization/outputs/warehouse_latent_predictions/20260825T143404Z/behavior_visualizations) by extension 'cmake'
[0.232s] Level 1:colcon.colcon_core.package_identification:_identify(vjepa_visual_localization/outputs/warehouse_latent_predictions/20260825T143404Z/behavior_visualizations) by extension 'python'
[0.232s] Level 1:colcon.colcon_core.package_identification:_identify(vjepa_visual_localization/outputs/warehouse_latent_predictions/20260825T143404Z/behavior_visualizations) by extensions ['python_setup_py']
[0.232s] Level 1:colcon.colcon_core.package_identification:_identify(vjepa_visual_localization/outputs/warehouse_latent_predictions/20260825T143404Z/behavior_visualizations) by extension 'python_setup_py'
[0.232s] Level 1:colcon.colcon_core.package_identification:_identify(vjepa_visual_localization/outputs/warehouse_latent_predictions/20260825T143404Z/frames) by extensions ['ignore', 'ignore_ament_install']
[0.232s] Level 1:colcon.colcon_core.package_identification:_identify(vjepa_visual_localization/outputs/warehouse_latent_predictions/20260825T143404Z/frames) by extension 'ignore'
[0.232s] Level 1:colcon.colcon_core.package_identification:_identify(vjepa_visual_localization/outputs/warehouse_latent_predictions/20260825T143404Z/frames) by extension 'ignore_ament_install'
[0.232s] Level 1:colcon.colcon_core.package_identification:_identify(vjepa_visual_localization/outputs/warehouse_latent_predictions/20260825T143404Z/frames) by extensions ['colcon_pkg']
[0.232s] Level 1:colcon.colcon_core.package_identification:_identify(vjepa_visual_localization/outputs/warehouse_latent_predictions/20260825T143404Z/frames) by extension 'colcon_pkg'
[0.232s] Level 1:colcon.colcon_core.package_identification:_identify(vjepa_visual_localization/outputs/warehouse_latent_predictions/20260825T143404Z/frames) by extensions ['colcon_meta']
[0.232s] Level 1:colcon.colcon_core.package_identification:_identify(vjepa_visual_localization/outputs/warehouse_latent_predictions/20260825T143404Z/frames) by extension 'colcon_meta'
[0.232s] Level 1:colcon.colcon_core.package_identification:_identify(vjepa_visual_localization/outputs/warehouse_latent_predictions/20260825T143404Z/frames) by extensions ['ros']
[0.232s] Level 1:colcon.colcon_core.package_identification:_identify(vjepa_visual_localization/outputs/warehouse_latent_predictions/20260825T143404Z/frames) by extension 'ros'
[0.232s] Level 1:colcon.colcon_core.package_identification:_identify(vjepa_visual_localization/outputs/warehouse_latent_predictions/20260825T143404Z/frames) by extensions ['cmake', 'python']
[0.232s] Level 1:colcon.colcon_core.package_identification:_identify(vjepa_visual_localization/outputs/warehouse_latent_predictions/20260825T143404Z/frames) by extension 'cmake'
[0.232s] Level 1:colcon.colcon_core.package_identification:_identify(vjepa_visual_localization/outputs/warehouse_latent_predictions/20260825T143404Z/frames) by extension 'python'
[0.232s] Level 1:colcon.colcon_core.package_identification:_identify(vjepa_visual_localization/outputs/warehouse_latent_predictions/20260825T143404Z/frames) by extensions ['python_setup_py']
[0.232s] Level 1:colcon.colcon_core.package_identification:_identify(vjepa_visual_localization/outputs/warehouse_latent_predictions/20260825T143404Z/frames) by extension 'python_setup_py'
[0.232s] Level 1:colcon.colcon_core.package_identification:_identify(vjepa_visual_localization/outputs/warehouse_latent_predictions/20260825T143404Z/latents) by extensions ['ignore', 'ignore_ament_install']
[0.233s] Level 1:colcon.colcon_core.package_identification:_identify(vjepa_visual_localization/outputs/warehouse_latent_predictions/20260825T143404Z/latents) by extension 'ignore'
[0.233s] Level 1:colcon.colcon_core.package_identification:_identify(vjepa_visual_localization/outputs/warehouse_latent_predictions/20260825T143404Z/latents) by extension 'ignore_ament_install'
[0.233s] Level 1:colcon.colcon_core.package_identification:_identify(vjepa_visual_localization/outputs/warehouse_latent_predictions/20260825T143404Z/latents) by extensions ['colcon_pkg']
[0.233s] Level 1:colcon.colcon_core.package_identification:_identify(vjepa_visual_localization/outputs/warehouse_latent_predictions/20260825T143404Z/latents) by extension 'colcon_pkg'
[0.233s] Level 1:colcon.colcon_core.package_identification:_identify(vjepa_visual_localization/outputs/warehouse_latent_predictions/20260825T143404Z/latents) by extensions ['colcon_meta']
[0.233s] Level 1:colcon.colcon_core.package_identification:_identify(vjepa_visual_localization/outputs/warehouse_latent_predictions/20260825T143404Z/latents) by extension 'colcon_meta'
[0.233s] Level 1:colcon.colcon_core.package_identification:_identify(vjepa_visual_localization/outputs/warehouse_latent_predictions/20260825T143404Z/latents) by extensions ['ros']
[0.233s] Level 1:colcon.colcon_core.package_identification:_identify(vjepa_visual_localization/outputs/warehouse_latent_predictions/20260825T143404Z/latents) by extension 'ros'
[0.233s] Level 1:colcon.colcon_core.package_identification:_identify(vjepa_visual_localization/outputs/warehouse_latent_predictions/20260825T143404Z/latents) by extensions ['cmake', 'python']
[0.233s] Level 1:colcon.colcon_core.package_identification:_identify(vjepa_visual_localization/outputs/warehouse_latent_predictions/20260825T143404Z/latents) by extension 'cmake'
[0.233s] Level 1:colcon.colcon_core.package_identification:_identify(vjepa_visual_localization/outputs/warehouse_latent_predictions/20260825T143404Z/latents) by extension 'python'
[0.233s] Level 1:colcon.colcon_core.package_identification:_identify(vjepa_visual_localization/outputs/warehouse_latent_predictions/20260825T143404Z/latents) by extensions ['python_setup_py']
[0.233s] Level 1:colcon.colcon_core.package_identification:_identify(vjepa_visual_localization/outputs/warehouse_latent_predictions/20260825T143404Z/latents) by extension 'python_setup_py'
[0.233s] Level 1:colcon.colcon_core.package_identification:_identify(vjepa_visual_localization/outputs/warehouse_latent_predictions/20260825T143404Z/predictions) by extensions ['ignore', 'ignore_ament_install']
[0.233s] Level 1:colcon.colcon_core.package_identification:_identify(vjepa_visual_localization/outputs/warehouse_latent_predictions/20260825T143404Z/predictions) by extension 'ignore'
[0.233s] Level 1:colcon.colcon_core.package_identification:_identify(vjepa_visual_localization/outputs/warehouse_latent_predictions/20260825T143404Z/predictions) by extension 'ignore_ament_install'
[0.233s] Level 1:colcon.colcon_core.package_identification:_identify(vjepa_visual_localization/outputs/warehouse_latent_predictions/20260825T143404Z/predictions) by extensions ['colcon_pkg']
[0.233s] Level 1:colcon.colcon_core.package_identification:_identify(vjepa_visual_localization/outputs/warehouse_latent_predictions/20260825T143404Z/predictions) by extension 'colcon_pkg'
[0.233s] Level 1:colcon.colcon_core.package_identification:_identify(vjepa_visual_localization/outputs/warehouse_latent_predictions/20260825T143404Z/predictions) by extensions ['colcon_meta']
[0.233s] Level 1:colcon.colcon_core.package_identification:_identify(vjepa_visual_localization/outputs/warehouse_latent_predictions/20260825T143404Z/predictions) by extension 'colcon_meta'
[0.233s] Level 1:colcon.colcon_core.package_identification:_identify(vjepa_visual_localization/outputs/warehouse_latent_predictions/20260825T143404Z/predictions) by extensions ['ros']
[0.233s] Level 1:colcon.colcon_core.package_identification:_identify(vjepa_visual_localization/outputs/warehouse_latent_predictions/20260825T143404Z/predictions) by extension 'ros'
[0.233s] Level 1:colcon.colcon_core.package_identification:_identify(vjepa_visual_localization/outputs/warehouse_latent_predictions/20260825T143404Z/predictions) by extensions ['cmake', 'python']
[0.233s] Level 1:colcon.colcon_core.package_identification:_identify(vjepa_visual_localization/outputs/warehouse_latent_predictions/20260825T143404Z/predictions) by extension 'cmake'
[0.233s] Level 1:colcon.colcon_core.package_identification:_identify(vjepa_visual_localization/outputs/warehouse_latent_predictions/20260825T143404Z/predictions) by extension 'python'
[0.233s] Level 1:colcon.colcon_core.package_identification:_identify(vjepa_visual_localization/outputs/warehouse_latent_predictions/20260825T143404Z/predictions) by extensions ['python_setup_py']
[0.233s] Level 1:colcon.colcon_core.package_identification:_identify(vjepa_visual_localization/outputs/warehouse_latent_predictions/20260825T143404Z/predictions) by extension 'python_setup_py'
[0.233s] Level 1:colcon.colcon_core.package_identification:_identify(vjepa_visual_localization/outputs/warehouse_latent_predictions/20260825T143646Z) by extensions ['ignore', 'ignore_ament_install']
[0.233s] Level 1:colcon.colcon_core.package_identification:_identify(vjepa_visual_localization/outputs/warehouse_latent_predictions/20260825T143646Z) by extension 'ignore'
[0.233s] Level 1:colcon.colcon_core.package_identification:_identify(vjepa_visual_localization/outputs/warehouse_latent_predictions/20260825T143646Z) by extension 'ignore_ament_install'
[0.233s] Level 1:colcon.colcon_core.package_identification:_identify(vjepa_visual_localization/outputs/warehouse_latent_predictions/20260825T143646Z) by extensions ['colcon_pkg']
[0.233s] Level 1:colcon.colcon_core.package_identification:_identify(vjepa_visual_localization/outputs/warehouse_latent_predictions/20260825T143646Z) by extension 'colcon_pkg'
[0.233s] Level 1:colcon.colcon_core.package_identification:_identify(vjepa_visual_localization/outputs/warehouse_latent_predictions/20260825T143646Z) by extensions ['colcon_meta']
[0.233s] Level 1:colcon.colcon_core.package_identification:_identify(vjepa_visual_localization/outputs/warehouse_latent_predictions/20260825T143646Z) by extension 'colcon_meta'
[0.233s] Level 1:colcon.colcon_core.package_identification:_identify(vjepa_visual_localization/outputs/warehouse_latent_predictions/20260825T143646Z) by extensions ['ros']
[0.233s] Level 1:colcon.colcon_core.package_identification:_identify(vjepa_visual_localization/outputs/warehouse_latent_predictions/20260825T143646Z) by extension 'ros'
[0.233s] Level 1:colcon.colcon_core.package_identification:_identify(vjepa_visual_localization/outputs/warehouse_latent_predictions/20260825T143646Z) by extensions ['cmake', 'python']
[0.233s] Level 1:colcon.colcon_core.package_identification:_identify(vjepa_visual_localization/outputs/warehouse_latent_predictions/20260825T143646Z) by extension 'cmake'
[0.234s] Level 1:colcon.colcon_core.package_identification:_identify(vjepa_visual_localization/outputs/warehouse_latent_predictions/20260825T143646Z) by extension 'python'
[0.234s] Level 1:colcon.colcon_core.package_identification:_identify(vjepa_visual_localization/outputs/warehouse_latent_predictions/20260825T143646Z) by extensions ['python_setup_py']
[0.234s] Level 1:colcon.colcon_core.package_identification:_identify(vjepa_visual_localization/outputs/warehouse_latent_predictions/20260825T143646Z) by extension 'python_setup_py'
[0.234s] Level 1:colcon.colcon_core.package_identification:_identify(vjepa_visual_localization/outputs/warehouse_latent_predictions/20260825T143646Z/behavior_visualizations) by extensions ['ignore', 'ignore_ament_install']
[0.234s] Level 1:colcon.colcon_core.package_identification:_identify(vjepa_visual_localization/outputs/warehouse_latent_predictions/20260825T143646Z/behavior_visualizations) by extension 'ignore'
[0.234s] Level 1:colcon.colcon_core.package_identification:_identify(vjepa_visual_localization/outputs/warehouse_latent_predictions/20260825T143646Z/behavior_visualizations) by extension 'ignore_ament_install'
[0.234s] Level 1:colcon.colcon_core.package_identification:_identify(vjepa_visual_localization/outputs/warehouse_latent_predictions/20260825T143646Z/behavior_visualizations) by extensions ['colcon_pkg']
[0.234s] Level 1:colcon.colcon_core.package_identification:_identify(vjepa_visual_localization/outputs/warehouse_latent_predictions/20260825T143646Z/behavior_visualizations) by extension 'colcon_pkg'
[0.234s] Level 1:colcon.colcon_core.package_identification:_identify(vjepa_visual_localization/outputs/warehouse_latent_predictions/20260825T143646Z/behavior_visualizations) by extensions ['colcon_meta']
[0.234s] Level 1:colcon.colcon_core.package_identification:_identify(vjepa_visual_localization/outputs/warehouse_latent_predictions/20260825T143646Z/behavior_visualizations) by extension 'colcon_meta'
[0.234s] Level 1:colcon.colcon_core.package_identification:_identify(vjepa_visual_localization/outputs/warehouse_latent_predictions/20260825T143646Z/behavior_visualizations) by extensions ['ros']
[0.234s] Level 1:colcon.colcon_core.package_identification:_identify(vjepa_visual_localization/outputs/warehouse_latent_predictions/20260825T143646Z/behavior_visualizations) by extension 'ros'
[0.234s] Level 1:colcon.colcon_core.package_identification:_identify(vjepa_visual_localization/outputs/warehouse_latent_predictions/20260825T143646Z/behavior_visualizations) by extensions ['cmake', 'python']
[0.234s] Level 1:colcon.colcon_core.package_identification:_identify(vjepa_visual_localization/outputs/warehouse_latent_predictions/20260825T143646Z/behavior_visualizations) by extension 'cmake'
[0.234s] Level 1:colcon.colcon_core.package_identification:_identify(vjepa_visual_localization/outputs/warehouse_latent_predictions/20260825T143646Z/behavior_visualizations) by extension 'python'
[0.234s] Level 1:colcon.colcon_core.package_identification:_identify(vjepa_visual_localization/outputs/warehouse_latent_predictions/20260825T143646Z/behavior_visualizations) by extensions ['python_setup_py']
[0.234s] Level 1:colcon.colcon_core.package_identification:_identify(vjepa_visual_localization/outputs/warehouse_latent_predictions/20260825T143646Z/behavior_visualizations) by extension 'python_setup_py'
[0.234s] Level 1:colcon.colcon_core.package_identification:_identify(vjepa_visual_localization/outputs/warehouse_latent_predictions/20260825T143646Z/frames) by extensions ['ignore', 'ignore_ament_install']
[0.234s] Level 1:colcon.colcon_core.package_identification:_identify(vjepa_visual_localization/outputs/warehouse_latent_predictions/20260825T143646Z/frames) by extension 'ignore'
[0.234s] Level 1:colcon.colcon_core.package_identification:_identify(vjepa_visual_localization/outputs/warehouse_latent_predictions/20260825T143646Z/frames) by extension 'ignore_ament_install'
[0.234s] Level 1:colcon.colcon_core.package_identification:_identify(vjepa_visual_localization/outputs/warehouse_latent_predictions/20260825T143646Z/frames) by extensions ['colcon_pkg']
[0.234s] Level 1:colcon.colcon_core.package_identification:_identify(vjepa_visual_localization/outputs/warehouse_latent_predictions/20260825T143646Z/frames) by extension 'colcon_pkg'
[0.234s] Level 1:colcon.colcon_core.package_identification:_identify(vjepa_visual_localization/outputs/warehouse_latent_predictions/20260825T143646Z/frames) by extensions ['colcon_meta']
[0.234s] Level 1:colcon.colcon_core.package_identification:_identify(vjepa_visual_localization/outputs/warehouse_latent_predictions/20260825T143646Z/frames) by extension 'colcon_meta'
[0.234s] Level 1:colcon.colcon_core.package_identification:_identify(vjepa_visual_localization/outputs/warehouse_latent_predictions/20260825T143646Z/frames) by extensions ['ros']
[0.234s] Level 1:colcon.colcon_core.package_identification:_identify(vjepa_visual_localization/outputs/warehouse_latent_predictions/20260825T143646Z/frames) by extension 'ros'
[0.234s] Level 1:colcon.colcon_core.package_identification:_identify(vjepa_visual_localization/outputs/warehouse_latent_predictions/20260825T143646Z/frames) by extensions ['cmake', 'python']
[0.234s] Level 1:colcon.colcon_core.package_identification:_identify(vjepa_visual_localization/outputs/warehouse_latent_predictions/20260825T143646Z/frames) by extension 'cmake'
[0.234s] Level 1:colcon.colcon_core.package_identification:_identify(vjepa_visual_localization/outputs/warehouse_latent_predictions/20260825T143646Z/frames) by extension 'python'
[0.234s] Level 1:colcon.colcon_core.package_identification:_identify(vjepa_visual_localization/outputs/warehouse_latent_predictions/20260825T143646Z/frames) by extensions ['python_setup_py']
[0.234s] Level 1:colcon.colcon_core.package_identification:_identify(vjepa_visual_localization/outputs/warehouse_latent_predictions/20260825T143646Z/frames) by extension 'python_setup_py'
[0.234s] Level 1:colcon.colcon_core.package_identification:_identify(vjepa_visual_localization/outputs/warehouse_latent_predictions/20260825T143646Z/latents) by extensions ['ignore', 'ignore_ament_install']
[0.235s] Level 1:colcon.colcon_core.package_identification:_identify(vjepa_visual_localization/outputs/warehouse_latent_predictions/20260825T143646Z/latents) by extension 'ignore'
[0.235s] Level 1:colcon.colcon_core.package_identification:_identify(vjepa_visual_localization/outputs/warehouse_latent_predictions/20260825T143646Z/latents) by extension 'ignore_ament_install'
[0.235s] Level 1:colcon.colcon_core.package_identification:_identify(vjepa_visual_localization/outputs/warehouse_latent_predictions/20260825T143646Z/latents) by extensions ['colcon_pkg']
[0.235s] Level 1:colcon.colcon_core.package_identification:_identify(vjepa_visual_localization/outputs/warehouse_latent_predictions/20260825T143646Z/latents) by extension 'colcon_pkg'
[0.235s] Level 1:colcon.colcon_core.package_identification:_identify(vjepa_visual_localization/outputs/warehouse_latent_predictions/20260825T143646Z/latents) by extensions ['colcon_meta']
[0.235s] Level 1:colcon.colcon_core.package_identification:_identify(vjepa_visual_localization/outputs/warehouse_latent_predictions/20260825T143646Z/latents) by extension 'colcon_meta'
[0.235s] Level 1:colcon.colcon_core.package_identification:_identify(vjepa_visual_localization/outputs/warehouse_latent_predictions/20260825T143646Z/latents) by extensions ['ros']
[0.235s] Level 1:colcon.colcon_core.package_identification:_identify(vjepa_visual_localization/outputs/warehouse_latent_predictions/20260825T143646Z/latents) by extension 'ros'
[0.235s] Level 1:colcon.colcon_core.package_identification:_identify(vjepa_visual_localization/outputs/warehouse_latent_predictions/20260825T143646Z/latents) by extensions ['cmake', 'python']
[0.235s] Level 1:colcon.colcon_core.package_identification:_identify(vjepa_visual_localization/outputs/warehouse_latent_predictions/20260825T143646Z/latents) by extension 'cmake'
[0.235s] Level 1:colcon.colcon_core.package_identification:_identify(vjepa_visual_localization/outputs/warehouse_latent_predictions/20260825T143646Z/latents) by extension 'python'
[0.235s] Level 1:colcon.colcon_core.package_identification:_identify(vjepa_visual_localization/outputs/warehouse_latent_predictions/20260825T143646Z/latents) by extensions ['python_setup_py']
[0.235s] Level 1:colcon.colcon_core.package_identification:_identify(vjepa_visual_localization/outputs/warehouse_latent_predictions/20260825T143646Z/latents) by extension 'python_setup_py'
[0.235s] Level 1:colcon.colcon_core.package_identification:_identify(vjepa_visual_localization/outputs/warehouse_latent_predictions/20260825T143646Z/predictions) by extensions ['ignore', 'ignore_ament_install']
[0.235s] Level 1:colcon.colcon_core.package_identification:_identify(vjepa_visual_localization/outputs/warehouse_latent_predictions/20260825T143646Z/predictions) by extension 'ignore'
[0.235s] Level 1:colcon.colcon_core.package_identification:_identify(vjepa_visual_localization/outputs/warehouse_latent_predictions/20260825T143646Z/predictions) by extension 'ignore_ament_install'
[0.235s] Level 1:colcon.colcon_core.package_identification:_identify(vjepa_visual_localization/outputs/warehouse_latent_predictions/20260825T143646Z/predictions) by extensions ['colcon_pkg']
[0.235s] Level 1:colcon.colcon_core.package_identification:_identify(vjepa_visual_localization/outputs/warehouse_latent_predictions/20260825T143646Z/predictions) by extension 'colcon_pkg'
[0.235s] Level 1:colcon.colcon_core.package_identification:_identify(vjepa_visual_localization/outputs/warehouse_latent_predictions/20260825T143646Z/predictions) by extensions ['colcon_meta']
[0.235s] Level 1:colcon.colcon_core.package_identification:_identify(vjepa_visual_localization/outputs/warehouse_latent_predictions/20260825T143646Z/predictions) by extension 'colcon_meta'
[0.235s] Level 1:colcon.colcon_core.package_identification:_identify(vjepa_visual_localization/outputs/warehouse_latent_predictions/20260825T143646Z/predictions) by extensions ['ros']
[0.235s] Level 1:colcon.colcon_core.package_identification:_identify(vjepa_visual_localization/outputs/warehouse_latent_predictions/20260825T143646Z/predictions) by extension 'ros'
[0.235s] Level 1:colcon.colcon_core.package_identification:_identify(vjepa_visual_localization/outputs/warehouse_latent_predictions/20260825T143646Z/predictions) by extensions ['cmake', 'python']
[0.235s] Level 1:colcon.colcon_core.package_identification:_identify(vjepa_visual_localization/outputs/warehouse_latent_predictions/20260825T143646Z/predictions) by extension 'cmake'
[0.235s] Level 1:colcon.colcon_core.package_identification:_identify(vjepa_visual_localization/outputs/warehouse_latent_predictions/20260825T143646Z/predictions) by extension 'python'
[0.235s] Level 1:colcon.colcon_core.package_identification:_identify(vjepa_visual_localization/outputs/warehouse_latent_predictions/20260825T143646Z/predictions) by extensions ['python_setup_py']
[0.235s] Level 1:colcon.colcon_core.package_identification:_identify(vjepa_visual_localization/outputs/warehouse_latent_predictions/20260825T143646Z/predictions) by extension 'python_setup_py'
[0.235s] Level 1:colcon.colcon_core.package_identification:_identify(vjepa_visual_localization/outputs/warehouse_latent_predictions/20260825T143913Z) by extensions ['ignore', 'ignore_ament_install']
[0.235s] Level 1:colcon.colcon_core.package_identification:_identify(vjepa_visual_localization/outputs/warehouse_latent_predictions/20260825T143913Z) by extension 'ignore'
[0.235s] Level 1:colcon.colcon_core.package_identification:_identify(vjepa_visual_localization/outputs/warehouse_latent_predictions/20260825T143913Z) by extension 'ignore_ament_install'
[0.236s] Level 1:colcon.colcon_core.package_identification:_identify(vjepa_visual_localization/outputs/warehouse_latent_predictions/20260825T143913Z) by extensions ['colcon_pkg']
[0.236s] Level 1:colcon.colcon_core.package_identification:_identify(vjepa_visual_localization/outputs/warehouse_latent_predictions/20260825T143913Z) by extension 'colcon_pkg'
[0.236s] Level 1:colcon.colcon_core.package_identification:_identify(vjepa_visual_localization/outputs/warehouse_latent_predictions/20260825T143913Z) by extensions ['colcon_meta']
[0.236s] Level 1:colcon.colcon_core.package_identification:_identify(vjepa_visual_localization/outputs/warehouse_latent_predictions/20260825T143913Z) by extension 'colcon_meta'
[0.236s] Level 1:colcon.colcon_core.package_identification:_identify(vjepa_visual_localization/outputs/warehouse_latent_predictions/20260825T143913Z) by extensions ['ros']
[0.236s] Level 1:colcon.colcon_core.package_identification:_identify(vjepa_visual_localization/outputs/warehouse_latent_predictions/20260825T143913Z) by extension 'ros'
[0.236s] Level 1:colcon.colcon_core.package_identification:_identify(vjepa_visual_localization/outputs/warehouse_latent_predictions/20260825T143913Z) by extensions ['cmake', 'python']
[0.236s] Level 1:colcon.colcon_core.package_identification:_identify(vjepa_visual_localization/outputs/warehouse_latent_predictions/20260825T143913Z) by extension 'cmake'
[0.236s] Level 1:colcon.colcon_core.package_identification:_identify(vjepa_visual_localization/outputs/warehouse_latent_predictions/20260825T143913Z) by extension 'python'
[0.236s] Level 1:colcon.colcon_core.package_identification:_identify(vjepa_visual_localization/outputs/warehouse_latent_predictions/20260825T143913Z) by extensions ['python_setup_py']
[0.236s] Level 1:colcon.colcon_core.package_identification:_identify(vjepa_visual_localization/outputs/warehouse_latent_predictions/20260825T143913Z) by extension 'python_setup_py'
[0.236s] Level 1:colcon.colcon_core.package_identification:_identify(vjepa_visual_localization/outputs/warehouse_latent_predictions/20260825T143913Z/behavior_visualizations) by extensions ['ignore', 'ignore_ament_install']
[0.236s] Level 1:colcon.colcon_core.package_identification:_identify(vjepa_visual_localization/outputs/warehouse_latent_predictions/20260825T143913Z/behavior_visualizations) by extension 'ignore'
[0.236s] Level 1:colcon.colcon_core.package_identification:_identify(vjepa_visual_localization/outputs/warehouse_latent_predictions/20260825T143913Z/behavior_visualizations) by extension 'ignore_ament_install'
[0.236s] Level 1:colcon.colcon_core.package_identification:_identify(vjepa_visual_localization/outputs/warehouse_latent_predictions/20260825T143913Z/behavior_visualizations) by extensions ['colcon_pkg']
[0.236s] Level 1:colcon.colcon_core.package_identification:_identify(vjepa_visual_localization/outputs/warehouse_latent_predictions/20260825T143913Z/behavior_visualizations) by extension 'colcon_pkg'
[0.236s] Level 1:colcon.colcon_core.package_identification:_identify(vjepa_visual_localization/outputs/warehouse_latent_predictions/20260825T143913Z/behavior_visualizations) by extensions ['colcon_meta']
[0.236s] Level 1:colcon.colcon_core.package_identification:_identify(vjepa_visual_localization/outputs/warehouse_latent_predictions/20260825T143913Z/behavior_visualizations) by extension 'colcon_meta'
[0.236s] Level 1:colcon.colcon_core.package_identification:_identify(vjepa_visual_localization/outputs/warehouse_latent_predictions/20260825T143913Z/behavior_visualizations) by extensions ['ros']
[0.236s] Level 1:colcon.colcon_core.package_identification:_identify(vjepa_visual_localization/outputs/warehouse_latent_predictions/20260825T143913Z/behavior_visualizations) by extension 'ros'
[0.236s] Level 1:colcon.colcon_core.package_identification:_identify(vjepa_visual_localization/outputs/warehouse_latent_predictions/20260825T143913Z/behavior_visualizations) by extensions ['cmake', 'python']
[0.236s] Level 1:colcon.colcon_core.package_identification:_identify(vjepa_visual_localization/outputs/warehouse_latent_predictions/20260825T143913Z/behavior_visualizations) by extension 'cmake'
[0.236s] Level 1:colcon.colcon_core.package_identification:_identify(vjepa_visual_localization/outputs/warehouse_latent_predictions/20260825T143913Z/behavior_visualizations) by extension 'python'
[0.236s] Level 1:colcon.colcon_core.package_identification:_identify(vjepa_visual_localization/outputs/warehouse_latent_predictions/20260825T143913Z/behavior_visualizations) by extensions ['python_setup_py']
[0.236s] Level 1:colcon.colcon_core.package_identification:_identify(vjepa_visual_localization/outputs/warehouse_latent_predictions/20260825T143913Z/behavior_visualizations) by extension 'python_setup_py'
[0.236s] Level 1:colcon.colcon_core.package_identification:_identify(vjepa_visual_localization/outputs/warehouse_latent_predictions/20260825T143913Z/frames) by extensions ['ignore', 'ignore_ament_install']
[0.236s] Level 1:colcon.colcon_core.package_identification:_identify(vjepa_visual_localization/outputs/warehouse_latent_predictions/20260825T143913Z/frames) by extension 'ignore'
[0.236s] Level 1:colcon.colcon_core.package_identification:_identify(vjepa_visual_localization/outputs/warehouse_latent_predictions/20260825T143913Z/frames) by extension 'ignore_ament_install'
[0.236s] Level 1:colcon.colcon_core.package_identification:_identify(vjepa_visual_localization/outputs/warehouse_latent_predictions/20260825T143913Z/frames) by extensions ['colcon_pkg']
[0.236s] Level 1:colcon.colcon_core.package_identification:_identify(vjepa_visual_localization/outputs/warehouse_latent_predictions/20260825T143913Z/frames) by extension 'colcon_pkg'
[0.236s] Level 1:colcon.colcon_core.package_identification:_identify(vjepa_visual_localization/outputs/warehouse_latent_predictions/20260825T143913Z/frames) by extensions ['colcon_meta']
[0.236s] Level 1:colcon.colcon_core.package_identification:_identify(vjepa_visual_localization/outputs/warehouse_latent_predictions/20260825T143913Z/frames) by extension 'colcon_meta'
[0.236s] Level 1:colcon.colcon_core.package_identification:_identify(vjepa_visual_localization/outputs/warehouse_latent_predictions/20260825T143913Z/frames) by extensions ['ros']
[0.236s] Level 1:colcon.colcon_core.package_identification:_identify(vjepa_visual_localization/outputs/warehouse_latent_predictions/20260825T143913Z/frames) by extension 'ros'
[0.236s] Level 1:colcon.colcon_core.package_identification:_identify(vjepa_visual_localization/outputs/warehouse_latent_predictions/20260825T143913Z/frames) by extensions ['cmake', 'python']
[0.236s] Level 1:colcon.colcon_core.package_identification:_identify(vjepa_visual_localization/outputs/warehouse_latent_predictions/20260825T143913Z/frames) by extension 'cmake'
[0.236s] Level 1:colcon.colcon_core.package_identification:_identify(vjepa_visual_localization/outputs/warehouse_latent_predictions/20260825T143913Z/frames) by extension 'python'
[0.236s] Level 1:colcon.colcon_core.package_identification:_identify(vjepa_visual_localization/outputs/warehouse_latent_predictions/20260825T143913Z/frames) by extensions ['python_setup_py']
[0.237s] Level 1:colcon.colcon_core.package_identification:_identify(vjepa_visual_localization/outputs/warehouse_latent_predictions/20260825T143913Z/frames) by extension 'python_setup_py'
[0.237s] Level 1:colcon.colcon_core.package_identification:_identify(vjepa_visual_localization/outputs/warehouse_latent_predictions/20260825T143913Z/latents) by extensions ['ignore', 'ignore_ament_install']
[0.237s] Level 1:colcon.colcon_core.package_identification:_identify(vjepa_visual_localization/outputs/warehouse_latent_predictions/20260825T143913Z/latents) by extension 'ignore'
[0.237s] Level 1:colcon.colcon_core.package_identification:_identify(vjepa_visual_localization/outputs/warehouse_latent_predictions/20260825T143913Z/latents) by extension 'ignore_ament_install'
[0.237s] Level 1:colcon.colcon_core.package_identification:_identify(vjepa_visual_localization/outputs/warehouse_latent_predictions/20260825T143913Z/latents) by extensions ['colcon_pkg']
[0.237s] Level 1:colcon.colcon_core.package_identification:_identify(vjepa_visual_localization/outputs/warehouse_latent_predictions/20260825T143913Z/latents) by extension 'colcon_pkg'
[0.237s] Level 1:colcon.colcon_core.package_identification:_identify(vjepa_visual_localization/outputs/warehouse_latent_predictions/20260825T143913Z/latents) by extensions ['colcon_meta']
[0.237s] Level 1:colcon.colcon_core.package_identification:_identify(vjepa_visual_localization/outputs/warehouse_latent_predictions/20260825T143913Z/latents) by extension 'colcon_meta'
[0.237s] Level 1:colcon.colcon_core.package_identification:_identify(vjepa_visual_localization/outputs/warehouse_latent_predictions/20260825T143913Z/latents) by extensions ['ros']
[0.237s] Level 1:colcon.colcon_core.package_identification:_identify(vjepa_visual_localization/outputs/warehouse_latent_predictions/20260825T143913Z/latents) by extension 'ros'
[0.237s] Level 1:colcon.colcon_core.package_identification:_identify(vjepa_visual_localization/outputs/warehouse_latent_predictions/20260825T143913Z/latents) by extensions ['cmake', 'python']
[0.237s] Level 1:colcon.colcon_core.package_identification:_identify(vjepa_visual_localization/outputs/warehouse_latent_predictions/20260825T143913Z/latents) by extension 'cmake'
[0.237s] Level 1:colcon.colcon_core.package_identification:_identify(vjepa_visual_localization/outputs/warehouse_latent_predictions/20260825T143913Z/latents) by extension 'python'
[0.237s] Level 1:colcon.colcon_core.package_identification:_identify(vjepa_visual_localization/outputs/warehouse_latent_predictions/20260825T143913Z/latents) by extensions ['python_setup_py']
[0.237s] Level 1:colcon.colcon_core.package_identification:_identify(vjepa_visual_localization/outputs/warehouse_latent_predictions/20260825T143913Z/latents) by extension 'python_setup_py'
[0.237s] Level 1:colcon.colcon_core.package_identification:_identify(vjepa_visual_localization/outputs/warehouse_latent_predictions/20260825T143913Z/predictions) by extensions ['ignore', 'ignore_ament_install']
[0.237s] Level 1:colcon.colcon_core.package_identification:_identify(vjepa_visual_localization/outputs/warehouse_latent_predictions/20260825T143913Z/predictions) by extension 'ignore'
[0.237s] Level 1:colcon.colcon_core.package_identification:_identify(vjepa_visual_localization/outputs/warehouse_latent_predictions/20260825T143913Z/predictions) by extension 'ignore_ament_install'
[0.237s] Level 1:colcon.colcon_core.package_identification:_identify(vjepa_visual_localization/outputs/warehouse_latent_predictions/20260825T143913Z/predictions) by extensions ['colcon_pkg']
[0.237s] Level 1:colcon.colcon_core.package_identification:_identify(vjepa_visual_localization/outputs/warehouse_latent_predictions/20260825T143913Z/predictions) by extension 'colcon_pkg'
[0.237s] Level 1:colcon.colcon_core.package_identification:_identify(vjepa_visual_localization/outputs/warehouse_latent_predictions/20260825T143913Z/predictions) by extensions ['colcon_meta']
[0.237s] Level 1:colcon.colcon_core.package_identification:_identify(vjepa_visual_localization/outputs/warehouse_latent_predictions/20260825T143913Z/predictions) by extension 'colcon_meta'
[0.237s] Level 1:colcon.colcon_core.package_identification:_identify(vjepa_visual_localization/outputs/warehouse_latent_predictions/20260825T143913Z/predictions) by extensions ['ros']
[0.237s] Level 1:colcon.colcon_core.package_identification:_identify(vjepa_visual_localization/outputs/warehouse_latent_predictions/20260825T143913Z/predictions) by extension 'ros'
[0.237s] Level 1:colcon.colcon_core.package_identification:_identify(vjepa_visual_localization/outputs/warehouse_latent_predictions/20260825T143913Z/predictions) by extensions ['cmake', 'python']
[0.237s] Level 1:colcon.colcon_core.package_identification:_identify(vjepa_visual_localization/outputs/warehouse_latent_predictions/20260825T143913Z/predictions) by extension 'cmake'
[0.237s] Level 1:colcon.colcon_core.package_identification:_identify(vjepa_visual_localization/outputs/warehouse_latent_predictions/20260825T143913Z/predictions) by extension 'python'
[0.237s] Level 1:colcon.colcon_core.package_identification:_identify(vjepa_visual_localization/outputs/warehouse_latent_predictions/20260825T143913Z/predictions) by extensions ['python_setup_py']
[0.237s] Level 1:colcon.colcon_core.package_identification:_identify(vjepa_visual_localization/outputs/warehouse_latent_predictions/20260825T143913Z/predictions) by extension 'python_setup_py'
[0.237s] Level 1:colcon.colcon_core.package_identification:_identify(vjepa_visual_localization/outputs/warehouse_latent_predictions/20260825T144110Z) by extensions ['ignore', 'ignore_ament_install']
[0.237s] Level 1:colcon.colcon_core.package_identification:_identify(vjepa_visual_localization/outputs/warehouse_latent_predictions/20260825T144110Z) by extension 'ignore'
[0.238s] Level 1:colcon.colcon_core.package_identification:_identify(vjepa_visual_localization/outputs/warehouse_latent_predictions/20260825T144110Z) by extension 'ignore_ament_install'
[0.238s] Level 1:colcon.colcon_core.package_identification:_identify(vjepa_visual_localization/outputs/warehouse_latent_predictions/20260825T144110Z) by extensions ['colcon_pkg']
[0.238s] Level 1:colcon.colcon_core.package_identification:_identify(vjepa_visual_localization/outputs/warehouse_latent_predictions/20260825T144110Z) by extension 'colcon_pkg'
[0.238s] Level 1:colcon.colcon_core.package_identification:_identify(vjepa_visual_localization/outputs/warehouse_latent_predictions/20260825T144110Z) by extensions ['colcon_meta']
[0.238s] Level 1:colcon.colcon_core.package_identification:_identify(vjepa_visual_localization/outputs/warehouse_latent_predictions/20260825T144110Z) by extension 'colcon_meta'
[0.238s] Level 1:colcon.colcon_core.package_identification:_identify(vjepa_visual_localization/outputs/warehouse_latent_predictions/20260825T144110Z) by extensions ['ros']
[0.238s] Level 1:colcon.colcon_core.package_identification:_identify(vjepa_visual_localization/outputs/warehouse_latent_predictions/20260825T144110Z) by extension 'ros'
[0.238s] Level 1:colcon.colcon_core.package_identification:_identify(vjepa_visual_localization/outputs/warehouse_latent_predictions/20260825T144110Z) by extensions ['cmake', 'python']
[0.238s] Level 1:colcon.colcon_core.package_identification:_identify(vjepa_visual_localization/outputs/warehouse_latent_predictions/20260825T144110Z) by extension 'cmake'
[0.238s] Level 1:colcon.colcon_core.package_identification:_identify(vjepa_visual_localization/outputs/warehouse_latent_predictions/20260825T144110Z) by extension 'python'
[0.238s] Level 1:colcon.colcon_core.package_identification:_identify(vjepa_visual_localization/outputs/warehouse_latent_predictions/20260825T144110Z) by extensions ['python_setup_py']
[0.238s] Level 1:colcon.colcon_core.package_identification:_identify(vjepa_visual_localization/outputs/warehouse_latent_predictions/20260825T144110Z) by extension 'python_setup_py'
[0.238s] Level 1:colcon.colcon_core.package_identification:_identify(vjepa_visual_localization/outputs/warehouse_latent_predictions/20260825T144110Z/behavior_visualizations) by extensions ['ignore', 'ignore_ament_install']
[0.238s] Level 1:colcon.colcon_core.package_identification:_identify(vjepa_visual_localization/outputs/warehouse_latent_predictions/20260825T144110Z/behavior_visualizations) by extension 'ignore'
[0.238s] Level 1:colcon.colcon_core.package_identification:_identify(vjepa_visual_localization/outputs/warehouse_latent_predictions/20260825T144110Z/behavior_visualizations) by extension 'ignore_ament_install'
[0.238s] Level 1:colcon.colcon_core.package_identification:_identify(vjepa_visual_localization/outputs/warehouse_latent_predictions/20260825T144110Z/behavior_visualizations) by extensions ['colcon_pkg']
[0.238s] Level 1:colcon.colcon_core.package_identification:_identify(vjepa_visual_localization/outputs/warehouse_latent_predictions/20260825T144110Z/behavior_visualizations) by extension 'colcon_pkg'
[0.238s] Level 1:colcon.colcon_core.package_identification:_identify(vjepa_visual_localization/outputs/warehouse_latent_predictions/20260825T144110Z/behavior_visualizations) by extensions ['colcon_meta']
[0.238s] Level 1:colcon.colcon_core.package_identification:_identify(vjepa_visual_localization/outputs/warehouse_latent_predictions/20260825T144110Z/behavior_visualizations) by extension 'colcon_meta'
[0.238s] Level 1:colcon.colcon_core.package_identification:_identify(vjepa_visual_localization/outputs/warehouse_latent_predictions/20260825T144110Z/behavior_visualizations) by extensions ['ros']
[0.238s] Level 1:colcon.colcon_core.package_identification:_identify(vjepa_visual_localization/outputs/warehouse_latent_predictions/20260825T144110Z/behavior_visualizations) by extension 'ros'
[0.238s] Level 1:colcon.colcon_core.package_identification:_identify(vjepa_visual_localization/outputs/warehouse_latent_predictions/20260825T144110Z/behavior_visualizations) by extensions ['cmake', 'python']
[0.238s] Level 1:colcon.colcon_core.package_identification:_identify(vjepa_visual_localization/outputs/warehouse_latent_predictions/20260825T144110Z/behavior_visualizations) by extension 'cmake'
[0.238s] Level 1:colcon.colcon_core.package_identification:_identify(vjepa_visual_localization/outputs/warehouse_latent_predictions/20260825T144110Z/behavior_visualizations) by extension 'python'
[0.238s] Level 1:colcon.colcon_core.package_identification:_identify(vjepa_visual_localization/outputs/warehouse_latent_predictions/20260825T144110Z/behavior_visualizations) by extensions ['python_setup_py']
[0.238s] Level 1:colcon.colcon_core.package_identification:_identify(vjepa_visual_localization/outputs/warehouse_latent_predictions/20260825T144110Z/behavior_visualizations) by extension 'python_setup_py'
[0.238s] Level 1:colcon.colcon_core.package_identification:_identify(vjepa_visual_localization/outputs/warehouse_latent_predictions/20260825T144110Z/frames) by extensions ['ignore', 'ignore_ament_install']
[0.238s] Level 1:colcon.colcon_core.package_identification:_identify(vjepa_visual_localization/outputs/warehouse_latent_predictions/20260825T144110Z/frames) by extension 'ignore'
[0.238s] Level 1:colcon.colcon_core.package_identification:_identify(vjepa_visual_localization/outputs/warehouse_latent_predictions/20260825T144110Z/frames) by extension 'ignore_ament_install'
[0.238s] Level 1:colcon.colcon_core.package_identification:_identify(vjepa_visual_localization/outputs/warehouse_latent_predictions/20260825T144110Z/frames) by extensions ['colcon_pkg']
[0.238s] Level 1:colcon.colcon_core.package_identification:_identify(vjepa_visual_localization/outputs/warehouse_latent_predictions/20260825T144110Z/frames) by extension 'colcon_pkg'
[0.238s] Level 1:colcon.colcon_core.package_identification:_identify(vjepa_visual_localization/outputs/warehouse_latent_predictions/20260825T144110Z/frames) by extensions ['colcon_meta']
[0.238s] Level 1:colcon.colcon_core.package_identification:_identify(vjepa_visual_localization/outputs/warehouse_latent_predictions/20260825T144110Z/frames) by extension 'colcon_meta'
[0.238s] Level 1:colcon.colcon_core.package_identification:_identify(vjepa_visual_localization/outputs/warehouse_latent_predictions/20260825T144110Z/frames) by extensions ['ros']
[0.238s] Level 1:colcon.colcon_core.package_identification:_identify(vjepa_visual_localization/outputs/warehouse_latent_predictions/20260825T144110Z/frames) by extension 'ros'
[0.238s] Level 1:colcon.colcon_core.package_identification:_identify(vjepa_visual_localization/outputs/warehouse_latent_predictions/20260825T144110Z/frames) by extensions ['cmake', 'python']
[0.238s] Level 1:colcon.colcon_core.package_identification:_identify(vjepa_visual_localization/outputs/warehouse_latent_predictions/20260825T144110Z/frames) by extension 'cmake'
[0.238s] Level 1:colcon.colcon_core.package_identification:_identify(vjepa_visual_localization/outputs/warehouse_latent_predictions/20260825T144110Z/frames) by extension 'python'
[0.239s] Level 1:colcon.colcon_core.package_identification:_identify(vjepa_visual_localization/outputs/warehouse_latent_predictions/20260825T144110Z/frames) by extensions ['python_setup_py']
[0.239s] Level 1:colcon.colcon_core.package_identification:_identify(vjepa_visual_localization/outputs/warehouse_latent_predictions/20260825T144110Z/frames) by extension 'python_setup_py'
[0.239s] Level 1:colcon.colcon_core.package_identification:_identify(vjepa_visual_localization/outputs/warehouse_latent_predictions/20260825T144110Z/latents) by extensions ['ignore', 'ignore_ament_install']
[0.239s] Level 1:colcon.colcon_core.package_identification:_identify(vjepa_visual_localization/outputs/warehouse_latent_predictions/20260825T144110Z/latents) by extension 'ignore'
[0.239s] Level 1:colcon.colcon_core.package_identification:_identify(vjepa_visual_localization/outputs/warehouse_latent_predictions/20260825T144110Z/latents) by extension 'ignore_ament_install'
[0.239s] Level 1:colcon.colcon_core.package_identification:_identify(vjepa_visual_localization/outputs/warehouse_latent_predictions/20260825T144110Z/latents) by extensions ['colcon_pkg']
[0.239s] Level 1:colcon.colcon_core.package_identification:_identify(vjepa_visual_localization/outputs/warehouse_latent_predictions/20260825T144110Z/latents) by extension 'colcon_pkg'
[0.239s] Level 1:colcon.colcon_core.package_identification:_identify(vjepa_visual_localization/outputs/warehouse_latent_predictions/20260825T144110Z/latents) by extensions ['colcon_meta']
[0.239s] Level 1:colcon.colcon_core.package_identification:_identify(vjepa_visual_localization/outputs/warehouse_latent_predictions/20260825T144110Z/latents) by extension 'colcon_meta'
[0.239s] Level 1:colcon.colcon_core.package_identification:_identify(vjepa_visual_localization/outputs/warehouse_latent_predictions/20260825T144110Z/latents) by extensions ['ros']
[0.239s] Level 1:colcon.colcon_core.package_identification:_identify(vjepa_visual_localization/outputs/warehouse_latent_predictions/20260825T144110Z/latents) by extension 'ros'
[0.239s] Level 1:colcon.colcon_core.package_identification:_identify(vjepa_visual_localization/outputs/warehouse_latent_predictions/20260825T144110Z/latents) by extensions ['cmake', 'python']
[0.239s] Level 1:colcon.colcon_core.package_identification:_identify(vjepa_visual_localization/outputs/warehouse_latent_predictions/20260825T144110Z/latents) by extension 'cmake'
[0.239s] Level 1:colcon.colcon_core.package_identification:_identify(vjepa_visual_localization/outputs/warehouse_latent_predictions/20260825T144110Z/latents) by extension 'python'
[0.239s] Level 1:colcon.colcon_core.package_identification:_identify(vjepa_visual_localization/outputs/warehouse_latent_predictions/20260825T144110Z/latents) by extensions ['python_setup_py']
[0.239s] Level 1:colcon.colcon_core.package_identification:_identify(vjepa_visual_localization/outputs/warehouse_latent_predictions/20260825T144110Z/latents) by extension 'python_setup_py'
[0.239s] Level 1:colcon.colcon_core.package_identification:_identify(vjepa_visual_localization/outputs/warehouse_latent_predictions/20260825T144110Z/predictions) by extensions ['ignore', 'ignore_ament_install']
[0.239s] Level 1:colcon.colcon_core.package_identification:_identify(vjepa_visual_localization/outputs/warehouse_latent_predictions/20260825T144110Z/predictions) by extension 'ignore'
[0.239s] Level 1:colcon.colcon_core.package_identification:_identify(vjepa_visual_localization/outputs/warehouse_latent_predictions/20260825T144110Z/predictions) by extension 'ignore_ament_install'
[0.239s] Level 1:colcon.colcon_core.package_identification:_identify(vjepa_visual_localization/outputs/warehouse_latent_predictions/20260825T144110Z/predictions) by extensions ['colcon_pkg']
[0.239s] Level 1:colcon.colcon_core.package_identification:_identify(vjepa_visual_localization/outputs/warehouse_latent_predictions/20260825T144110Z/predictions) by extension 'colcon_pkg'
[0.239s] Level 1:colcon.colcon_core.package_identification:_identify(vjepa_visual_localization/outputs/warehouse_latent_predictions/20260825T144110Z/predictions) by extensions ['colcon_meta']
[0.239s] Level 1:colcon.colcon_core.package_identification:_identify(vjepa_visual_localization/outputs/warehouse_latent_predictions/20260825T144110Z/predictions) by extension 'colcon_meta'
[0.239s] Level 1:colcon.colcon_core.package_identification:_identify(vjepa_visual_localization/outputs/warehouse_latent_predictions/20260825T144110Z/predictions) by extensions ['ros']
[0.239s] Level 1:colcon.colcon_core.package_identification:_identify(vjepa_visual_localization/outputs/warehouse_latent_predictions/20260825T144110Z/predictions) by extension 'ros'
[0.239s] Level 1:colcon.colcon_core.package_identification:_identify(vjepa_visual_localization/outputs/warehouse_latent_predictions/20260825T144110Z/predictions) by extensions ['cmake', 'python']
[0.239s] Level 1:colcon.colcon_core.package_identification:_identify(vjepa_visual_localization/outputs/warehouse_latent_predictions/20260825T144110Z/predictions) by extension 'cmake'
[0.239s] Level 1:colcon.colcon_core.package_identification:_identify(vjepa_visual_localization/outputs/warehouse_latent_predictions/20260825T144110Z/predictions) by extension 'python'
[0.239s] Level 1:colcon.colcon_core.package_identification:_identify(vjepa_visual_localization/outputs/warehouse_latent_predictions/20260825T144110Z/predictions) by extensions ['python_setup_py']
[0.239s] Level 1:colcon.colcon_core.package_identification:_identify(vjepa_visual_localization/outputs/warehouse_latent_predictions/20260825T144110Z/predictions) by extension 'python_setup_py'
[0.239s] Level 1:colcon.colcon_core.package_identification:_identify(vjepa_visual_localization/outputs/warehouse_latent_predictions/20260825T144218Z) by extensions ['ignore', 'ignore_ament_install']
[0.239s] Level 1:colcon.colcon_core.package_identification:_identify(vjepa_visual_localization/outputs/warehouse_latent_predictions/20260825T144218Z) by extension 'ignore'
[0.239s] Level 1:colcon.colcon_core.package_identification:_identify(vjepa_visual_localization/outputs/warehouse_latent_predictions/20260825T144218Z) by extension 'ignore_ament_install'
[0.239s] Level 1:colcon.colcon_core.package_identification:_identify(vjepa_visual_localization/outputs/warehouse_latent_predictions/20260825T144218Z) by extensions ['colcon_pkg']
[0.239s] Level 1:colcon.colcon_core.package_identification:_identify(vjepa_visual_localization/outputs/warehouse_latent_predictions/20260825T144218Z) by extension 'colcon_pkg'
[0.239s] Level 1:colcon.colcon_core.package_identification:_identify(vjepa_visual_localization/outputs/warehouse_latent_predictions/20260825T144218Z) by extensions ['colcon_meta']
[0.239s] Level 1:colcon.colcon_core.package_identification:_identify(vjepa_visual_localization/outputs/warehouse_latent_predictions/20260825T144218Z) by extension 'colcon_meta'
[0.239s] Level 1:colcon.colcon_core.package_identification:_identify(vjepa_visual_localization/outputs/warehouse_latent_predictions/20260825T144218Z) by extensions ['ros']
[0.239s] Level 1:colcon.colcon_core.package_identification:_identify(vjepa_visual_localization/outputs/warehouse_latent_predictions/20260825T144218Z) by extension 'ros'
[0.240s] Level 1:colcon.colcon_core.package_identification:_identify(vjepa_visual_localization/outputs/warehouse_latent_predictions/20260825T144218Z) by extensions ['cmake', 'python']
[0.240s] Level 1:colcon.colcon_core.package_identification:_identify(vjepa_visual_localization/outputs/warehouse_latent_predictions/20260825T144218Z) by extension 'cmake'
[0.240s] Level 1:colcon.colcon_core.package_identification:_identify(vjepa_visual_localization/outputs/warehouse_latent_predictions/20260825T144218Z) by extension 'python'
[0.240s] Level 1:colcon.colcon_core.package_identification:_identify(vjepa_visual_localization/outputs/warehouse_latent_predictions/20260825T144218Z) by extensions ['python_setup_py']
[0.240s] Level 1:colcon.colcon_core.package_identification:_identify(vjepa_visual_localization/outputs/warehouse_latent_predictions/20260825T144218Z) by extension 'python_setup_py'
[0.240s] Level 1:colcon.colcon_core.package_identification:_identify(vjepa_visual_localization/outputs/warehouse_latent_predictions/20260825T144218Z/behavior_visualizations) by extensions ['ignore', 'ignore_ament_install']
[0.240s] Level 1:colcon.colcon_core.package_identification:_identify(vjepa_visual_localization/outputs/warehouse_latent_predictions/20260825T144218Z/behavior_visualizations) by extension 'ignore'
[0.240s] Level 1:colcon.colcon_core.package_identification:_identify(vjepa_visual_localization/outputs/warehouse_latent_predictions/20260825T144218Z/behavior_visualizations) by extension 'ignore_ament_install'
[0.240s] Level 1:colcon.colcon_core.package_identification:_identify(vjepa_visual_localization/outputs/warehouse_latent_predictions/20260825T144218Z/behavior_visualizations) by extensions ['colcon_pkg']
[0.240s] Level 1:colcon.colcon_core.package_identification:_identify(vjepa_visual_localization/outputs/warehouse_latent_predictions/20260825T144218Z/behavior_visualizations) by extension 'colcon_pkg'
[0.240s] Level 1:colcon.colcon_core.package_identification:_identify(vjepa_visual_localization/outputs/warehouse_latent_predictions/20260825T144218Z/behavior_visualizations) by extensions ['colcon_meta']
[0.240s] Level 1:colcon.colcon_core.package_identification:_identify(vjepa_visual_localization/outputs/warehouse_latent_predictions/20260825T144218Z/behavior_visualizations) by extension 'colcon_meta'
[0.240s] Level 1:colcon.colcon_core.package_identification:_identify(vjepa_visual_localization/outputs/warehouse_latent_predictions/20260825T144218Z/behavior_visualizations) by extensions ['ros']
[0.240s] Level 1:colcon.colcon_core.package_identification:_identify(vjepa_visual_localization/outputs/warehouse_latent_predictions/20260825T144218Z/behavior_visualizations) by extension 'ros'
[0.240s] Level 1:colcon.colcon_core.package_identification:_identify(vjepa_visual_localization/outputs/warehouse_latent_predictions/20260825T144218Z/behavior_visualizations) by extensions ['cmake', 'python']
[0.240s] Level 1:colcon.colcon_core.package_identification:_identify(vjepa_visual_localization/outputs/warehouse_latent_predictions/20260825T144218Z/behavior_visualizations) by extension 'cmake'
[0.240s] Level 1:colcon.colcon_core.package_identification:_identify(vjepa_visual_localization/outputs/warehouse_latent_predictions/20260825T144218Z/behavior_visualizations) by extension 'python'
[0.240s] Level 1:colcon.colcon_core.package_identification:_identify(vjepa_visual_localization/outputs/warehouse_latent_predictions/20260825T144218Z/behavior_visualizations) by extensions ['python_setup_py']
[0.240s] Level 1:colcon.colcon_core.package_identification:_identify(vjepa_visual_localization/outputs/warehouse_latent_predictions/20260825T144218Z/behavior_visualizations) by extension 'python_setup_py'
[0.240s] Level 1:colcon.colcon_core.package_identification:_identify(vjepa_visual_localization/outputs/warehouse_latent_predictions/20260825T144218Z/frames) by extensions ['ignore', 'ignore_ament_install']
[0.240s] Level 1:colcon.colcon_core.package_identification:_identify(vjepa_visual_localization/outputs/warehouse_latent_predictions/20260825T144218Z/frames) by extension 'ignore'
[0.240s] Level 1:colcon.colcon_core.package_identification:_identify(vjepa_visual_localization/outputs/warehouse_latent_predictions/20260825T144218Z/frames) by extension 'ignore_ament_install'
[0.240s] Level 1:colcon.colcon_core.package_identification:_identify(vjepa_visual_localization/outputs/warehouse_latent_predictions/20260825T144218Z/frames) by extensions ['colcon_pkg']
[0.240s] Level 1:colcon.colcon_core.package_identification:_identify(vjepa_visual_localization/outputs/warehouse_latent_predictions/20260825T144218Z/frames) by extension 'colcon_pkg'
[0.240s] Level 1:colcon.colcon_core.package_identification:_identify(vjepa_visual_localization/outputs/warehouse_latent_predictions/20260825T144218Z/frames) by extensions ['colcon_meta']
[0.240s] Level 1:colcon.colcon_core.package_identification:_identify(vjepa_visual_localization/outputs/warehouse_latent_predictions/20260825T144218Z/frames) by extension 'colcon_meta'
[0.240s] Level 1:colcon.colcon_core.package_identification:_identify(vjepa_visual_localization/outputs/warehouse_latent_predictions/20260825T144218Z/frames) by extensions ['ros']
[0.240s] Level 1:colcon.colcon_core.package_identification:_identify(vjepa_visual_localization/outputs/warehouse_latent_predictions/20260825T144218Z/frames) by extension 'ros'
[0.240s] Level 1:colcon.colcon_core.package_identification:_identify(vjepa_visual_localization/outputs/warehouse_latent_predictions/20260825T144218Z/frames) by extensions ['cmake', 'python']
[0.240s] Level 1:colcon.colcon_core.package_identification:_identify(vjepa_visual_localization/outputs/warehouse_latent_predictions/20260825T144218Z/frames) by extension 'cmake'
[0.240s] Level 1:colcon.colcon_core.package_identification:_identify(vjepa_visual_localization/outputs/warehouse_latent_predictions/20260825T144218Z/frames) by extension 'python'
[0.240s] Level 1:colcon.colcon_core.package_identification:_identify(vjepa_visual_localization/outputs/warehouse_latent_predictions/20260825T144218Z/frames) by extensions ['python_setup_py']
[0.240s] Level 1:colcon.colcon_core.package_identification:_identify(vjepa_visual_localization/outputs/warehouse_latent_predictions/20260825T144218Z/frames) by extension 'python_setup_py'
[0.241s] Level 1:colcon.colcon_core.package_identification:_identify(vjepa_visual_localization/outputs/warehouse_latent_predictions/20260825T144218Z/latents) by extensions ['ignore', 'ignore_ament_install']
[0.241s] Level 1:colcon.colcon_core.package_identification:_identify(vjepa_visual_localization/outputs/warehouse_latent_predictions/20260825T144218Z/latents) by extension 'ignore'
[0.241s] Level 1:colcon.colcon_core.package_identification:_identify(vjepa_visual_localization/outputs/warehouse_latent_predictions/20260825T144218Z/latents) by extension 'ignore_ament_install'
[0.241s] Level 1:colcon.colcon_core.package_identification:_identify(vjepa_visual_localization/outputs/warehouse_latent_predictions/20260825T144218Z/latents) by extensions ['colcon_pkg']
[0.241s] Level 1:colcon.colcon_core.package_identification:_identify(vjepa_visual_localization/outputs/warehouse_latent_predictions/20260825T144218Z/latents) by extension 'colcon_pkg'
[0.241s] Level 1:colcon.colcon_core.package_identification:_identify(vjepa_visual_localization/outputs/warehouse_latent_predictions/20260825T144218Z/latents) by extensions ['colcon_meta']
[0.241s] Level 1:colcon.colcon_core.package_identification:_identify(vjepa_visual_localization/outputs/warehouse_latent_predictions/20260825T144218Z/latents) by extension 'colcon_meta'
[0.241s] Level 1:colcon.colcon_core.package_identification:_identify(vjepa_visual_localization/outputs/warehouse_latent_predictions/20260825T144218Z/latents) by extensions ['ros']
[0.241s] Level 1:colcon.colcon_core.package_identification:_identify(vjepa_visual_localization/outputs/warehouse_latent_predictions/20260825T144218Z/latents) by extension 'ros'
[0.241s] Level 1:colcon.colcon_core.package_identification:_identify(vjepa_visual_localization/outputs/warehouse_latent_predictions/20260825T144218Z/latents) by extensions ['cmake', 'python']
[0.241s] Level 1:colcon.colcon_core.package_identification:_identify(vjepa_visual_localization/outputs/warehouse_latent_predictions/20260825T144218Z/latents) by extension 'cmake'
[0.241s] Level 1:colcon.colcon_core.package_identification:_identify(vjepa_visual_localization/outputs/warehouse_latent_predictions/20260825T144218Z/latents) by extension 'python'
[0.241s] Level 1:colcon.colcon_core.package_identification:_identify(vjepa_visual_localization/outputs/warehouse_latent_predictions/20260825T144218Z/latents) by extensions ['python_setup_py']
[0.241s] Level 1:colcon.colcon_core.package_identification:_identify(vjepa_visual_localization/outputs/warehouse_latent_predictions/20260825T144218Z/latents) by extension 'python_setup_py'
[0.241s] Level 1:colcon.colcon_core.package_identification:_identify(vjepa_visual_localization/outputs/warehouse_latent_predictions/20260825T144218Z/predictions) by extensions ['ignore', 'ignore_ament_install']
[0.241s] Level 1:colcon.colcon_core.package_identification:_identify(vjepa_visual_localization/outputs/warehouse_latent_predictions/20260825T144218Z/predictions) by extension 'ignore'
[0.241s] Level 1:colcon.colcon_core.package_identification:_identify(vjepa_visual_localization/outputs/warehouse_latent_predictions/20260825T144218Z/predictions) by extension 'ignore_ament_install'
[0.241s] Level 1:colcon.colcon_core.package_identification:_identify(vjepa_visual_localization/outputs/warehouse_latent_predictions/20260825T144218Z/predictions) by extensions ['colcon_pkg']
[0.241s] Level 1:colcon.colcon_core.package_identification:_identify(vjepa_visual_localization/outputs/warehouse_latent_predictions/20260825T144218Z/predictions) by extension 'colcon_pkg'
[0.241s] Level 1:colcon.colcon_core.package_identification:_identify(vjepa_visual_localization/outputs/warehouse_latent_predictions/20260825T144218Z/predictions) by extensions ['colcon_meta']
[0.241s] Level 1:colcon.colcon_core.package_identification:_identify(vjepa_visual_localization/outputs/warehouse_latent_predictions/20260825T144218Z/predictions) by extension 'colcon_meta'
[0.241s] Level 1:colcon.colcon_core.package_identification:_identify(vjepa_visual_localization/outputs/warehouse_latent_predictions/20260825T144218Z/predictions) by extensions ['ros']
[0.241s] Level 1:colcon.colcon_core.package_identification:_identify(vjepa_visual_localization/outputs/warehouse_latent_predictions/20260825T144218Z/predictions) by extension 'ros'
[0.241s] Level 1:colcon.colcon_core.package_identification:_identify(vjepa_visual_localization/outputs/warehouse_latent_predictions/20260825T144218Z/predictions) by extensions ['cmake', 'python']
[0.241s] Level 1:colcon.colcon_core.package_identification:_identify(vjepa_visual_localization/outputs/warehouse_latent_predictions/20260825T144218Z/predictions) by extension 'cmake'
[0.241s] Level 1:colcon.colcon_core.package_identification:_identify(vjepa_visual_localization/outputs/warehouse_latent_predictions/20260825T144218Z/predictions) by extension 'python'
[0.241s] Level 1:colcon.colcon_core.package_identification:_identify(vjepa_visual_localization/outputs/warehouse_latent_predictions/20260825T144218Z/predictions) by extensions ['python_setup_py']
[0.241s] Level 1:colcon.colcon_core.package_identification:_identify(vjepa_visual_localization/outputs/warehouse_latent_predictions/20260825T144218Z/predictions) by extension 'python_setup_py'
[0.241s] Level 1:colcon.colcon_core.package_identification:_identify(vjepa_visual_localization/outputs/warehouse_latent_predictions/20260825T144648Z) by extensions ['ignore', 'ignore_ament_install']
[0.242s] Level 1:colcon.colcon_core.package_identification:_identify(vjepa_visual_localization/outputs/warehouse_latent_predictions/20260825T144648Z) by extension 'ignore'
[0.242s] Level 1:colcon.colcon_core.package_identification:_identify(vjepa_visual_localization/outputs/warehouse_latent_predictions/20260825T144648Z) by extension 'ignore_ament_install'
[0.242s] Level 1:colcon.colcon_core.package_identification:_identify(vjepa_visual_localization/outputs/warehouse_latent_predictions/20260825T144648Z) by extensions ['colcon_pkg']
[0.242s] Level 1:colcon.colcon_core.package_identification:_identify(vjepa_visual_localization/outputs/warehouse_latent_predictions/20260825T144648Z) by extension 'colcon_pkg'
[0.242s] Level 1:colcon.colcon_core.package_identification:_identify(vjepa_visual_localization/outputs/warehouse_latent_predictions/20260825T144648Z) by extensions ['colcon_meta']
[0.242s] Level 1:colcon.colcon_core.package_identification:_identify(vjepa_visual_localization/outputs/warehouse_latent_predictions/20260825T144648Z) by extension 'colcon_meta'
[0.242s] Level 1:colcon.colcon_core.package_identification:_identify(vjepa_visual_localization/outputs/warehouse_latent_predictions/20260825T144648Z) by extensions ['ros']
[0.242s] Level 1:colcon.colcon_core.package_identification:_identify(vjepa_visual_localization/outputs/warehouse_latent_predictions/20260825T144648Z) by extension 'ros'
[0.242s] Level 1:colcon.colcon_core.package_identification:_identify(vjepa_visual_localization/outputs/warehouse_latent_predictions/20260825T144648Z) by extensions ['cmake', 'python']
[0.242s] Level 1:colcon.colcon_core.package_identification:_identify(vjepa_visual_localization/outputs/warehouse_latent_predictions/20260825T144648Z) by extension 'cmake'
[0.242s] Level 1:colcon.colcon_core.package_identification:_identify(vjepa_visual_localization/outputs/warehouse_latent_predictions/20260825T144648Z) by extension 'python'
[0.242s] Level 1:colcon.colcon_core.package_identification:_identify(vjepa_visual_localization/outputs/warehouse_latent_predictions/20260825T144648Z) by extensions ['python_setup_py']
[0.242s] Level 1:colcon.colcon_core.package_identification:_identify(vjepa_visual_localization/outputs/warehouse_latent_predictions/20260825T144648Z) by extension 'python_setup_py'
[0.242s] Level 1:colcon.colcon_core.package_identification:_identify(vjepa_visual_localization/outputs/warehouse_latent_predictions/20260825T144648Z/behavior_visualizations) by extensions ['ignore', 'ignore_ament_install']
[0.242s] Level 1:colcon.colcon_core.package_identification:_identify(vjepa_visual_localization/outputs/warehouse_latent_predictions/20260825T144648Z/behavior_visualizations) by extension 'ignore'
[0.242s] Level 1:colcon.colcon_core.package_identification:_identify(vjepa_visual_localization/outputs/warehouse_latent_predictions/20260825T144648Z/behavior_visualizations) by extension 'ignore_ament_install'
[0.242s] Level 1:colcon.colcon_core.package_identification:_identify(vjepa_visual_localization/outputs/warehouse_latent_predictions/20260825T144648Z/behavior_visualizations) by extensions ['colcon_pkg']
[0.242s] Level 1:colcon.colcon_core.package_identification:_identify(vjepa_visual_localization/outputs/warehouse_latent_predictions/20260825T144648Z/behavior_visualizations) by extension 'colcon_pkg'
[0.242s] Level 1:colcon.colcon_core.package_identification:_identify(vjepa_visual_localization/outputs/warehouse_latent_predictions/20260825T144648Z/behavior_visualizations) by extensions ['colcon_meta']
[0.242s] Level 1:colcon.colcon_core.package_identification:_identify(vjepa_visual_localization/outputs/warehouse_latent_predictions/20260825T144648Z/behavior_visualizations) by extension 'colcon_meta'
[0.242s] Level 1:colcon.colcon_core.package_identification:_identify(vjepa_visual_localization/outputs/warehouse_latent_predictions/20260825T144648Z/behavior_visualizations) by extensions ['ros']
[0.242s] Level 1:colcon.colcon_core.package_identification:_identify(vjepa_visual_localization/outputs/warehouse_latent_predictions/20260825T144648Z/behavior_visualizations) by extension 'ros'
[0.242s] Level 1:colcon.colcon_core.package_identification:_identify(vjepa_visual_localization/outputs/warehouse_latent_predictions/20260825T144648Z/behavior_visualizations) by extensions ['cmake', 'python']
[0.242s] Level 1:colcon.colcon_core.package_identification:_identify(vjepa_visual_localization/outputs/warehouse_latent_predictions/20260825T144648Z/behavior_visualizations) by extension 'cmake'
[0.242s] Level 1:colcon.colcon_core.package_identification:_identify(vjepa_visual_localization/outputs/warehouse_latent_predictions/20260825T144648Z/behavior_visualizations) by extension 'python'
[0.242s] Level 1:colcon.colcon_core.package_identification:_identify(vjepa_visual_localization/outputs/warehouse_latent_predictions/20260825T144648Z/behavior_visualizations) by extensions ['python_setup_py']
[0.242s] Level 1:colcon.colcon_core.package_identification:_identify(vjepa_visual_localization/outputs/warehouse_latent_predictions/20260825T144648Z/behavior_visualizations) by extension 'python_setup_py'
[0.242s] Level 1:colcon.colcon_core.package_identification:_identify(vjepa_visual_localization/outputs/warehouse_latent_predictions/20260825T144648Z/frames) by extensions ['ignore', 'ignore_ament_install']
[0.242s] Level 1:colcon.colcon_core.package_identification:_identify(vjepa_visual_localization/outputs/warehouse_latent_predictions/20260825T144648Z/frames) by extension 'ignore'
[0.242s] Level 1:colcon.colcon_core.package_identification:_identify(vjepa_visual_localization/outputs/warehouse_latent_predictions/20260825T144648Z/frames) by extension 'ignore_ament_install'
[0.242s] Level 1:colcon.colcon_core.package_identification:_identify(vjepa_visual_localization/outputs/warehouse_latent_predictions/20260825T144648Z/frames) by extensions ['colcon_pkg']
[0.242s] Level 1:colcon.colcon_core.package_identification:_identify(vjepa_visual_localization/outputs/warehouse_latent_predictions/20260825T144648Z/frames) by extension 'colcon_pkg'
[0.242s] Level 1:colcon.colcon_core.package_identification:_identify(vjepa_visual_localization/outputs/warehouse_latent_predictions/20260825T144648Z/frames) by extensions ['colcon_meta']
[0.242s] Level 1:colcon.colcon_core.package_identification:_identify(vjepa_visual_localization/outputs/warehouse_latent_predictions/20260825T144648Z/frames) by extension 'colcon_meta'
[0.242s] Level 1:colcon.colcon_core.package_identification:_identify(vjepa_visual_localization/outputs/warehouse_latent_predictions/20260825T144648Z/frames) by extensions ['ros']
[0.242s] Level 1:colcon.colcon_core.package_identification:_identify(vjepa_visual_localization/outputs/warehouse_latent_predictions/20260825T144648Z/frames) by extension 'ros'
[0.242s] Level 1:colcon.colcon_core.package_identification:_identify(vjepa_visual_localization/outputs/warehouse_latent_predictions/20260825T144648Z/frames) by extensions ['cmake', 'python']
[0.242s] Level 1:colcon.colcon_core.package_identification:_identify(vjepa_visual_localization/outputs/warehouse_latent_predictions/20260825T144648Z/frames) by extension 'cmake'
[0.243s] Level 1:colcon.colcon_core.package_identification:_identify(vjepa_visual_localization/outputs/warehouse_latent_predictions/20260825T144648Z/frames) by extension 'python'
[0.243s] Level 1:colcon.colcon_core.package_identification:_identify(vjepa_visual_localization/outputs/warehouse_latent_predictions/20260825T144648Z/frames) by extensions ['python_setup_py']
[0.243s] Level 1:colcon.colcon_core.package_identification:_identify(vjepa_visual_localization/outputs/warehouse_latent_predictions/20260825T144648Z/frames) by extension 'python_setup_py'
[0.243s] Level 1:colcon.colcon_core.package_identification:_identify(vjepa_visual_localization/outputs/warehouse_latent_predictions/20260825T144648Z/latents) by extensions ['ignore', 'ignore_ament_install']
[0.243s] Level 1:colcon.colcon_core.package_identification:_identify(vjepa_visual_localization/outputs/warehouse_latent_predictions/20260825T144648Z/latents) by extension 'ignore'
[0.243s] Level 1:colcon.colcon_core.package_identification:_identify(vjepa_visual_localization/outputs/warehouse_latent_predictions/20260825T144648Z/latents) by extension 'ignore_ament_install'
[0.243s] Level 1:colcon.colcon_core.package_identification:_identify(vjepa_visual_localization/outputs/warehouse_latent_predictions/20260825T144648Z/latents) by extensions ['colcon_pkg']
[0.243s] Level 1:colcon.colcon_core.package_identification:_identify(vjepa_visual_localization/outputs/warehouse_latent_predictions/20260825T144648Z/latents) by extension 'colcon_pkg'
[0.243s] Level 1:colcon.colcon_core.package_identification:_identify(vjepa_visual_localization/outputs/warehouse_latent_predictions/20260825T144648Z/latents) by extensions ['colcon_meta']
[0.243s] Level 1:colcon.colcon_core.package_identification:_identify(vjepa_visual_localization/outputs/warehouse_latent_predictions/20260825T144648Z/latents) by extension 'colcon_meta'
[0.243s] Level 1:colcon.colcon_core.package_identification:_identify(vjepa_visual_localization/outputs/warehouse_latent_predictions/20260825T144648Z/latents) by extensions ['ros']
[0.243s] Level 1:colcon.colcon_core.package_identification:_identify(vjepa_visual_localization/outputs/warehouse_latent_predictions/20260825T144648Z/latents) by extension 'ros'
[0.243s] Level 1:colcon.colcon_core.package_identification:_identify(vjepa_visual_localization/outputs/warehouse_latent_predictions/20260825T144648Z/latents) by extensions ['cmake', 'python']
[0.243s] Level 1:colcon.colcon_core.package_identification:_identify(vjepa_visual_localization/outputs/warehouse_latent_predictions/20260825T144648Z/latents) by extension 'cmake'
[0.243s] Level 1:colcon.colcon_core.package_identification:_identify(vjepa_visual_localization/outputs/warehouse_latent_predictions/20260825T144648Z/latents) by extension 'python'
[0.243s] Level 1:colcon.colcon_core.package_identification:_identify(vjepa_visual_localization/outputs/warehouse_latent_predictions/20260825T144648Z/latents) by extensions ['python_setup_py']
[0.243s] Level 1:colcon.colcon_core.package_identification:_identify(vjepa_visual_localization/outputs/warehouse_latent_predictions/20260825T144648Z/latents) by extension 'python_setup_py'
[0.243s] Level 1:colcon.colcon_core.package_identification:_identify(vjepa_visual_localization/outputs/warehouse_latent_predictions/20260825T144648Z/predictions) by extensions ['ignore', 'ignore_ament_install']
[0.243s] Level 1:colcon.colcon_core.package_identification:_identify(vjepa_visual_localization/outputs/warehouse_latent_predictions/20260825T144648Z/predictions) by extension 'ignore'
[0.243s] Level 1:colcon.colcon_core.package_identification:_identify(vjepa_visual_localization/outputs/warehouse_latent_predictions/20260825T144648Z/predictions) by extension 'ignore_ament_install'
[0.243s] Level 1:colcon.colcon_core.package_identification:_identify(vjepa_visual_localization/outputs/warehouse_latent_predictions/20260825T144648Z/predictions) by extensions ['colcon_pkg']
[0.243s] Level 1:colcon.colcon_core.package_identification:_identify(vjepa_visual_localization/outputs/warehouse_latent_predictions/20260825T144648Z/predictions) by extension 'colcon_pkg'
[0.243s] Level 1:colcon.colcon_core.package_identification:_identify(vjepa_visual_localization/outputs/warehouse_latent_predictions/20260825T144648Z/predictions) by extensions ['colcon_meta']
[0.243s] Level 1:colcon.colcon_core.package_identification:_identify(vjepa_visual_localization/outputs/warehouse_latent_predictions/20260825T144648Z/predictions) by extension 'colcon_meta'
[0.243s] Level 1:colcon.colcon_core.package_identification:_identify(vjepa_visual_localization/outputs/warehouse_latent_predictions/20260825T144648Z/predictions) by extensions ['ros']
[0.243s] Level 1:colcon.colcon_core.package_identification:_identify(vjepa_visual_localization/outputs/warehouse_latent_predictions/20260825T144648Z/predictions) by extension 'ros'
[0.243s] Level 1:colcon.colcon_core.package_identification:_identify(vjepa_visual_localization/outputs/warehouse_latent_predictions/20260825T144648Z/predictions) by extensions ['cmake', 'python']
[0.243s] Level 1:colcon.colcon_core.package_identification:_identify(vjepa_visual_localization/outputs/warehouse_latent_predictions/20260825T144648Z/predictions) by extension 'cmake'
[0.243s] Level 1:colcon.colcon_core.package_identification:_identify(vjepa_visual_localization/outputs/warehouse_latent_predictions/20260825T144648Z/predictions) by extension 'python'
[0.243s] Level 1:colcon.colcon_core.package_identification:_identify(vjepa_visual_localization/outputs/warehouse_latent_predictions/20260825T144648Z/predictions) by extensions ['python_setup_py']
[0.243s] Level 1:colcon.colcon_core.package_identification:_identify(vjepa_visual_localization/outputs/warehouse_latent_predictions/20260825T144648Z/predictions) by extension 'python_setup_py'
[0.243s] Level 1:colcon.colcon_core.package_identification:_identify(vjepa_visual_localization/outputs/warehouse_latent_predictions/20260825T144722Z) by extensions ['ignore', 'ignore_ament_install']
[0.243s] Level 1:colcon.colcon_core.package_identification:_identify(vjepa_visual_localization/outputs/warehouse_latent_predictions/20260825T144722Z) by extension 'ignore'
[0.243s] Level 1:colcon.colcon_core.package_identification:_identify(vjepa_visual_localization/outputs/warehouse_latent_predictions/20260825T144722Z) by extension 'ignore_ament_install'
[0.243s] Level 1:colcon.colcon_core.package_identification:_identify(vjepa_visual_localization/outputs/warehouse_latent_predictions/20260825T144722Z) by extensions ['colcon_pkg']
[0.243s] Level 1:colcon.colcon_core.package_identification:_identify(vjepa_visual_localization/outputs/warehouse_latent_predictions/20260825T144722Z) by extension 'colcon_pkg'
[0.243s] Level 1:colcon.colcon_core.package_identification:_identify(vjepa_visual_localization/outputs/warehouse_latent_predictions/20260825T144722Z) by extensions ['colcon_meta']
[0.243s] Level 1:colcon.colcon_core.package_identification:_identify(vjepa_visual_localization/outputs/warehouse_latent_predictions/20260825T144722Z) by extension 'colcon_meta'
[0.244s] Level 1:colcon.colcon_core.package_identification:_identify(vjepa_visual_localization/outputs/warehouse_latent_predictions/20260825T144722Z) by extensions ['ros']
[0.244s] Level 1:colcon.colcon_core.package_identification:_identify(vjepa_visual_localization/outputs/warehouse_latent_predictions/20260825T144722Z) by extension 'ros'
[0.244s] Level 1:colcon.colcon_core.package_identification:_identify(vjepa_visual_localization/outputs/warehouse_latent_predictions/20260825T144722Z) by extensions ['cmake', 'python']
[0.244s] Level 1:colcon.colcon_core.package_identification:_identify(vjepa_visual_localization/outputs/warehouse_latent_predictions/20260825T144722Z) by extension 'cmake'
[0.244s] Level 1:colcon.colcon_core.package_identification:_identify(vjepa_visual_localization/outputs/warehouse_latent_predictions/20260825T144722Z) by extension 'python'
[0.244s] Level 1:colcon.colcon_core.package_identification:_identify(vjepa_visual_localization/outputs/warehouse_latent_predictions/20260825T144722Z) by extensions ['python_setup_py']
[0.244s] Level 1:colcon.colcon_core.package_identification:_identify(vjepa_visual_localization/outputs/warehouse_latent_predictions/20260825T144722Z) by extension 'python_setup_py'
[0.244s] Level 1:colcon.colcon_core.package_identification:_identify(vjepa_visual_localization/outputs/warehouse_latent_predictions/20260825T144722Z/behavior_visualizations) by extensions ['ignore', 'ignore_ament_install']
[0.244s] Level 1:colcon.colcon_core.package_identification:_identify(vjepa_visual_localization/outputs/warehouse_latent_predictions/20260825T144722Z/behavior_visualizations) by extension 'ignore'
[0.244s] Level 1:colcon.colcon_core.package_identification:_identify(vjepa_visual_localization/outputs/warehouse_latent_predictions/20260825T144722Z/behavior_visualizations) by extension 'ignore_ament_install'
[0.244s] Level 1:colcon.colcon_core.package_identification:_identify(vjepa_visual_localization/outputs/warehouse_latent_predictions/20260825T144722Z/behavior_visualizations) by extensions ['colcon_pkg']
[0.244s] Level 1:colcon.colcon_core.package_identification:_identify(vjepa_visual_localization/outputs/warehouse_latent_predictions/20260825T144722Z/behavior_visualizations) by extension 'colcon_pkg'
[0.244s] Level 1:colcon.colcon_core.package_identification:_identify(vjepa_visual_localization/outputs/warehouse_latent_predictions/20260825T144722Z/behavior_visualizations) by extensions ['colcon_meta']
[0.244s] Level 1:colcon.colcon_core.package_identification:_identify(vjepa_visual_localization/outputs/warehouse_latent_predictions/20260825T144722Z/behavior_visualizations) by extension 'colcon_meta'
[0.244s] Level 1:colcon.colcon_core.package_identification:_identify(vjepa_visual_localization/outputs/warehouse_latent_predictions/20260825T144722Z/behavior_visualizations) by extensions ['ros']
[0.244s] Level 1:colcon.colcon_core.package_identification:_identify(vjepa_visual_localization/outputs/warehouse_latent_predictions/20260825T144722Z/behavior_visualizations) by extension 'ros'
[0.244s] Level 1:colcon.colcon_core.package_identification:_identify(vjepa_visual_localization/outputs/warehouse_latent_predictions/20260825T144722Z/behavior_visualizations) by extensions ['cmake', 'python']
[0.244s] Level 1:colcon.colcon_core.package_identification:_identify(vjepa_visual_localization/outputs/warehouse_latent_predictions/20260825T144722Z/behavior_visualizations) by extension 'cmake'
[0.244s] Level 1:colcon.colcon_core.package_identification:_identify(vjepa_visual_localization/outputs/warehouse_latent_predictions/20260825T144722Z/behavior_visualizations) by extension 'python'
[0.244s] Level 1:colcon.colcon_core.package_identification:_identify(vjepa_visual_localization/outputs/warehouse_latent_predictions/20260825T144722Z/behavior_visualizations) by extensions ['python_setup_py']
[0.244s] Level 1:colcon.colcon_core.package_identification:_identify(vjepa_visual_localization/outputs/warehouse_latent_predictions/20260825T144722Z/behavior_visualizations) by extension 'python_setup_py'
[0.244s] Level 1:colcon.colcon_core.package_identification:_identify(vjepa_visual_localization/outputs/warehouse_latent_predictions/20260825T144722Z/frames) by extensions ['ignore', 'ignore_ament_install']
[0.244s] Level 1:colcon.colcon_core.package_identification:_identify(vjepa_visual_localization/outputs/warehouse_latent_predictions/20260825T144722Z/frames) by extension 'ignore'
[0.244s] Level 1:colcon.colcon_core.package_identification:_identify(vjepa_visual_localization/outputs/warehouse_latent_predictions/20260825T144722Z/frames) by extension 'ignore_ament_install'
[0.244s] Level 1:colcon.colcon_core.package_identification:_identify(vjepa_visual_localization/outputs/warehouse_latent_predictions/20260825T144722Z/frames) by extensions ['colcon_pkg']
[0.244s] Level 1:colcon.colcon_core.package_identification:_identify(vjepa_visual_localization/outputs/warehouse_latent_predictions/20260825T144722Z/frames) by extension 'colcon_pkg'
[0.244s] Level 1:colcon.colcon_core.package_identification:_identify(vjepa_visual_localization/outputs/warehouse_latent_predictions/20260825T144722Z/frames) by extensions ['colcon_meta']
[0.244s] Level 1:colcon.colcon_core.package_identification:_identify(vjepa_visual_localization/outputs/warehouse_latent_predictions/20260825T144722Z/frames) by extension 'colcon_meta'
[0.244s] Level 1:colcon.colcon_core.package_identification:_identify(vjepa_visual_localization/outputs/warehouse_latent_predictions/20260825T144722Z/frames) by extensions ['ros']
[0.244s] Level 1:colcon.colcon_core.package_identification:_identify(vjepa_visual_localization/outputs/warehouse_latent_predictions/20260825T144722Z/frames) by extension 'ros'
[0.244s] Level 1:colcon.colcon_core.package_identification:_identify(vjepa_visual_localization/outputs/warehouse_latent_predictions/20260825T144722Z/frames) by extensions ['cmake', 'python']
[0.244s] Level 1:colcon.colcon_core.package_identification:_identify(vjepa_visual_localization/outputs/warehouse_latent_predictions/20260825T144722Z/frames) by extension 'cmake'
[0.244s] Level 1:colcon.colcon_core.package_identification:_identify(vjepa_visual_localization/outputs/warehouse_latent_predictions/20260825T144722Z/frames) by extension 'python'
[0.244s] Level 1:colcon.colcon_core.package_identification:_identify(vjepa_visual_localization/outputs/warehouse_latent_predictions/20260825T144722Z/frames) by extensions ['python_setup_py']
[0.244s] Level 1:colcon.colcon_core.package_identification:_identify(vjepa_visual_localization/outputs/warehouse_latent_predictions/20260825T144722Z/frames) by extension 'python_setup_py'
[0.245s] Level 1:colcon.colcon_core.package_identification:_identify(vjepa_visual_localization/outputs/warehouse_latent_predictions/20260825T144722Z/latents) by extensions ['ignore', 'ignore_ament_install']
[0.245s] Level 1:colcon.colcon_core.package_identification:_identify(vjepa_visual_localization/outputs/warehouse_latent_predictions/20260825T144722Z/latents) by extension 'ignore'
[0.245s] Level 1:colcon.colcon_core.package_identification:_identify(vjepa_visual_localization/outputs/warehouse_latent_predictions/20260825T144722Z/latents) by extension 'ignore_ament_install'
[0.245s] Level 1:colcon.colcon_core.package_identification:_identify(vjepa_visual_localization/outputs/warehouse_latent_predictions/20260825T144722Z/latents) by extensions ['colcon_pkg']
[0.245s] Level 1:colcon.colcon_core.package_identification:_identify(vjepa_visual_localization/outputs/warehouse_latent_predictions/20260825T144722Z/latents) by extension 'colcon_pkg'
[0.245s] Level 1:colcon.colcon_core.package_identification:_identify(vjepa_visual_localization/outputs/warehouse_latent_predictions/20260825T144722Z/latents) by extensions ['colcon_meta']
[0.245s] Level 1:colcon.colcon_core.package_identification:_identify(vjepa_visual_localization/outputs/warehouse_latent_predictions/20260825T144722Z/latents) by extension 'colcon_meta'
[0.245s] Level 1:colcon.colcon_core.package_identification:_identify(vjepa_visual_localization/outputs/warehouse_latent_predictions/20260825T144722Z/latents) by extensions ['ros']
[0.245s] Level 1:colcon.colcon_core.package_identification:_identify(vjepa_visual_localization/outputs/warehouse_latent_predictions/20260825T144722Z/latents) by extension 'ros'
[0.245s] Level 1:colcon.colcon_core.package_identification:_identify(vjepa_visual_localization/outputs/warehouse_latent_predictions/20260825T144722Z/latents) by extensions ['cmake', 'python']
[0.245s] Level 1:colcon.colcon_core.package_identification:_identify(vjepa_visual_localization/outputs/warehouse_latent_predictions/20260825T144722Z/latents) by extension 'cmake'
[0.245s] Level 1:colcon.colcon_core.package_identification:_identify(vjepa_visual_localization/outputs/warehouse_latent_predictions/20260825T144722Z/latents) by extension 'python'
[0.245s] Level 1:colcon.colcon_core.package_identification:_identify(vjepa_visual_localization/outputs/warehouse_latent_predictions/20260825T144722Z/latents) by extensions ['python_setup_py']
[0.245s] Level 1:colcon.colcon_core.package_identification:_identify(vjepa_visual_localization/outputs/warehouse_latent_predictions/20260825T144722Z/latents) by extension 'python_setup_py'
[0.245s] Level 1:colcon.colcon_core.package_identification:_identify(vjepa_visual_localization/outputs/warehouse_latent_predictions/20260825T144722Z/predictions) by extensions ['ignore', 'ignore_ament_install']
[0.245s] Level 1:colcon.colcon_core.package_identification:_identify(vjepa_visual_localization/outputs/warehouse_latent_predictions/20260825T144722Z/predictions) by extension 'ignore'
[0.245s] Level 1:colcon.colcon_core.package_identification:_identify(vjepa_visual_localization/outputs/warehouse_latent_predictions/20260825T144722Z/predictions) by extension 'ignore_ament_install'
[0.245s] Level 1:colcon.colcon_core.package_identification:_identify(vjepa_visual_localization/outputs/warehouse_latent_predictions/20260825T144722Z/predictions) by extensions ['colcon_pkg']
[0.245s] Level 1:colcon.colcon_core.package_identification:_identify(vjepa_visual_localization/outputs/warehouse_latent_predictions/20260825T144722Z/predictions) by extension 'colcon_pkg'
[0.245s] Level 1:colcon.colcon_core.package_identification:_identify(vjepa_visual_localization/outputs/warehouse_latent_predictions/20260825T144722Z/predictions) by extensions ['colcon_meta']
[0.245s] Level 1:colcon.colcon_core.package_identification:_identify(vjepa_visual_localization/outputs/warehouse_latent_predictions/20260825T144722Z/predictions) by extension 'colcon_meta'
[0.245s] Level 1:colcon.colcon_core.package_identification:_identify(vjepa_visual_localization/outputs/warehouse_latent_predictions/20260825T144722Z/predictions) by extensions ['ros']
[0.245s] Level 1:colcon.colcon_core.package_identification:_identify(vjepa_visual_localization/outputs/warehouse_latent_predictions/20260825T144722Z/predictions) by extension 'ros'
[0.245s] Level 1:colcon.colcon_core.package_identification:_identify(vjepa_visual_localization/outputs/warehouse_latent_predictions/20260825T144722Z/predictions) by extensions ['cmake', 'python']
[0.245s] Level 1:colcon.colcon_core.package_identification:_identify(vjepa_visual_localization/outputs/warehouse_latent_predictions/20260825T144722Z/predictions) by extension 'cmake'
[0.245s] Level 1:colcon.colcon_core.package_identification:_identify(vjepa_visual_localization/outputs/warehouse_latent_predictions/20260825T144722Z/predictions) by extension 'python'
[0.245s] Level 1:colcon.colcon_core.package_identification:_identify(vjepa_visual_localization/outputs/warehouse_latent_predictions/20260825T144722Z/predictions) by extensions ['python_setup_py']
[0.245s] Level 1:colcon.colcon_core.package_identification:_identify(vjepa_visual_localization/outputs/warehouse_latent_predictions/20260825T144722Z/predictions) by extension 'python_setup_py'
[0.245s] Level 1:colcon.colcon_core.package_identification:_identify(vjepa_visual_localization/outputs/warehouse_latent_predictions/20260825T145224Z) by extensions ['ignore', 'ignore_ament_install']
[0.245s] Level 1:colcon.colcon_core.package_identification:_identify(vjepa_visual_localization/outputs/warehouse_latent_predictions/20260825T145224Z) by extension 'ignore'
[0.245s] Level 1:colcon.colcon_core.package_identification:_identify(vjepa_visual_localization/outputs/warehouse_latent_predictions/20260825T145224Z) by extension 'ignore_ament_install'
[0.245s] Level 1:colcon.colcon_core.package_identification:_identify(vjepa_visual_localization/outputs/warehouse_latent_predictions/20260825T145224Z) by extensions ['colcon_pkg']
[0.245s] Level 1:colcon.colcon_core.package_identification:_identify(vjepa_visual_localization/outputs/warehouse_latent_predictions/20260825T145224Z) by extension 'colcon_pkg'
[0.245s] Level 1:colcon.colcon_core.package_identification:_identify(vjepa_visual_localization/outputs/warehouse_latent_predictions/20260825T145224Z) by extensions ['colcon_meta']
[0.245s] Level 1:colcon.colcon_core.package_identification:_identify(vjepa_visual_localization/outputs/warehouse_latent_predictions/20260825T145224Z) by extension 'colcon_meta'
[0.245s] Level 1:colcon.colcon_core.package_identification:_identify(vjepa_visual_localization/outputs/warehouse_latent_predictions/20260825T145224Z) by extensions ['ros']
[0.245s] Level 1:colcon.colcon_core.package_identification:_identify(vjepa_visual_localization/outputs/warehouse_latent_predictions/20260825T145224Z) by extension 'ros'
[0.246s] Level 1:colcon.colcon_core.package_identification:_identify(vjepa_visual_localization/outputs/warehouse_latent_predictions/20260825T145224Z) by extensions ['cmake', 'python']
[0.246s] Level 1:colcon.colcon_core.package_identification:_identify(vjepa_visual_localization/outputs/warehouse_latent_predictions/20260825T145224Z) by extension 'cmake'
[0.246s] Level 1:colcon.colcon_core.package_identification:_identify(vjepa_visual_localization/outputs/warehouse_latent_predictions/20260825T145224Z) by extension 'python'
[0.246s] Level 1:colcon.colcon_core.package_identification:_identify(vjepa_visual_localization/outputs/warehouse_latent_predictions/20260825T145224Z) by extensions ['python_setup_py']
[0.246s] Level 1:colcon.colcon_core.package_identification:_identify(vjepa_visual_localization/outputs/warehouse_latent_predictions/20260825T145224Z) by extension 'python_setup_py'
[0.246s] Level 1:colcon.colcon_core.package_identification:_identify(vjepa_visual_localization/outputs/warehouse_latent_predictions/20260825T145224Z/behavior_visualizations) by extensions ['ignore', 'ignore_ament_install']
[0.246s] Level 1:colcon.colcon_core.package_identification:_identify(vjepa_visual_localization/outputs/warehouse_latent_predictions/20260825T145224Z/behavior_visualizations) by extension 'ignore'
[0.246s] Level 1:colcon.colcon_core.package_identification:_identify(vjepa_visual_localization/outputs/warehouse_latent_predictions/20260825T145224Z/behavior_visualizations) by extension 'ignore_ament_install'
[0.246s] Level 1:colcon.colcon_core.package_identification:_identify(vjepa_visual_localization/outputs/warehouse_latent_predictions/20260825T145224Z/behavior_visualizations) by extensions ['colcon_pkg']
[0.246s] Level 1:colcon.colcon_core.package_identification:_identify(vjepa_visual_localization/outputs/warehouse_latent_predictions/20260825T145224Z/behavior_visualizations) by extension 'colcon_pkg'
[0.246s] Level 1:colcon.colcon_core.package_identification:_identify(vjepa_visual_localization/outputs/warehouse_latent_predictions/20260825T145224Z/behavior_visualizations) by extensions ['colcon_meta']
[0.246s] Level 1:colcon.colcon_core.package_identification:_identify(vjepa_visual_localization/outputs/warehouse_latent_predictions/20260825T145224Z/behavior_visualizations) by extension 'colcon_meta'
[0.246s] Level 1:colcon.colcon_core.package_identification:_identify(vjepa_visual_localization/outputs/warehouse_latent_predictions/20260825T145224Z/behavior_visualizations) by extensions ['ros']
[0.246s] Level 1:colcon.colcon_core.package_identification:_identify(vjepa_visual_localization/outputs/warehouse_latent_predictions/20260825T145224Z/behavior_visualizations) by extension 'ros'
[0.246s] Level 1:colcon.colcon_core.package_identification:_identify(vjepa_visual_localization/outputs/warehouse_latent_predictions/20260825T145224Z/behavior_visualizations) by extensions ['cmake', 'python']
[0.246s] Level 1:colcon.colcon_core.package_identification:_identify(vjepa_visual_localization/outputs/warehouse_latent_predictions/20260825T145224Z/behavior_visualizations) by extension 'cmake'
[0.246s] Level 1:colcon.colcon_core.package_identification:_identify(vjepa_visual_localization/outputs/warehouse_latent_predictions/20260825T145224Z/behavior_visualizations) by extension 'python'
[0.246s] Level 1:colcon.colcon_core.package_identification:_identify(vjepa_visual_localization/outputs/warehouse_latent_predictions/20260825T145224Z/behavior_visualizations) by extensions ['python_setup_py']
[0.246s] Level 1:colcon.colcon_core.package_identification:_identify(vjepa_visual_localization/outputs/warehouse_latent_predictions/20260825T145224Z/behavior_visualizations) by extension 'python_setup_py'
[0.246s] Level 1:colcon.colcon_core.package_identification:_identify(vjepa_visual_localization/outputs/warehouse_latent_predictions/20260825T145224Z/frames) by extensions ['ignore', 'ignore_ament_install']
[0.246s] Level 1:colcon.colcon_core.package_identification:_identify(vjepa_visual_localization/outputs/warehouse_latent_predictions/20260825T145224Z/frames) by extension 'ignore'
[0.246s] Level 1:colcon.colcon_core.package_identification:_identify(vjepa_visual_localization/outputs/warehouse_latent_predictions/20260825T145224Z/frames) by extension 'ignore_ament_install'
[0.246s] Level 1:colcon.colcon_core.package_identification:_identify(vjepa_visual_localization/outputs/warehouse_latent_predictions/20260825T145224Z/frames) by extensions ['colcon_pkg']
[0.246s] Level 1:colcon.colcon_core.package_identification:_identify(vjepa_visual_localization/outputs/warehouse_latent_predictions/20260825T145224Z/frames) by extension 'colcon_pkg'
[0.246s] Level 1:colcon.colcon_core.package_identification:_identify(vjepa_visual_localization/outputs/warehouse_latent_predictions/20260825T145224Z/frames) by extensions ['colcon_meta']
[0.246s] Level 1:colcon.colcon_core.package_identification:_identify(vjepa_visual_localization/outputs/warehouse_latent_predictions/20260825T145224Z/frames) by extension 'colcon_meta'
[0.246s] Level 1:colcon.colcon_core.package_identification:_identify(vjepa_visual_localization/outputs/warehouse_latent_predictions/20260825T145224Z/frames) by extensions ['ros']
[0.246s] Level 1:colcon.colcon_core.package_identification:_identify(vjepa_visual_localization/outputs/warehouse_latent_predictions/20260825T145224Z/frames) by extension 'ros'
[0.246s] Level 1:colcon.colcon_core.package_identification:_identify(vjepa_visual_localization/outputs/warehouse_latent_predictions/20260825T145224Z/frames) by extensions ['cmake', 'python']
[0.246s] Level 1:colcon.colcon_core.package_identification:_identify(vjepa_visual_localization/outputs/warehouse_latent_predictions/20260825T145224Z/frames) by extension 'cmake'
[0.246s] Level 1:colcon.colcon_core.package_identification:_identify(vjepa_visual_localization/outputs/warehouse_latent_predictions/20260825T145224Z/frames) by extension 'python'
[0.246s] Level 1:colcon.colcon_core.package_identification:_identify(vjepa_visual_localization/outputs/warehouse_latent_predictions/20260825T145224Z/frames) by extensions ['python_setup_py']
[0.246s] Level 1:colcon.colcon_core.package_identification:_identify(vjepa_visual_localization/outputs/warehouse_latent_predictions/20260825T145224Z/frames) by extension 'python_setup_py'
[0.247s] Level 1:colcon.colcon_core.package_identification:_identify(vjepa_visual_localization/outputs/warehouse_latent_predictions/20260825T145224Z/latents) by extensions ['ignore', 'ignore_ament_install']
[0.247s] Level 1:colcon.colcon_core.package_identification:_identify(vjepa_visual_localization/outputs/warehouse_latent_predictions/20260825T145224Z/latents) by extension 'ignore'
[0.247s] Level 1:colcon.colcon_core.package_identification:_identify(vjepa_visual_localization/outputs/warehouse_latent_predictions/20260825T145224Z/latents) by extension 'ignore_ament_install'
[0.247s] Level 1:colcon.colcon_core.package_identification:_identify(vjepa_visual_localization/outputs/warehouse_latent_predictions/20260825T145224Z/latents) by extensions ['colcon_pkg']
[0.247s] Level 1:colcon.colcon_core.package_identification:_identify(vjepa_visual_localization/outputs/warehouse_latent_predictions/20260825T145224Z/latents) by extension 'colcon_pkg'
[0.247s] Level 1:colcon.colcon_core.package_identification:_identify(vjepa_visual_localization/outputs/warehouse_latent_predictions/20260825T145224Z/latents) by extensions ['colcon_meta']
[0.247s] Level 1:colcon.colcon_core.package_identification:_identify(vjepa_visual_localization/outputs/warehouse_latent_predictions/20260825T145224Z/latents) by extension 'colcon_meta'
[0.247s] Level 1:colcon.colcon_core.package_identification:_identify(vjepa_visual_localization/outputs/warehouse_latent_predictions/20260825T145224Z/latents) by extensions ['ros']
[0.247s] Level 1:colcon.colcon_core.package_identification:_identify(vjepa_visual_localization/outputs/warehouse_latent_predictions/20260825T145224Z/latents) by extension 'ros'
[0.247s] Level 1:colcon.colcon_core.package_identification:_identify(vjepa_visual_localization/outputs/warehouse_latent_predictions/20260825T145224Z/latents) by extensions ['cmake', 'python']
[0.247s] Level 1:colcon.colcon_core.package_identification:_identify(vjepa_visual_localization/outputs/warehouse_latent_predictions/20260825T145224Z/latents) by extension 'cmake'
[0.247s] Level 1:colcon.colcon_core.package_identification:_identify(vjepa_visual_localization/outputs/warehouse_latent_predictions/20260825T145224Z/latents) by extension 'python'
[0.247s] Level 1:colcon.colcon_core.package_identification:_identify(vjepa_visual_localization/outputs/warehouse_latent_predictions/20260825T145224Z/latents) by extensions ['python_setup_py']
[0.247s] Level 1:colcon.colcon_core.package_identification:_identify(vjepa_visual_localization/outputs/warehouse_latent_predictions/20260825T145224Z/latents) by extension 'python_setup_py'
[0.247s] Level 1:colcon.colcon_core.package_identification:_identify(vjepa_visual_localization/outputs/warehouse_latent_predictions/20260825T145224Z/predictions) by extensions ['ignore', 'ignore_ament_install']
[0.247s] Level 1:colcon.colcon_core.package_identification:_identify(vjepa_visual_localization/outputs/warehouse_latent_predictions/20260825T145224Z/predictions) by extension 'ignore'
[0.247s] Level 1:colcon.colcon_core.package_identification:_identify(vjepa_visual_localization/outputs/warehouse_latent_predictions/20260825T145224Z/predictions) by extension 'ignore_ament_install'
[0.247s] Level 1:colcon.colcon_core.package_identification:_identify(vjepa_visual_localization/outputs/warehouse_latent_predictions/20260825T145224Z/predictions) by extensions ['colcon_pkg']
[0.247s] Level 1:colcon.colcon_core.package_identification:_identify(vjepa_visual_localization/outputs/warehouse_latent_predictions/20260825T145224Z/predictions) by extension 'colcon_pkg'
[0.247s] Level 1:colcon.colcon_core.package_identification:_identify(vjepa_visual_localization/outputs/warehouse_latent_predictions/20260825T145224Z/predictions) by extensions ['colcon_meta']
[0.247s] Level 1:colcon.colcon_core.package_identification:_identify(vjepa_visual_localization/outputs/warehouse_latent_predictions/20260825T145224Z/predictions) by extension 'colcon_meta'
[0.247s] Level 1:colcon.colcon_core.package_identification:_identify(vjepa_visual_localization/outputs/warehouse_latent_predictions/20260825T145224Z/predictions) by extensions ['ros']
[0.247s] Level 1:colcon.colcon_core.package_identification:_identify(vjepa_visual_localization/outputs/warehouse_latent_predictions/20260825T145224Z/predictions) by extension 'ros'
[0.247s] Level 1:colcon.colcon_core.package_identification:_identify(vjepa_visual_localization/outputs/warehouse_latent_predictions/20260825T145224Z/predictions) by extensions ['cmake', 'python']
[0.247s] Level 1:colcon.colcon_core.package_identification:_identify(vjepa_visual_localization/outputs/warehouse_latent_predictions/20260825T145224Z/predictions) by extension 'cmake'
[0.247s] Level 1:colcon.colcon_core.package_identification:_identify(vjepa_visual_localization/outputs/warehouse_latent_predictions/20260825T145224Z/predictions) by extension 'python'
[0.247s] Level 1:colcon.colcon_core.package_identification:_identify(vjepa_visual_localization/outputs/warehouse_latent_predictions/20260825T145224Z/predictions) by extensions ['python_setup_py']
[0.247s] Level 1:colcon.colcon_core.package_identification:_identify(vjepa_visual_localization/outputs/warehouse_latent_predictions/20260825T145224Z/predictions) by extension 'python_setup_py'
[0.248s] Level 1:colcon.colcon_core.package_identification:_identify(vjepa_visual_localization/outputs/warehouse_latent_predictions/20260825T145413Z) by extensions ['ignore', 'ignore_ament_install']
[0.248s] Level 1:colcon.colcon_core.package_identification:_identify(vjepa_visual_localization/outputs/warehouse_latent_predictions/20260825T145413Z) by extension 'ignore'
[0.248s] Level 1:colcon.colcon_core.package_identification:_identify(vjepa_visual_localization/outputs/warehouse_latent_predictions/20260825T145413Z) by extension 'ignore_ament_install'
[0.248s] Level 1:colcon.colcon_core.package_identification:_identify(vjepa_visual_localization/outputs/warehouse_latent_predictions/20260825T145413Z) by extensions ['colcon_pkg']
[0.248s] Level 1:colcon.colcon_core.package_identification:_identify(vjepa_visual_localization/outputs/warehouse_latent_predictions/20260825T145413Z) by extension 'colcon_pkg'
[0.248s] Level 1:colcon.colcon_core.package_identification:_identify(vjepa_visual_localization/outputs/warehouse_latent_predictions/20260825T145413Z) by extensions ['colcon_meta']
[0.248s] Level 1:colcon.colcon_core.package_identification:_identify(vjepa_visual_localization/outputs/warehouse_latent_predictions/20260825T145413Z) by extension 'colcon_meta'
[0.248s] Level 1:colcon.colcon_core.package_identification:_identify(vjepa_visual_localization/outputs/warehouse_latent_predictions/20260825T145413Z) by extensions ['ros']
[0.248s] Level 1:colcon.colcon_core.package_identification:_identify(vjepa_visual_localization/outputs/warehouse_latent_predictions/20260825T145413Z) by extension 'ros'
[0.248s] Level 1:colcon.colcon_core.package_identification:_identify(vjepa_visual_localization/outputs/warehouse_latent_predictions/20260825T145413Z) by extensions ['cmake', 'python']
[0.248s] Level 1:colcon.colcon_core.package_identification:_identify(vjepa_visual_localization/outputs/warehouse_latent_predictions/20260825T145413Z) by extension 'cmake'
[0.248s] Level 1:colcon.colcon_core.package_identification:_identify(vjepa_visual_localization/outputs/warehouse_latent_predictions/20260825T145413Z) by extension 'python'
[0.248s] Level 1:colcon.colcon_core.package_identification:_identify(vjepa_visual_localization/outputs/warehouse_latent_predictions/20260825T145413Z) by extensions ['python_setup_py']
[0.248s] Level 1:colcon.colcon_core.package_identification:_identify(vjepa_visual_localization/outputs/warehouse_latent_predictions/20260825T145413Z) by extension 'python_setup_py'
[0.248s] Level 1:colcon.colcon_core.package_identification:_identify(vjepa_visual_localization/outputs/warehouse_latent_predictions/20260825T145413Z/behavior_visualizations) by extensions ['ignore', 'ignore_ament_install']
[0.248s] Level 1:colcon.colcon_core.package_identification:_identify(vjepa_visual_localization/outputs/warehouse_latent_predictions/20260825T145413Z/behavior_visualizations) by extension 'ignore'
[0.248s] Level 1:colcon.colcon_core.package_identification:_identify(vjepa_visual_localization/outputs/warehouse_latent_predictions/20260825T145413Z/behavior_visualizations) by extension 'ignore_ament_install'
[0.248s] Level 1:colcon.colcon_core.package_identification:_identify(vjepa_visual_localization/outputs/warehouse_latent_predictions/20260825T145413Z/behavior_visualizations) by extensions ['colcon_pkg']
[0.248s] Level 1:colcon.colcon_core.package_identification:_identify(vjepa_visual_localization/outputs/warehouse_latent_predictions/20260825T145413Z/behavior_visualizations) by extension 'colcon_pkg'
[0.248s] Level 1:colcon.colcon_core.package_identification:_identify(vjepa_visual_localization/outputs/warehouse_latent_predictions/20260825T145413Z/behavior_visualizations) by extensions ['colcon_meta']
[0.248s] Level 1:colcon.colcon_core.package_identification:_identify(vjepa_visual_localization/outputs/warehouse_latent_predictions/20260825T145413Z/behavior_visualizations) by extension 'colcon_meta'
[0.248s] Level 1:colcon.colcon_core.package_identification:_identify(vjepa_visual_localization/outputs/warehouse_latent_predictions/20260825T145413Z/behavior_visualizations) by extensions ['ros']
[0.248s] Level 1:colcon.colcon_core.package_identification:_identify(vjepa_visual_localization/outputs/warehouse_latent_predictions/20260825T145413Z/behavior_visualizations) by extension 'ros'
[0.248s] Level 1:colcon.colcon_core.package_identification:_identify(vjepa_visual_localization/outputs/warehouse_latent_predictions/20260825T145413Z/behavior_visualizations) by extensions ['cmake', 'python']
[0.248s] Level 1:colcon.colcon_core.package_identification:_identify(vjepa_visual_localization/outputs/warehouse_latent_predictions/20260825T145413Z/behavior_visualizations) by extension 'cmake'
[0.248s] Level 1:colcon.colcon_core.package_identification:_identify(vjepa_visual_localization/outputs/warehouse_latent_predictions/20260825T145413Z/behavior_visualizations) by extension 'python'
[0.248s] Level 1:colcon.colcon_core.package_identification:_identify(vjepa_visual_localization/outputs/warehouse_latent_predictions/20260825T145413Z/behavior_visualizations) by extensions ['python_setup_py']
[0.248s] Level 1:colcon.colcon_core.package_identification:_identify(vjepa_visual_localization/outputs/warehouse_latent_predictions/20260825T145413Z/behavior_visualizations) by extension 'python_setup_py'
[0.248s] Level 1:colcon.colcon_core.package_identification:_identify(vjepa_visual_localization/outputs/warehouse_latent_predictions/20260825T145413Z/frames) by extensions ['ignore', 'ignore_ament_install']
[0.248s] Level 1:colcon.colcon_core.package_identification:_identify(vjepa_visual_localization/outputs/warehouse_latent_predictions/20260825T145413Z/frames) by extension 'ignore'
[0.249s] Level 1:colcon.colcon_core.package_identification:_identify(vjepa_visual_localization/outputs/warehouse_latent_predictions/20260825T145413Z/frames) by extension 'ignore_ament_install'
[0.249s] Level 1:colcon.colcon_core.package_identification:_identify(vjepa_visual_localization/outputs/warehouse_latent_predictions/20260825T145413Z/frames) by extensions ['colcon_pkg']
[0.249s] Level 1:colcon.colcon_core.package_identification:_identify(vjepa_visual_localization/outputs/warehouse_latent_predictions/20260825T145413Z/frames) by extension 'colcon_pkg'
[0.249s] Level 1:colcon.colcon_core.package_identification:_identify(vjepa_visual_localization/outputs/warehouse_latent_predictions/20260825T145413Z/frames) by extensions ['colcon_meta']
[0.249s] Level 1:colcon.colcon_core.package_identification:_identify(vjepa_visual_localization/outputs/warehouse_latent_predictions/20260825T145413Z/frames) by extension 'colcon_meta'
[0.249s] Level 1:colcon.colcon_core.package_identification:_identify(vjepa_visual_localization/outputs/warehouse_latent_predictions/20260825T145413Z/frames) by extensions ['ros']
[0.249s] Level 1:colcon.colcon_core.package_identification:_identify(vjepa_visual_localization/outputs/warehouse_latent_predictions/20260825T145413Z/frames) by extension 'ros'
[0.249s] Level 1:colcon.colcon_core.package_identification:_identify(vjepa_visual_localization/outputs/warehouse_latent_predictions/20260825T145413Z/frames) by extensions ['cmake', 'python']
[0.249s] Level 1:colcon.colcon_core.package_identification:_identify(vjepa_visual_localization/outputs/warehouse_latent_predictions/20260825T145413Z/frames) by extension 'cmake'
[0.249s] Level 1:colcon.colcon_core.package_identification:_identify(vjepa_visual_localization/outputs/warehouse_latent_predictions/20260825T145413Z/frames) by extension 'python'
[0.249s] Level 1:colcon.colcon_core.package_identification:_identify(vjepa_visual_localization/outputs/warehouse_latent_predictions/20260825T145413Z/frames) by extensions ['python_setup_py']
[0.249s] Level 1:colcon.colcon_core.package_identification:_identify(vjepa_visual_localization/outputs/warehouse_latent_predictions/20260825T145413Z/frames) by extension 'python_setup_py'
[0.249s] Level 1:colcon.colcon_core.package_identification:_identify(vjepa_visual_localization/outputs/warehouse_latent_predictions/20260825T145413Z/latents) by extensions ['ignore', 'ignore_ament_install']
[0.249s] Level 1:colcon.colcon_core.package_identification:_identify(vjepa_visual_localization/outputs/warehouse_latent_predictions/20260825T145413Z/latents) by extension 'ignore'
[0.249s] Level 1:colcon.colcon_core.package_identification:_identify(vjepa_visual_localization/outputs/warehouse_latent_predictions/20260825T145413Z/latents) by extension 'ignore_ament_install'
[0.249s] Level 1:colcon.colcon_core.package_identification:_identify(vjepa_visual_localization/outputs/warehouse_latent_predictions/20260825T145413Z/latents) by extensions ['colcon_pkg']
[0.249s] Level 1:colcon.colcon_core.package_identification:_identify(vjepa_visual_localization/outputs/warehouse_latent_predictions/20260825T145413Z/latents) by extension 'colcon_pkg'
[0.249s] Level 1:colcon.colcon_core.package_identification:_identify(vjepa_visual_localization/outputs/warehouse_latent_predictions/20260825T145413Z/latents) by extensions ['colcon_meta']
[0.249s] Level 1:colcon.colcon_core.package_identification:_identify(vjepa_visual_localization/outputs/warehouse_latent_predictions/20260825T145413Z/latents) by extension 'colcon_meta'
[0.249s] Level 1:colcon.colcon_core.package_identification:_identify(vjepa_visual_localization/outputs/warehouse_latent_predictions/20260825T145413Z/latents) by extensions ['ros']
[0.249s] Level 1:colcon.colcon_core.package_identification:_identify(vjepa_visual_localization/outputs/warehouse_latent_predictions/20260825T145413Z/latents) by extension 'ros'
[0.249s] Level 1:colcon.colcon_core.package_identification:_identify(vjepa_visual_localization/outputs/warehouse_latent_predictions/20260825T145413Z/latents) by extensions ['cmake', 'python']
[0.249s] Level 1:colcon.colcon_core.package_identification:_identify(vjepa_visual_localization/outputs/warehouse_latent_predictions/20260825T145413Z/latents) by extension 'cmake'
[0.249s] Level 1:colcon.colcon_core.package_identification:_identify(vjepa_visual_localization/outputs/warehouse_latent_predictions/20260825T145413Z/latents) by extension 'python'
[0.249s] Level 1:colcon.colcon_core.package_identification:_identify(vjepa_visual_localization/outputs/warehouse_latent_predictions/20260825T145413Z/latents) by extensions ['python_setup_py']
[0.249s] Level 1:colcon.colcon_core.package_identification:_identify(vjepa_visual_localization/outputs/warehouse_latent_predictions/20260825T145413Z/latents) by extension 'python_setup_py'
[0.250s] Level 1:colcon.colcon_core.package_identification:_identify(vjepa_visual_localization/outputs/warehouse_latent_predictions/20260825T145413Z/predictions) by extensions ['ignore', 'ignore_ament_install']
[0.250s] Level 1:colcon.colcon_core.package_identification:_identify(vjepa_visual_localization/outputs/warehouse_latent_predictions/20260825T145413Z/predictions) by extension 'ignore'
[0.250s] Level 1:colcon.colcon_core.package_identification:_identify(vjepa_visual_localization/outputs/warehouse_latent_predictions/20260825T145413Z/predictions) by extension 'ignore_ament_install'
[0.250s] Level 1:colcon.colcon_core.package_identification:_identify(vjepa_visual_localization/outputs/warehouse_latent_predictions/20260825T145413Z/predictions) by extensions ['colcon_pkg']
[0.250s] Level 1:colcon.colcon_core.package_identification:_identify(vjepa_visual_localization/outputs/warehouse_latent_predictions/20260825T145413Z/predictions) by extension 'colcon_pkg'
[0.250s] Level 1:colcon.colcon_core.package_identification:_identify(vjepa_visual_localization/outputs/warehouse_latent_predictions/20260825T145413Z/predictions) by extensions ['colcon_meta']
[0.250s] Level 1:colcon.colcon_core.package_identification:_identify(vjepa_visual_localization/outputs/warehouse_latent_predictions/20260825T145413Z/predictions) by extension 'colcon_meta'
[0.250s] Level 1:colcon.colcon_core.package_identification:_identify(vjepa_visual_localization/outputs/warehouse_latent_predictions/20260825T145413Z/predictions) by extensions ['ros']
[0.250s] Level 1:colcon.colcon_core.package_identification:_identify(vjepa_visual_localization/outputs/warehouse_latent_predictions/20260825T145413Z/predictions) by extension 'ros'
[0.250s] Level 1:colcon.colcon_core.package_identification:_identify(vjepa_visual_localization/outputs/warehouse_latent_predictions/20260825T145413Z/predictions) by extensions ['cmake', 'python']
[0.250s] Level 1:colcon.colcon_core.package_identification:_identify(vjepa_visual_localization/outputs/warehouse_latent_predictions/20260825T145413Z/predictions) by extension 'cmake'
[0.250s] Level 1:colcon.colcon_core.package_identification:_identify(vjepa_visual_localization/outputs/warehouse_latent_predictions/20260825T145413Z/predictions) by extension 'python'
[0.250s] Level 1:colcon.colcon_core.package_identification:_identify(vjepa_visual_localization/outputs/warehouse_latent_predictions/20260825T145413Z/predictions) by extensions ['python_setup_py']
[0.250s] Level 1:colcon.colcon_core.package_identification:_identify(vjepa_visual_localization/outputs/warehouse_latent_predictions/20260825T145413Z/predictions) by extension 'python_setup_py'
[0.250s] Level 1:colcon.colcon_core.package_identification:_identify(vjepa_visual_localization/outputs/warehouse_latent_predictions/20260825T150139Z) by extensions ['ignore', 'ignore_ament_install']
[0.250s] Level 1:colcon.colcon_core.package_identification:_identify(vjepa_visual_localization/outputs/warehouse_latent_predictions/20260825T150139Z) by extension 'ignore'
[0.250s] Level 1:colcon.colcon_core.package_identification:_identify(vjepa_visual_localization/outputs/warehouse_latent_predictions/20260825T150139Z) by extension 'ignore_ament_install'
[0.250s] Level 1:colcon.colcon_core.package_identification:_identify(vjepa_visual_localization/outputs/warehouse_latent_predictions/20260825T150139Z) by extensions ['colcon_pkg']
[0.250s] Level 1:colcon.colcon_core.package_identification:_identify(vjepa_visual_localization/outputs/warehouse_latent_predictions/20260825T150139Z) by extension 'colcon_pkg'
[0.250s] Level 1:colcon.colcon_core.package_identification:_identify(vjepa_visual_localization/outputs/warehouse_latent_predictions/20260825T150139Z) by extensions ['colcon_meta']
[0.250s] Level 1:colcon.colcon_core.package_identification:_identify(vjepa_visual_localization/outputs/warehouse_latent_predictions/20260825T150139Z) by extension 'colcon_meta'
[0.250s] Level 1:colcon.colcon_core.package_identification:_identify(vjepa_visual_localization/outputs/warehouse_latent_predictions/20260825T150139Z) by extensions ['ros']
[0.250s] Level 1:colcon.colcon_core.package_identification:_identify(vjepa_visual_localization/outputs/warehouse_latent_predictions/20260825T150139Z) by extension 'ros'
[0.250s] Level 1:colcon.colcon_core.package_identification:_identify(vjepa_visual_localization/outputs/warehouse_latent_predictions/20260825T150139Z) by extensions ['cmake', 'python']
[0.250s] Level 1:colcon.colcon_core.package_identification:_identify(vjepa_visual_localization/outputs/warehouse_latent_predictions/20260825T150139Z) by extension 'cmake'
[0.250s] Level 1:colcon.colcon_core.package_identification:_identify(vjepa_visual_localization/outputs/warehouse_latent_predictions/20260825T150139Z) by extension 'python'
[0.251s] Level 1:colcon.colcon_core.package_identification:_identify(vjepa_visual_localization/outputs/warehouse_latent_predictions/20260825T150139Z) by extensions ['python_setup_py']
[0.251s] Level 1:colcon.colcon_core.package_identification:_identify(vjepa_visual_localization/outputs/warehouse_latent_predictions/20260825T150139Z) by extension 'python_setup_py'
[0.251s] Level 1:colcon.colcon_core.package_identification:_identify(vjepa_visual_localization/outputs/warehouse_latent_predictions/20260825T150139Z/behavior_visualizations) by extensions ['ignore', 'ignore_ament_install']
[0.251s] Level 1:colcon.colcon_core.package_identification:_identify(vjepa_visual_localization/outputs/warehouse_latent_predictions/20260825T150139Z/behavior_visualizations) by extension 'ignore'
[0.251s] Level 1:colcon.colcon_core.package_identification:_identify(vjepa_visual_localization/outputs/warehouse_latent_predictions/20260825T150139Z/behavior_visualizations) by extension 'ignore_ament_install'
[0.251s] Level 1:colcon.colcon_core.package_identification:_identify(vjepa_visual_localization/outputs/warehouse_latent_predictions/20260825T150139Z/behavior_visualizations) by extensions ['colcon_pkg']
[0.251s] Level 1:colcon.colcon_core.package_identification:_identify(vjepa_visual_localization/outputs/warehouse_latent_predictions/20260825T150139Z/behavior_visualizations) by extension 'colcon_pkg'
[0.251s] Level 1:colcon.colcon_core.package_identification:_identify(vjepa_visual_localization/outputs/warehouse_latent_predictions/20260825T150139Z/behavior_visualizations) by extensions ['colcon_meta']
[0.251s] Level 1:colcon.colcon_core.package_identification:_identify(vjepa_visual_localization/outputs/warehouse_latent_predictions/20260825T150139Z/behavior_visualizations) by extension 'colcon_meta'
[0.251s] Level 1:colcon.colcon_core.package_identification:_identify(vjepa_visual_localization/outputs/warehouse_latent_predictions/20260825T150139Z/behavior_visualizations) by extensions ['ros']
[0.251s] Level 1:colcon.colcon_core.package_identification:_identify(vjepa_visual_localization/outputs/warehouse_latent_predictions/20260825T150139Z/behavior_visualizations) by extension 'ros'
[0.251s] Level 1:colcon.colcon_core.package_identification:_identify(vjepa_visual_localization/outputs/warehouse_latent_predictions/20260825T150139Z/behavior_visualizations) by extensions ['cmake', 'python']
[0.251s] Level 1:colcon.colcon_core.package_identification:_identify(vjepa_visual_localization/outputs/warehouse_latent_predictions/20260825T150139Z/behavior_visualizations) by extension 'cmake'
[0.251s] Level 1:colcon.colcon_core.package_identification:_identify(vjepa_visual_localization/outputs/warehouse_latent_predictions/20260825T150139Z/behavior_visualizations) by extension 'python'
[0.251s] Level 1:colcon.colcon_core.package_identification:_identify(vjepa_visual_localization/outputs/warehouse_latent_predictions/20260825T150139Z/behavior_visualizations) by extensions ['python_setup_py']
[0.251s] Level 1:colcon.colcon_core.package_identification:_identify(vjepa_visual_localization/outputs/warehouse_latent_predictions/20260825T150139Z/behavior_visualizations) by extension 'python_setup_py'
[0.251s] Level 1:colcon.colcon_core.package_identification:_identify(vjepa_visual_localization/outputs/warehouse_latent_predictions/20260825T150139Z/frames) by extensions ['ignore', 'ignore_ament_install']
[0.251s] Level 1:colcon.colcon_core.package_identification:_identify(vjepa_visual_localization/outputs/warehouse_latent_predictions/20260825T150139Z/frames) by extension 'ignore'
[0.251s] Level 1:colcon.colcon_core.package_identification:_identify(vjepa_visual_localization/outputs/warehouse_latent_predictions/20260825T150139Z/frames) by extension 'ignore_ament_install'
[0.251s] Level 1:colcon.colcon_core.package_identification:_identify(vjepa_visual_localization/outputs/warehouse_latent_predictions/20260825T150139Z/frames) by extensions ['colcon_pkg']
[0.251s] Level 1:colcon.colcon_core.package_identification:_identify(vjepa_visual_localization/outputs/warehouse_latent_predictions/20260825T150139Z/frames) by extension 'colcon_pkg'
[0.251s] Level 1:colcon.colcon_core.package_identification:_identify(vjepa_visual_localization/outputs/warehouse_latent_predictions/20260825T150139Z/frames) by extensions ['colcon_meta']
[0.251s] Level 1:colcon.colcon_core.package_identification:_identify(vjepa_visual_localization/outputs/warehouse_latent_predictions/20260825T150139Z/frames) by extension 'colcon_meta'
[0.251s] Level 1:colcon.colcon_core.package_identification:_identify(vjepa_visual_localization/outputs/warehouse_latent_predictions/20260825T150139Z/frames) by extensions ['ros']
[0.251s] Level 1:colcon.colcon_core.package_identification:_identify(vjepa_visual_localization/outputs/warehouse_latent_predictions/20260825T150139Z/frames) by extension 'ros'
[0.252s] Level 1:colcon.colcon_core.package_identification:_identify(vjepa_visual_localization/outputs/warehouse_latent_predictions/20260825T150139Z/frames) by extensions ['cmake', 'python']
[0.252s] Level 1:colcon.colcon_core.package_identification:_identify(vjepa_visual_localization/outputs/warehouse_latent_predictions/20260825T150139Z/frames) by extension 'cmake'
[0.252s] Level 1:colcon.colcon_core.package_identification:_identify(vjepa_visual_localization/outputs/warehouse_latent_predictions/20260825T150139Z/frames) by extension 'python'
[0.252s] Level 1:colcon.colcon_core.package_identification:_identify(vjepa_visual_localization/outputs/warehouse_latent_predictions/20260825T150139Z/frames) by extensions ['python_setup_py']
[0.252s] Level 1:colcon.colcon_core.package_identification:_identify(vjepa_visual_localization/outputs/warehouse_latent_predictions/20260825T150139Z/frames) by extension 'python_setup_py'
[0.252s] Level 1:colcon.colcon_core.package_identification:_identify(vjepa_visual_localization/outputs/warehouse_latent_predictions/20260825T150139Z/latents) by extensions ['ignore', 'ignore_ament_install']
[0.252s] Level 1:colcon.colcon_core.package_identification:_identify(vjepa_visual_localization/outputs/warehouse_latent_predictions/20260825T150139Z/latents) by extension 'ignore'
[0.252s] Level 1:colcon.colcon_core.package_identification:_identify(vjepa_visual_localization/outputs/warehouse_latent_predictions/20260825T150139Z/latents) by extension 'ignore_ament_install'
[0.252s] Level 1:colcon.colcon_core.package_identification:_identify(vjepa_visual_localization/outputs/warehouse_latent_predictions/20260825T150139Z/latents) by extensions ['colcon_pkg']
[0.252s] Level 1:colcon.colcon_core.package_identification:_identify(vjepa_visual_localization/outputs/warehouse_latent_predictions/20260825T150139Z/latents) by extension 'colcon_pkg'
[0.252s] Level 1:colcon.colcon_core.package_identification:_identify(vjepa_visual_localization/outputs/warehouse_latent_predictions/20260825T150139Z/latents) by extensions ['colcon_meta']
[0.252s] Level 1:colcon.colcon_core.package_identification:_identify(vjepa_visual_localization/outputs/warehouse_latent_predictions/20260825T150139Z/latents) by extension 'colcon_meta'
[0.252s] Level 1:colcon.colcon_core.package_identification:_identify(vjepa_visual_localization/outputs/warehouse_latent_predictions/20260825T150139Z/latents) by extensions ['ros']
[0.252s] Level 1:colcon.colcon_core.package_identification:_identify(vjepa_visual_localization/outputs/warehouse_latent_predictions/20260825T150139Z/latents) by extension 'ros'
[0.252s] Level 1:colcon.colcon_core.package_identification:_identify(vjepa_visual_localization/outputs/warehouse_latent_predictions/20260825T150139Z/latents) by extensions ['cmake', 'python']
[0.252s] Level 1:colcon.colcon_core.package_identification:_identify(vjepa_visual_localization/outputs/warehouse_latent_predictions/20260825T150139Z/latents) by extension 'cmake'
[0.252s] Level 1:colcon.colcon_core.package_identification:_identify(vjepa_visual_localization/outputs/warehouse_latent_predictions/20260825T150139Z/latents) by extension 'python'
[0.252s] Level 1:colcon.colcon_core.package_identification:_identify(vjepa_visual_localization/outputs/warehouse_latent_predictions/20260825T150139Z/latents) by extensions ['python_setup_py']
[0.252s] Level 1:colcon.colcon_core.package_identification:_identify(vjepa_visual_localization/outputs/warehouse_latent_predictions/20260825T150139Z/latents) by extension 'python_setup_py'
[0.253s] Level 1:colcon.colcon_core.package_identification:_identify(vjepa_visual_localization/outputs/warehouse_latent_predictions/20260825T150139Z/predictions) by extensions ['ignore', 'ignore_ament_install']
[0.253s] Level 1:colcon.colcon_core.package_identification:_identify(vjepa_visual_localization/outputs/warehouse_latent_predictions/20260825T150139Z/predictions) by extension 'ignore'
[0.253s] Level 1:colcon.colcon_core.package_identification:_identify(vjepa_visual_localization/outputs/warehouse_latent_predictions/20260825T150139Z/predictions) by extension 'ignore_ament_install'
[0.253s] Level 1:colcon.colcon_core.package_identification:_identify(vjepa_visual_localization/outputs/warehouse_latent_predictions/20260825T150139Z/predictions) by extensions ['colcon_pkg']
[0.253s] Level 1:colcon.colcon_core.package_identification:_identify(vjepa_visual_localization/outputs/warehouse_latent_predictions/20260825T150139Z/predictions) by extension 'colcon_pkg'
[0.254s] Level 1:colcon.colcon_core.package_identification:_identify(vjepa_visual_localization/outputs/warehouse_latent_predictions/20260825T150139Z/predictions) by extensions ['colcon_meta']
[0.254s] Level 1:colcon.colcon_core.package_identification:_identify(vjepa_visual_localization/outputs/warehouse_latent_predictions/20260825T150139Z/predictions) by extension 'colcon_meta'
[0.254s] Level 1:colcon.colcon_core.package_identification:_identify(vjepa_visual_localization/outputs/warehouse_latent_predictions/20260825T150139Z/predictions) by extensions ['ros']
[0.254s] Level 1:colcon.colcon_core.package_identification:_identify(vjepa_visual_localization/outputs/warehouse_latent_predictions/20260825T150139Z/predictions) by extension 'ros'
[0.254s] Level 1:colcon.colcon_core.package_identification:_identify(vjepa_visual_localization/outputs/warehouse_latent_predictions/20260825T150139Z/predictions) by extensions ['cmake', 'python']
[0.254s] Level 1:colcon.colcon_core.package_identification:_identify(vjepa_visual_localization/outputs/warehouse_latent_predictions/20260825T150139Z/predictions) by extension 'cmake'
[0.254s] Level 1:colcon.colcon_core.package_identification:_identify(vjepa_visual_localization/outputs/warehouse_latent_predictions/20260825T150139Z/predictions) by extension 'python'
[0.254s] Level 1:colcon.colcon_core.package_identification:_identify(vjepa_visual_localization/outputs/warehouse_latent_predictions/20260825T150139Z/predictions) by extensions ['python_setup_py']
[0.254s] Level 1:colcon.colcon_core.package_identification:_identify(vjepa_visual_localization/outputs/warehouse_latent_predictions/20260825T150139Z/predictions) by extension 'python_setup_py'
[0.254s] Level 1:colcon.colcon_core.package_identification:_identify(vjepa_visual_localization/outputs/warehouse_latent_predictions/20260825T151307Z) by extensions ['ignore', 'ignore_ament_install']
[0.254s] Level 1:colcon.colcon_core.package_identification:_identify(vjepa_visual_localization/outputs/warehouse_latent_predictions/20260825T151307Z) by extension 'ignore'
[0.254s] Level 1:colcon.colcon_core.package_identification:_identify(vjepa_visual_localization/outputs/warehouse_latent_predictions/20260825T151307Z) by extension 'ignore_ament_install'
[0.254s] Level 1:colcon.colcon_core.package_identification:_identify(vjepa_visual_localization/outputs/warehouse_latent_predictions/20260825T151307Z) by extensions ['colcon_pkg']
[0.254s] Level 1:colcon.colcon_core.package_identification:_identify(vjepa_visual_localization/outputs/warehouse_latent_predictions/20260825T151307Z) by extension 'colcon_pkg'
[0.254s] Level 1:colcon.colcon_core.package_identification:_identify(vjepa_visual_localization/outputs/warehouse_latent_predictions/20260825T151307Z) by extensions ['colcon_meta']
[0.254s] Level 1:colcon.colcon_core.package_identification:_identify(vjepa_visual_localization/outputs/warehouse_latent_predictions/20260825T151307Z) by extension 'colcon_meta'
[0.254s] Level 1:colcon.colcon_core.package_identification:_identify(vjepa_visual_localization/outputs/warehouse_latent_predictions/20260825T151307Z) by extensions ['ros']
[0.254s] Level 1:colcon.colcon_core.package_identification:_identify(vjepa_visual_localization/outputs/warehouse_latent_predictions/20260825T151307Z) by extension 'ros'
[0.254s] Level 1:colcon.colcon_core.package_identification:_identify(vjepa_visual_localization/outputs/warehouse_latent_predictions/20260825T151307Z) by extensions ['cmake', 'python']
[0.254s] Level 1:colcon.colcon_core.package_identification:_identify(vjepa_visual_localization/outputs/warehouse_latent_predictions/20260825T151307Z) by extension 'cmake'
[0.254s] Level 1:colcon.colcon_core.package_identification:_identify(vjepa_visual_localization/outputs/warehouse_latent_predictions/20260825T151307Z) by extension 'python'
[0.254s] Level 1:colcon.colcon_core.package_identification:_identify(vjepa_visual_localization/outputs/warehouse_latent_predictions/20260825T151307Z) by extensions ['python_setup_py']
[0.254s] Level 1:colcon.colcon_core.package_identification:_identify(vjepa_visual_localization/outputs/warehouse_latent_predictions/20260825T151307Z) by extension 'python_setup_py'
[0.254s] Level 1:colcon.colcon_core.package_identification:_identify(vjepa_visual_localization/outputs/warehouse_latent_predictions/20260825T151307Z/behavior_visualizations) by extensions ['ignore', 'ignore_ament_install']
[0.254s] Level 1:colcon.colcon_core.package_identification:_identify(vjepa_visual_localization/outputs/warehouse_latent_predictions/20260825T151307Z/behavior_visualizations) by extension 'ignore'
[0.254s] Level 1:colcon.colcon_core.package_identification:_identify(vjepa_visual_localization/outputs/warehouse_latent_predictions/20260825T151307Z/behavior_visualizations) by extension 'ignore_ament_install'
[0.254s] Level 1:colcon.colcon_core.package_identification:_identify(vjepa_visual_localization/outputs/warehouse_latent_predictions/20260825T151307Z/behavior_visualizations) by extensions ['colcon_pkg']
[0.254s] Level 1:colcon.colcon_core.package_identification:_identify(vjepa_visual_localization/outputs/warehouse_latent_predictions/20260825T151307Z/behavior_visualizations) by extension 'colcon_pkg'
[0.254s] Level 1:colcon.colcon_core.package_identification:_identify(vjepa_visual_localization/outputs/warehouse_latent_predictions/20260825T151307Z/behavior_visualizations) by extensions ['colcon_meta']
[0.254s] Level 1:colcon.colcon_core.package_identification:_identify(vjepa_visual_localization/outputs/warehouse_latent_predictions/20260825T151307Z/behavior_visualizations) by extension 'colcon_meta'
[0.254s] Level 1:colcon.colcon_core.package_identification:_identify(vjepa_visual_localization/outputs/warehouse_latent_predictions/20260825T151307Z/behavior_visualizations) by extensions ['ros']
[0.254s] Level 1:colcon.colcon_core.package_identification:_identify(vjepa_visual_localization/outputs/warehouse_latent_predictions/20260825T151307Z/behavior_visualizations) by extension 'ros'
[0.254s] Level 1:colcon.colcon_core.package_identification:_identify(vjepa_visual_localization/outputs/warehouse_latent_predictions/20260825T151307Z/behavior_visualizations) by extensions ['cmake', 'python']
[0.254s] Level 1:colcon.colcon_core.package_identification:_identify(vjepa_visual_localization/outputs/warehouse_latent_predictions/20260825T151307Z/behavior_visualizations) by extension 'cmake'
[0.254s] Level 1:colcon.colcon_core.package_identification:_identify(vjepa_visual_localization/outputs/warehouse_latent_predictions/20260825T151307Z/behavior_visualizations) by extension 'python'
[0.254s] Level 1:colcon.colcon_core.package_identification:_identify(vjepa_visual_localization/outputs/warehouse_latent_predictions/20260825T151307Z/behavior_visualizations) by extensions ['python_setup_py']
[0.254s] Level 1:colcon.colcon_core.package_identification:_identify(vjepa_visual_localization/outputs/warehouse_latent_predictions/20260825T151307Z/behavior_visualizations) by extension 'python_setup_py'
[0.255s] Level 1:colcon.colcon_core.package_identification:_identify(vjepa_visual_localization/outputs/warehouse_latent_predictions/20260825T151307Z/frames) by extensions ['ignore', 'ignore_ament_install']
[0.255s] Level 1:colcon.colcon_core.package_identification:_identify(vjepa_visual_localization/outputs/warehouse_latent_predictions/20260825T151307Z/frames) by extension 'ignore'
[0.255s] Level 1:colcon.colcon_core.package_identification:_identify(vjepa_visual_localization/outputs/warehouse_latent_predictions/20260825T151307Z/frames) by extension 'ignore_ament_install'
[0.255s] Level 1:colcon.colcon_core.package_identification:_identify(vjepa_visual_localization/outputs/warehouse_latent_predictions/20260825T151307Z/frames) by extensions ['colcon_pkg']
[0.255s] Level 1:colcon.colcon_core.package_identification:_identify(vjepa_visual_localization/outputs/warehouse_latent_predictions/20260825T151307Z/frames) by extension 'colcon_pkg'
[0.255s] Level 1:colcon.colcon_core.package_identification:_identify(vjepa_visual_localization/outputs/warehouse_latent_predictions/20260825T151307Z/frames) by extensions ['colcon_meta']
[0.255s] Level 1:colcon.colcon_core.package_identification:_identify(vjepa_visual_localization/outputs/warehouse_latent_predictions/20260825T151307Z/frames) by extension 'colcon_meta'
[0.255s] Level 1:colcon.colcon_core.package_identification:_identify(vjepa_visual_localization/outputs/warehouse_latent_predictions/20260825T151307Z/frames) by extensions ['ros']
[0.255s] Level 1:colcon.colcon_core.package_identification:_identify(vjepa_visual_localization/outputs/warehouse_latent_predictions/20260825T151307Z/frames) by extension 'ros'
[0.255s] Level 1:colcon.colcon_core.package_identification:_identify(vjepa_visual_localization/outputs/warehouse_latent_predictions/20260825T151307Z/frames) by extensions ['cmake', 'python']
[0.255s] Level 1:colcon.colcon_core.package_identification:_identify(vjepa_visual_localization/outputs/warehouse_latent_predictions/20260825T151307Z/frames) by extension 'cmake'
[0.255s] Level 1:colcon.colcon_core.package_identification:_identify(vjepa_visual_localization/outputs/warehouse_latent_predictions/20260825T151307Z/frames) by extension 'python'
[0.255s] Level 1:colcon.colcon_core.package_identification:_identify(vjepa_visual_localization/outputs/warehouse_latent_predictions/20260825T151307Z/frames) by extensions ['python_setup_py']
[0.255s] Level 1:colcon.colcon_core.package_identification:_identify(vjepa_visual_localization/outputs/warehouse_latent_predictions/20260825T151307Z/frames) by extension 'python_setup_py'
[0.255s] Level 1:colcon.colcon_core.package_identification:_identify(vjepa_visual_localization/outputs/warehouse_latent_predictions/20260825T151307Z/latents) by extensions ['ignore', 'ignore_ament_install']
[0.255s] Level 1:colcon.colcon_core.package_identification:_identify(vjepa_visual_localization/outputs/warehouse_latent_predictions/20260825T151307Z/latents) by extension 'ignore'
[0.255s] Level 1:colcon.colcon_core.package_identification:_identify(vjepa_visual_localization/outputs/warehouse_latent_predictions/20260825T151307Z/latents) by extension 'ignore_ament_install'
[0.255s] Level 1:colcon.colcon_core.package_identification:_identify(vjepa_visual_localization/outputs/warehouse_latent_predictions/20260825T151307Z/latents) by extensions ['colcon_pkg']
[0.255s] Level 1:colcon.colcon_core.package_identification:_identify(vjepa_visual_localization/outputs/warehouse_latent_predictions/20260825T151307Z/latents) by extension 'colcon_pkg'
[0.255s] Level 1:colcon.colcon_core.package_identification:_identify(vjepa_visual_localization/outputs/warehouse_latent_predictions/20260825T151307Z/latents) by extensions ['colcon_meta']
[0.255s] Level 1:colcon.colcon_core.package_identification:_identify(vjepa_visual_localization/outputs/warehouse_latent_predictions/20260825T151307Z/latents) by extension 'colcon_meta'
[0.255s] Level 1:colcon.colcon_core.package_identification:_identify(vjepa_visual_localization/outputs/warehouse_latent_predictions/20260825T151307Z/latents) by extensions ['ros']
[0.255s] Level 1:colcon.colcon_core.package_identification:_identify(vjepa_visual_localization/outputs/warehouse_latent_predictions/20260825T151307Z/latents) by extension 'ros'
[0.255s] Level 1:colcon.colcon_core.package_identification:_identify(vjepa_visual_localization/outputs/warehouse_latent_predictions/20260825T151307Z/latents) by extensions ['cmake', 'python']
[0.255s] Level 1:colcon.colcon_core.package_identification:_identify(vjepa_visual_localization/outputs/warehouse_latent_predictions/20260825T151307Z/latents) by extension 'cmake'
[0.256s] Level 1:colcon.colcon_core.package_identification:_identify(vjepa_visual_localization/outputs/warehouse_latent_predictions/20260825T151307Z/latents) by extension 'python'
[0.256s] Level 1:colcon.colcon_core.package_identification:_identify(vjepa_visual_localization/outputs/warehouse_latent_predictions/20260825T151307Z/latents) by extensions ['python_setup_py']
[0.256s] Level 1:colcon.colcon_core.package_identification:_identify(vjepa_visual_localization/outputs/warehouse_latent_predictions/20260825T151307Z/latents) by extension 'python_setup_py'
[0.256s] Level 1:colcon.colcon_core.package_identification:_identify(vjepa_visual_localization/outputs/warehouse_latent_predictions/20260825T151307Z/predictions) by extensions ['ignore', 'ignore_ament_install']
[0.256s] Level 1:colcon.colcon_core.package_identification:_identify(vjepa_visual_localization/outputs/warehouse_latent_predictions/20260825T151307Z/predictions) by extension 'ignore'
[0.256s] Level 1:colcon.colcon_core.package_identification:_identify(vjepa_visual_localization/outputs/warehouse_latent_predictions/20260825T151307Z/predictions) by extension 'ignore_ament_install'
[0.256s] Level 1:colcon.colcon_core.package_identification:_identify(vjepa_visual_localization/outputs/warehouse_latent_predictions/20260825T151307Z/predictions) by extensions ['colcon_pkg']
[0.256s] Level 1:colcon.colcon_core.package_identification:_identify(vjepa_visual_localization/outputs/warehouse_latent_predictions/20260825T151307Z/predictions) by extension 'colcon_pkg'
[0.256s] Level 1:colcon.colcon_core.package_identification:_identify(vjepa_visual_localization/outputs/warehouse_latent_predictions/20260825T151307Z/predictions) by extensions ['colcon_meta']
[0.256s] Level 1:colcon.colcon_core.package_identification:_identify(vjepa_visual_localization/outputs/warehouse_latent_predictions/20260825T151307Z/predictions) by extension 'colcon_meta'
[0.256s] Level 1:colcon.colcon_core.package_identification:_identify(vjepa_visual_localization/outputs/warehouse_latent_predictions/20260825T151307Z/predictions) by extensions ['ros']
[0.256s] Level 1:colcon.colcon_core.package_identification:_identify(vjepa_visual_localization/outputs/warehouse_latent_predictions/20260825T151307Z/predictions) by extension 'ros'
[0.256s] Level 1:colcon.colcon_core.package_identification:_identify(vjepa_visual_localization/outputs/warehouse_latent_predictions/20260825T151307Z/predictions) by extensions ['cmake', 'python']
[0.256s] Level 1:colcon.colcon_core.package_identification:_identify(vjepa_visual_localization/outputs/warehouse_latent_predictions/20260825T151307Z/predictions) by extension 'cmake'
[0.256s] Level 1:colcon.colcon_core.package_identification:_identify(vjepa_visual_localization/outputs/warehouse_latent_predictions/20260825T151307Z/predictions) by extension 'python'
[0.256s] Level 1:colcon.colcon_core.package_identification:_identify(vjepa_visual_localization/outputs/warehouse_latent_predictions/20260825T151307Z/predictions) by extensions ['python_setup_py']
[0.256s] Level 1:colcon.colcon_core.package_identification:_identify(vjepa_visual_localization/outputs/warehouse_latent_predictions/20260825T151307Z/predictions) by extension 'python_setup_py'
[0.256s] Level 1:colcon.colcon_core.package_identification:_identify(vjepa_visual_localization/outputs/warehouse_latent_predictions/20260825T151736Z) by extensions ['ignore', 'ignore_ament_install']
[0.256s] Level 1:colcon.colcon_core.package_identification:_identify(vjepa_visual_localization/outputs/warehouse_latent_predictions/20260825T151736Z) by extension 'ignore'
[0.256s] Level 1:colcon.colcon_core.package_identification:_identify(vjepa_visual_localization/outputs/warehouse_latent_predictions/20260825T151736Z) by extension 'ignore_ament_install'
[0.256s] Level 1:colcon.colcon_core.package_identification:_identify(vjepa_visual_localization/outputs/warehouse_latent_predictions/20260825T151736Z) by extensions ['colcon_pkg']
[0.256s] Level 1:colcon.colcon_core.package_identification:_identify(vjepa_visual_localization/outputs/warehouse_latent_predictions/20260825T151736Z) by extension 'colcon_pkg'
[0.257s] Level 1:colcon.colcon_core.package_identification:_identify(vjepa_visual_localization/outputs/warehouse_latent_predictions/20260825T151736Z) by extensions ['colcon_meta']
[0.257s] Level 1:colcon.colcon_core.package_identification:_identify(vjepa_visual_localization/outputs/warehouse_latent_predictions/20260825T151736Z) by extension 'colcon_meta'
[0.257s] Level 1:colcon.colcon_core.package_identification:_identify(vjepa_visual_localization/outputs/warehouse_latent_predictions/20260825T151736Z) by extensions ['ros']
[0.257s] Level 1:colcon.colcon_core.package_identification:_identify(vjepa_visual_localization/outputs/warehouse_latent_predictions/20260825T151736Z) by extension 'ros'
[0.257s] Level 1:colcon.colcon_core.package_identification:_identify(vjepa_visual_localization/outputs/warehouse_latent_predictions/20260825T151736Z) by extensions ['cmake', 'python']
[0.257s] Level 1:colcon.colcon_core.package_identification:_identify(vjepa_visual_localization/outputs/warehouse_latent_predictions/20260825T151736Z) by extension 'cmake'
[0.257s] Level 1:colcon.colcon_core.package_identification:_identify(vjepa_visual_localization/outputs/warehouse_latent_predictions/20260825T151736Z) by extension 'python'
[0.257s] Level 1:colcon.colcon_core.package_identification:_identify(vjepa_visual_localization/outputs/warehouse_latent_predictions/20260825T151736Z) by extensions ['python_setup_py']
[0.257s] Level 1:colcon.colcon_core.package_identification:_identify(vjepa_visual_localization/outputs/warehouse_latent_predictions/20260825T151736Z) by extension 'python_setup_py'
[0.257s] Level 1:colcon.colcon_core.package_identification:_identify(vjepa_visual_localization/outputs/warehouse_latent_predictions/20260825T151736Z/behavior_visualizations) by extensions ['ignore', 'ignore_ament_install']
[0.257s] Level 1:colcon.colcon_core.package_identification:_identify(vjepa_visual_localization/outputs/warehouse_latent_predictions/20260825T151736Z/behavior_visualizations) by extension 'ignore'
[0.257s] Level 1:colcon.colcon_core.package_identification:_identify(vjepa_visual_localization/outputs/warehouse_latent_predictions/20260825T151736Z/behavior_visualizations) by extension 'ignore_ament_install'
[0.257s] Level 1:colcon.colcon_core.package_identification:_identify(vjepa_visual_localization/outputs/warehouse_latent_predictions/20260825T151736Z/behavior_visualizations) by extensions ['colcon_pkg']
[0.257s] Level 1:colcon.colcon_core.package_identification:_identify(vjepa_visual_localization/outputs/warehouse_latent_predictions/20260825T151736Z/behavior_visualizations) by extension 'colcon_pkg'
[0.257s] Level 1:colcon.colcon_core.package_identification:_identify(vjepa_visual_localization/outputs/warehouse_latent_predictions/20260825T151736Z/behavior_visualizations) by extensions ['colcon_meta']
[0.257s] Level 1:colcon.colcon_core.package_identification:_identify(vjepa_visual_localization/outputs/warehouse_latent_predictions/20260825T151736Z/behavior_visualizations) by extension 'colcon_meta'
[0.257s] Level 1:colcon.colcon_core.package_identification:_identify(vjepa_visual_localization/outputs/warehouse_latent_predictions/20260825T151736Z/behavior_visualizations) by extensions ['ros']
[0.257s] Level 1:colcon.colcon_core.package_identification:_identify(vjepa_visual_localization/outputs/warehouse_latent_predictions/20260825T151736Z/behavior_visualizations) by extension 'ros'
[0.257s] Level 1:colcon.colcon_core.package_identification:_identify(vjepa_visual_localization/outputs/warehouse_latent_predictions/20260825T151736Z/behavior_visualizations) by extensions ['cmake', 'python']
[0.257s] Level 1:colcon.colcon_core.package_identification:_identify(vjepa_visual_localization/outputs/warehouse_latent_predictions/20260825T151736Z/behavior_visualizations) by extension 'cmake'
[0.257s] Level 1:colcon.colcon_core.package_identification:_identify(vjepa_visual_localization/outputs/warehouse_latent_predictions/20260825T151736Z/behavior_visualizations) by extension 'python'
[0.257s] Level 1:colcon.colcon_core.package_identification:_identify(vjepa_visual_localization/outputs/warehouse_latent_predictions/20260825T151736Z/behavior_visualizations) by extensions ['python_setup_py']
[0.257s] Level 1:colcon.colcon_core.package_identification:_identify(vjepa_visual_localization/outputs/warehouse_latent_predictions/20260825T151736Z/behavior_visualizations) by extension 'python_setup_py'
[0.257s] Level 1:colcon.colcon_core.package_identification:_identify(vjepa_visual_localization/outputs/warehouse_latent_predictions/20260825T151736Z/frames) by extensions ['ignore', 'ignore_ament_install']
[0.257s] Level 1:colcon.colcon_core.package_identification:_identify(vjepa_visual_localization/outputs/warehouse_latent_predictions/20260825T151736Z/frames) by extension 'ignore'
[0.257s] Level 1:colcon.colcon_core.package_identification:_identify(vjepa_visual_localization/outputs/warehouse_latent_predictions/20260825T151736Z/frames) by extension 'ignore_ament_install'
[0.257s] Level 1:colcon.colcon_core.package_identification:_identify(vjepa_visual_localization/outputs/warehouse_latent_predictions/20260825T151736Z/frames) by extensions ['colcon_pkg']
[0.257s] Level 1:colcon.colcon_core.package_identification:_identify(vjepa_visual_localization/outputs/warehouse_latent_predictions/20260825T151736Z/frames) by extension 'colcon_pkg'
[0.257s] Level 1:colcon.colcon_core.package_identification:_identify(vjepa_visual_localization/outputs/warehouse_latent_predictions/20260825T151736Z/frames) by extensions ['colcon_meta']
[0.257s] Level 1:colcon.colcon_core.package_identification:_identify(vjepa_visual_localization/outputs/warehouse_latent_predictions/20260825T151736Z/frames) by extension 'colcon_meta'
[0.257s] Level 1:colcon.colcon_core.package_identification:_identify(vjepa_visual_localization/outputs/warehouse_latent_predictions/20260825T151736Z/frames) by extensions ['ros']
[0.257s] Level 1:colcon.colcon_core.package_identification:_identify(vjepa_visual_localization/outputs/warehouse_latent_predictions/20260825T151736Z/frames) by extension 'ros'
[0.257s] Level 1:colcon.colcon_core.package_identification:_identify(vjepa_visual_localization/outputs/warehouse_latent_predictions/20260825T151736Z/frames) by extensions ['cmake', 'python']
[0.257s] Level 1:colcon.colcon_core.package_identification:_identify(vjepa_visual_localization/outputs/warehouse_latent_predictions/20260825T151736Z/frames) by extension 'cmake'
[0.258s] Level 1:colcon.colcon_core.package_identification:_identify(vjepa_visual_localization/outputs/warehouse_latent_predictions/20260825T151736Z/frames) by extension 'python'
[0.258s] Level 1:colcon.colcon_core.package_identification:_identify(vjepa_visual_localization/outputs/warehouse_latent_predictions/20260825T151736Z/frames) by extensions ['python_setup_py']
[0.258s] Level 1:colcon.colcon_core.package_identification:_identify(vjepa_visual_localization/outputs/warehouse_latent_predictions/20260825T151736Z/frames) by extension 'python_setup_py'
[0.258s] Level 1:colcon.colcon_core.package_identification:_identify(vjepa_visual_localization/outputs/warehouse_latent_predictions/20260825T151736Z/latents) by extensions ['ignore', 'ignore_ament_install']
[0.258s] Level 1:colcon.colcon_core.package_identification:_identify(vjepa_visual_localization/outputs/warehouse_latent_predictions/20260825T151736Z/latents) by extension 'ignore'
[0.258s] Level 1:colcon.colcon_core.package_identification:_identify(vjepa_visual_localization/outputs/warehouse_latent_predictions/20260825T151736Z/latents) by extension 'ignore_ament_install'
[0.258s] Level 1:colcon.colcon_core.package_identification:_identify(vjepa_visual_localization/outputs/warehouse_latent_predictions/20260825T151736Z/latents) by extensions ['colcon_pkg']
[0.258s] Level 1:colcon.colcon_core.package_identification:_identify(vjepa_visual_localization/outputs/warehouse_latent_predictions/20260825T151736Z/latents) by extension 'colcon_pkg'
[0.258s] Level 1:colcon.colcon_core.package_identification:_identify(vjepa_visual_localization/outputs/warehouse_latent_predictions/20260825T151736Z/latents) by extensions ['colcon_meta']
[0.258s] Level 1:colcon.colcon_core.package_identification:_identify(vjepa_visual_localization/outputs/warehouse_latent_predictions/20260825T151736Z/latents) by extension 'colcon_meta'
[0.258s] Level 1:colcon.colcon_core.package_identification:_identify(vjepa_visual_localization/outputs/warehouse_latent_predictions/20260825T151736Z/latents) by extensions ['ros']
[0.258s] Level 1:colcon.colcon_core.package_identification:_identify(vjepa_visual_localization/outputs/warehouse_latent_predictions/20260825T151736Z/latents) by extension 'ros'
[0.258s] Level 1:colcon.colcon_core.package_identification:_identify(vjepa_visual_localization/outputs/warehouse_latent_predictions/20260825T151736Z/latents) by extensions ['cmake', 'python']
[0.258s] Level 1:colcon.colcon_core.package_identification:_identify(vjepa_visual_localization/outputs/warehouse_latent_predictions/20260825T151736Z/latents) by extension 'cmake'
[0.258s] Level 1:colcon.colcon_core.package_identification:_identify(vjepa_visual_localization/outputs/warehouse_latent_predictions/20260825T151736Z/latents) by extension 'python'
[0.258s] Level 1:colcon.colcon_core.package_identification:_identify(vjepa_visual_localization/outputs/warehouse_latent_predictions/20260825T151736Z/latents) by extensions ['python_setup_py']
[0.258s] Level 1:colcon.colcon_core.package_identification:_identify(vjepa_visual_localization/outputs/warehouse_latent_predictions/20260825T151736Z/latents) by extension 'python_setup_py'
[0.258s] Level 1:colcon.colcon_core.package_identification:_identify(vjepa_visual_localization/outputs/warehouse_latent_predictions/20260825T151736Z/predictions) by extensions ['ignore', 'ignore_ament_install']
[0.258s] Level 1:colcon.colcon_core.package_identification:_identify(vjepa_visual_localization/outputs/warehouse_latent_predictions/20260825T151736Z/predictions) by extension 'ignore'
[0.258s] Level 1:colcon.colcon_core.package_identification:_identify(vjepa_visual_localization/outputs/warehouse_latent_predictions/20260825T151736Z/predictions) by extension 'ignore_ament_install'
[0.258s] Level 1:colcon.colcon_core.package_identification:_identify(vjepa_visual_localization/outputs/warehouse_latent_predictions/20260825T151736Z/predictions) by extensions ['colcon_pkg']
[0.259s] Level 1:colcon.colcon_core.package_identification:_identify(vjepa_visual_localization/outputs/warehouse_latent_predictions/20260825T151736Z/predictions) by extension 'colcon_pkg'
[0.259s] Level 1:colcon.colcon_core.package_identification:_identify(vjepa_visual_localization/outputs/warehouse_latent_predictions/20260825T151736Z/predictions) by extensions ['colcon_meta']
[0.259s] Level 1:colcon.colcon_core.package_identification:_identify(vjepa_visual_localization/outputs/warehouse_latent_predictions/20260825T151736Z/predictions) by extension 'colcon_meta'
[0.259s] Level 1:colcon.colcon_core.package_identification:_identify(vjepa_visual_localization/outputs/warehouse_latent_predictions/20260825T151736Z/predictions) by extensions ['ros']
[0.259s] Level 1:colcon.colcon_core.package_identification:_identify(vjepa_visual_localization/outputs/warehouse_latent_predictions/20260825T151736Z/predictions) by extension 'ros'
[0.259s] Level 1:colcon.colcon_core.package_identification:_identify(vjepa_visual_localization/outputs/warehouse_latent_predictions/20260825T151736Z/predictions) by extensions ['cmake', 'python']
[0.259s] Level 1:colcon.colcon_core.package_identification:_identify(vjepa_visual_localization/outputs/warehouse_latent_predictions/20260825T151736Z/predictions) by extension 'cmake'
[0.259s] Level 1:colcon.colcon_core.package_identification:_identify(vjepa_visual_localization/outputs/warehouse_latent_predictions/20260825T151736Z/predictions) by extension 'python'
[0.259s] Level 1:colcon.colcon_core.package_identification:_identify(vjepa_visual_localization/outputs/warehouse_latent_predictions/20260825T151736Z/predictions) by extensions ['python_setup_py']
[0.259s] Level 1:colcon.colcon_core.package_identification:_identify(vjepa_visual_localization/outputs/warehouse_latent_predictions/20260825T151736Z/predictions) by extension 'python_setup_py'
[0.259s] Level 1:colcon.colcon_core.package_identification:_identify(vjepa_visual_localization/outputs/warehouse_latent_predictions/20260825T152244Z) by extensions ['ignore', 'ignore_ament_install']
[0.259s] Level 1:colcon.colcon_core.package_identification:_identify(vjepa_visual_localization/outputs/warehouse_latent_predictions/20260825T152244Z) by extension 'ignore'
[0.259s] Level 1:colcon.colcon_core.package_identification:_identify(vjepa_visual_localization/outputs/warehouse_latent_predictions/20260825T152244Z) by extension 'ignore_ament_install'
[0.259s] Level 1:colcon.colcon_core.package_identification:_identify(vjepa_visual_localization/outputs/warehouse_latent_predictions/20260825T152244Z) by extensions ['colcon_pkg']
[0.259s] Level 1:colcon.colcon_core.package_identification:_identify(vjepa_visual_localization/outputs/warehouse_latent_predictions/20260825T152244Z) by extension 'colcon_pkg'
[0.259s] Level 1:colcon.colcon_core.package_identification:_identify(vjepa_visual_localization/outputs/warehouse_latent_predictions/20260825T152244Z) by extensions ['colcon_meta']
[0.259s] Level 1:colcon.colcon_core.package_identification:_identify(vjepa_visual_localization/outputs/warehouse_latent_predictions/20260825T152244Z) by extension 'colcon_meta'
[0.259s] Level 1:colcon.colcon_core.package_identification:_identify(vjepa_visual_localization/outputs/warehouse_latent_predictions/20260825T152244Z) by extensions ['ros']
[0.259s] Level 1:colcon.colcon_core.package_identification:_identify(vjepa_visual_localization/outputs/warehouse_latent_predictions/20260825T152244Z) by extension 'ros'
[0.259s] Level 1:colcon.colcon_core.package_identification:_identify(vjepa_visual_localization/outputs/warehouse_latent_predictions/20260825T152244Z) by extensions ['cmake', 'python']
[0.259s] Level 1:colcon.colcon_core.package_identification:_identify(vjepa_visual_localization/outputs/warehouse_latent_predictions/20260825T152244Z) by extension 'cmake'
[0.259s] Level 1:colcon.colcon_core.package_identification:_identify(vjepa_visual_localization/outputs/warehouse_latent_predictions/20260825T152244Z) by extension 'python'
[0.259s] Level 1:colcon.colcon_core.package_identification:_identify(vjepa_visual_localization/outputs/warehouse_latent_predictions/20260825T152244Z) by extensions ['python_setup_py']
[0.259s] Level 1:colcon.colcon_core.package_identification:_identify(vjepa_visual_localization/outputs/warehouse_latent_predictions/20260825T152244Z) by extension 'python_setup_py'
[0.259s] Level 1:colcon.colcon_core.package_identification:_identify(vjepa_visual_localization/outputs/warehouse_latent_predictions/20260825T152244Z/behavior_visualizations) by extensions ['ignore', 'ignore_ament_install']
[0.259s] Level 1:colcon.colcon_core.package_identification:_identify(vjepa_visual_localization/outputs/warehouse_latent_predictions/20260825T152244Z/behavior_visualizations) by extension 'ignore'
[0.259s] Level 1:colcon.colcon_core.package_identification:_identify(vjepa_visual_localization/outputs/warehouse_latent_predictions/20260825T152244Z/behavior_visualizations) by extension 'ignore_ament_install'
[0.259s] Level 1:colcon.colcon_core.package_identification:_identify(vjepa_visual_localization/outputs/warehouse_latent_predictions/20260825T152244Z/behavior_visualizations) by extensions ['colcon_pkg']
[0.259s] Level 1:colcon.colcon_core.package_identification:_identify(vjepa_visual_localization/outputs/warehouse_latent_predictions/20260825T152244Z/behavior_visualizations) by extension 'colcon_pkg'
[0.259s] Level 1:colcon.colcon_core.package_identification:_identify(vjepa_visual_localization/outputs/warehouse_latent_predictions/20260825T152244Z/behavior_visualizations) by extensions ['colcon_meta']
[0.259s] Level 1:colcon.colcon_core.package_identification:_identify(vjepa_visual_localization/outputs/warehouse_latent_predictions/20260825T152244Z/behavior_visualizations) by extension 'colcon_meta'
[0.259s] Level 1:colcon.colcon_core.package_identification:_identify(vjepa_visual_localization/outputs/warehouse_latent_predictions/20260825T152244Z/behavior_visualizations) by extensions ['ros']
[0.259s] Level 1:colcon.colcon_core.package_identification:_identify(vjepa_visual_localization/outputs/warehouse_latent_predictions/20260825T152244Z/behavior_visualizations) by extension 'ros'
[0.259s] Level 1:colcon.colcon_core.package_identification:_identify(vjepa_visual_localization/outputs/warehouse_latent_predictions/20260825T152244Z/behavior_visualizations) by extensions ['cmake', 'python']
[0.259s] Level 1:colcon.colcon_core.package_identification:_identify(vjepa_visual_localization/outputs/warehouse_latent_predictions/20260825T152244Z/behavior_visualizations) by extension 'cmake'
[0.259s] Level 1:colcon.colcon_core.package_identification:_identify(vjepa_visual_localization/outputs/warehouse_latent_predictions/20260825T152244Z/behavior_visualizations) by extension 'python'
[0.260s] Level 1:colcon.colcon_core.package_identification:_identify(vjepa_visual_localization/outputs/warehouse_latent_predictions/20260825T152244Z/behavior_visualizations) by extensions ['python_setup_py']
[0.260s] Level 1:colcon.colcon_core.package_identification:_identify(vjepa_visual_localization/outputs/warehouse_latent_predictions/20260825T152244Z/behavior_visualizations) by extension 'python_setup_py'
[0.260s] Level 1:colcon.colcon_core.package_identification:_identify(vjepa_visual_localization/outputs/warehouse_latent_predictions/20260825T152244Z/frames) by extensions ['ignore', 'ignore_ament_install']
[0.260s] Level 1:colcon.colcon_core.package_identification:_identify(vjepa_visual_localization/outputs/warehouse_latent_predictions/20260825T152244Z/frames) by extension 'ignore'
[0.260s] Level 1:colcon.colcon_core.package_identification:_identify(vjepa_visual_localization/outputs/warehouse_latent_predictions/20260825T152244Z/frames) by extension 'ignore_ament_install'
[0.260s] Level 1:colcon.colcon_core.package_identification:_identify(vjepa_visual_localization/outputs/warehouse_latent_predictions/20260825T152244Z/frames) by extensions ['colcon_pkg']
[0.260s] Level 1:colcon.colcon_core.package_identification:_identify(vjepa_visual_localization/outputs/warehouse_latent_predictions/20260825T152244Z/frames) by extension 'colcon_pkg'
[0.260s] Level 1:colcon.colcon_core.package_identification:_identify(vjepa_visual_localization/outputs/warehouse_latent_predictions/20260825T152244Z/frames) by extensions ['colcon_meta']
[0.260s] Level 1:colcon.colcon_core.package_identification:_identify(vjepa_visual_localization/outputs/warehouse_latent_predictions/20260825T152244Z/frames) by extension 'colcon_meta'
[0.260s] Level 1:colcon.colcon_core.package_identification:_identify(vjepa_visual_localization/outputs/warehouse_latent_predictions/20260825T152244Z/frames) by extensions ['ros']
[0.260s] Level 1:colcon.colcon_core.package_identification:_identify(vjepa_visual_localization/outputs/warehouse_latent_predictions/20260825T152244Z/frames) by extension 'ros'
[0.260s] Level 1:colcon.colcon_core.package_identification:_identify(vjepa_visual_localization/outputs/warehouse_latent_predictions/20260825T152244Z/frames) by extensions ['cmake', 'python']
[0.260s] Level 1:colcon.colcon_core.package_identification:_identify(vjepa_visual_localization/outputs/warehouse_latent_predictions/20260825T152244Z/frames) by extension 'cmake'
[0.260s] Level 1:colcon.colcon_core.package_identification:_identify(vjepa_visual_localization/outputs/warehouse_latent_predictions/20260825T152244Z/frames) by extension 'python'
[0.260s] Level 1:colcon.colcon_core.package_identification:_identify(vjepa_visual_localization/outputs/warehouse_latent_predictions/20260825T152244Z/frames) by extensions ['python_setup_py']
[0.260s] Level 1:colcon.colcon_core.package_identification:_identify(vjepa_visual_localization/outputs/warehouse_latent_predictions/20260825T152244Z/frames) by extension 'python_setup_py'
[0.261s] Level 1:colcon.colcon_core.package_identification:_identify(vjepa_visual_localization/outputs/warehouse_latent_predictions/20260825T152244Z/latents) by extensions ['ignore', 'ignore_ament_install']
[0.261s] Level 1:colcon.colcon_core.package_identification:_identify(vjepa_visual_localization/outputs/warehouse_latent_predictions/20260825T152244Z/latents) by extension 'ignore'
[0.261s] Level 1:colcon.colcon_core.package_identification:_identify(vjepa_visual_localization/outputs/warehouse_latent_predictions/20260825T152244Z/latents) by extension 'ignore_ament_install'
[0.261s] Level 1:colcon.colcon_core.package_identification:_identify(vjepa_visual_localization/outputs/warehouse_latent_predictions/20260825T152244Z/latents) by extensions ['colcon_pkg']
[0.261s] Level 1:colcon.colcon_core.package_identification:_identify(vjepa_visual_localization/outputs/warehouse_latent_predictions/20260825T152244Z/latents) by extension 'colcon_pkg'
[0.261s] Level 1:colcon.colcon_core.package_identification:_identify(vjepa_visual_localization/outputs/warehouse_latent_predictions/20260825T152244Z/latents) by extensions ['colcon_meta']
[0.261s] Level 1:colcon.colcon_core.package_identification:_identify(vjepa_visual_localization/outputs/warehouse_latent_predictions/20260825T152244Z/latents) by extension 'colcon_meta'
[0.261s] Level 1:colcon.colcon_core.package_identification:_identify(vjepa_visual_localization/outputs/warehouse_latent_predictions/20260825T152244Z/latents) by extensions ['ros']
[0.261s] Level 1:colcon.colcon_core.package_identification:_identify(vjepa_visual_localization/outputs/warehouse_latent_predictions/20260825T152244Z/latents) by extension 'ros'
[0.261s] Level 1:colcon.colcon_core.package_identification:_identify(vjepa_visual_localization/outputs/warehouse_latent_predictions/20260825T152244Z/latents) by extensions ['cmake', 'python']
[0.261s] Level 1:colcon.colcon_core.package_identification:_identify(vjepa_visual_localization/outputs/warehouse_latent_predictions/20260825T152244Z/latents) by extension 'cmake'
[0.261s] Level 1:colcon.colcon_core.package_identification:_identify(vjepa_visual_localization/outputs/warehouse_latent_predictions/20260825T152244Z/latents) by extension 'python'
[0.261s] Level 1:colcon.colcon_core.package_identification:_identify(vjepa_visual_localization/outputs/warehouse_latent_predictions/20260825T152244Z/latents) by extensions ['python_setup_py']
[0.261s] Level 1:colcon.colcon_core.package_identification:_identify(vjepa_visual_localization/outputs/warehouse_latent_predictions/20260825T152244Z/latents) by extension 'python_setup_py'
[0.262s] Level 1:colcon.colcon_core.package_identification:_identify(vjepa_visual_localization/outputs/warehouse_latent_predictions/20260825T152244Z/predictions) by extensions ['ignore', 'ignore_ament_install']
[0.262s] Level 1:colcon.colcon_core.package_identification:_identify(vjepa_visual_localization/outputs/warehouse_latent_predictions/20260825T152244Z/predictions) by extension 'ignore'
[0.262s] Level 1:colcon.colcon_core.package_identification:_identify(vjepa_visual_localization/outputs/warehouse_latent_predictions/20260825T152244Z/predictions) by extension 'ignore_ament_install'
[0.262s] Level 1:colcon.colcon_core.package_identification:_identify(vjepa_visual_localization/outputs/warehouse_latent_predictions/20260825T152244Z/predictions) by extensions ['colcon_pkg']
[0.262s] Level 1:colcon.colcon_core.package_identification:_identify(vjepa_visual_localization/outputs/warehouse_latent_predictions/20260825T152244Z/predictions) by extension 'colcon_pkg'
[0.262s] Level 1:colcon.colcon_core.package_identification:_identify(vjepa_visual_localization/outputs/warehouse_latent_predictions/20260825T152244Z/predictions) by extensions ['colcon_meta']
[0.262s] Level 1:colcon.colcon_core.package_identification:_identify(vjepa_visual_localization/outputs/warehouse_latent_predictions/20260825T152244Z/predictions) by extension 'colcon_meta'
[0.262s] Level 1:colcon.colcon_core.package_identification:_identify(vjepa_visual_localization/outputs/warehouse_latent_predictions/20260825T152244Z/predictions) by extensions ['ros']
[0.262s] Level 1:colcon.colcon_core.package_identification:_identify(vjepa_visual_localization/outputs/warehouse_latent_predictions/20260825T152244Z/predictions) by extension 'ros'
[0.262s] Level 1:colcon.colcon_core.package_identification:_identify(vjepa_visual_localization/outputs/warehouse_latent_predictions/20260825T152244Z/predictions) by extensions ['cmake', 'python']
[0.262s] Level 1:colcon.colcon_core.package_identification:_identify(vjepa_visual_localization/outputs/warehouse_latent_predictions/20260825T152244Z/predictions) by extension 'cmake'
[0.262s] Level 1:colcon.colcon_core.package_identification:_identify(vjepa_visual_localization/outputs/warehouse_latent_predictions/20260825T152244Z/predictions) by extension 'python'
[0.262s] Level 1:colcon.colcon_core.package_identification:_identify(vjepa_visual_localization/outputs/warehouse_latent_predictions/20260825T152244Z/predictions) by extensions ['python_setup_py']
[0.262s] Level 1:colcon.colcon_core.package_identification:_identify(vjepa_visual_localization/outputs/warehouse_latent_predictions/20260825T152244Z/predictions) by extension 'python_setup_py'
[0.262s] Level 1:colcon.colcon_core.package_identification:_identify(vjepa_visual_localization/outputs/warehouse_latent_predictions/20260825T153420Z) by extensions ['ignore', 'ignore_ament_install']
[0.262s] Level 1:colcon.colcon_core.package_identification:_identify(vjepa_visual_localization/outputs/warehouse_latent_predictions/20260825T153420Z) by extension 'ignore'
[0.262s] Level 1:colcon.colcon_core.package_identification:_identify(vjepa_visual_localization/outputs/warehouse_latent_predictions/20260825T153420Z) by extension 'ignore_ament_install'
[0.262s] Level 1:colcon.colcon_core.package_identification:_identify(vjepa_visual_localization/outputs/warehouse_latent_predictions/20260825T153420Z) by extensions ['colcon_pkg']
[0.262s] Level 1:colcon.colcon_core.package_identification:_identify(vjepa_visual_localization/outputs/warehouse_latent_predictions/20260825T153420Z) by extension 'colcon_pkg'
[0.262s] Level 1:colcon.colcon_core.package_identification:_identify(vjepa_visual_localization/outputs/warehouse_latent_predictions/20260825T153420Z) by extensions ['colcon_meta']
[0.262s] Level 1:colcon.colcon_core.package_identification:_identify(vjepa_visual_localization/outputs/warehouse_latent_predictions/20260825T153420Z) by extension 'colcon_meta'
[0.262s] Level 1:colcon.colcon_core.package_identification:_identify(vjepa_visual_localization/outputs/warehouse_latent_predictions/20260825T153420Z) by extensions ['ros']
[0.262s] Level 1:colcon.colcon_core.package_identification:_identify(vjepa_visual_localization/outputs/warehouse_latent_predictions/20260825T153420Z) by extension 'ros'
[0.262s] Level 1:colcon.colcon_core.package_identification:_identify(vjepa_visual_localization/outputs/warehouse_latent_predictions/20260825T153420Z) by extensions ['cmake', 'python']
[0.262s] Level 1:colcon.colcon_core.package_identification:_identify(vjepa_visual_localization/outputs/warehouse_latent_predictions/20260825T153420Z) by extension 'cmake'
[0.262s] Level 1:colcon.colcon_core.package_identification:_identify(vjepa_visual_localization/outputs/warehouse_latent_predictions/20260825T153420Z) by extension 'python'
[0.262s] Level 1:colcon.colcon_core.package_identification:_identify(vjepa_visual_localization/outputs/warehouse_latent_predictions/20260825T153420Z) by extensions ['python_setup_py']
[0.263s] Level 1:colcon.colcon_core.package_identification:_identify(vjepa_visual_localization/outputs/warehouse_latent_predictions/20260825T153420Z) by extension 'python_setup_py'
[0.263s] Level 1:colcon.colcon_core.package_identification:_identify(vjepa_visual_localization/outputs/warehouse_latent_predictions/20260825T153420Z/behavior_visualizations) by extensions ['ignore', 'ignore_ament_install']
[0.263s] Level 1:colcon.colcon_core.package_identification:_identify(vjepa_visual_localization/outputs/warehouse_latent_predictions/20260825T153420Z/behavior_visualizations) by extension 'ignore'
[0.263s] Level 1:colcon.colcon_core.package_identification:_identify(vjepa_visual_localization/outputs/warehouse_latent_predictions/20260825T153420Z/behavior_visualizations) by extension 'ignore_ament_install'
[0.263s] Level 1:colcon.colcon_core.package_identification:_identify(vjepa_visual_localization/outputs/warehouse_latent_predictions/20260825T153420Z/behavior_visualizations) by extensions ['colcon_pkg']
[0.263s] Level 1:colcon.colcon_core.package_identification:_identify(vjepa_visual_localization/outputs/warehouse_latent_predictions/20260825T153420Z/behavior_visualizations) by extension 'colcon_pkg'
[0.263s] Level 1:colcon.colcon_core.package_identification:_identify(vjepa_visual_localization/outputs/warehouse_latent_predictions/20260825T153420Z/behavior_visualizations) by extensions ['colcon_meta']
[0.263s] Level 1:colcon.colcon_core.package_identification:_identify(vjepa_visual_localization/outputs/warehouse_latent_predictions/20260825T153420Z/behavior_visualizations) by extension 'colcon_meta'
[0.263s] Level 1:colcon.colcon_core.package_identification:_identify(vjepa_visual_localization/outputs/warehouse_latent_predictions/20260825T153420Z/behavior_visualizations) by extensions ['ros']
[0.263s] Level 1:colcon.colcon_core.package_identification:_identify(vjepa_visual_localization/outputs/warehouse_latent_predictions/20260825T153420Z/behavior_visualizations) by extension 'ros'
[0.263s] Level 1:colcon.colcon_core.package_identification:_identify(vjepa_visual_localization/outputs/warehouse_latent_predictions/20260825T153420Z/behavior_visualizations) by extensions ['cmake', 'python']
[0.263s] Level 1:colcon.colcon_core.package_identification:_identify(vjepa_visual_localization/outputs/warehouse_latent_predictions/20260825T153420Z/behavior_visualizations) by extension 'cmake'
[0.263s] Level 1:colcon.colcon_core.package_identification:_identify(vjepa_visual_localization/outputs/warehouse_latent_predictions/20260825T153420Z/behavior_visualizations) by extension 'python'
[0.263s] Level 1:colcon.colcon_core.package_identification:_identify(vjepa_visual_localization/outputs/warehouse_latent_predictions/20260825T153420Z/behavior_visualizations) by extensions ['python_setup_py']
[0.263s] Level 1:colcon.colcon_core.package_identification:_identify(vjepa_visual_localization/outputs/warehouse_latent_predictions/20260825T153420Z/behavior_visualizations) by extension 'python_setup_py'
[0.263s] Level 1:colcon.colcon_core.package_identification:_identify(vjepa_visual_localization/outputs/warehouse_latent_predictions/20260825T153420Z/frames) by extensions ['ignore', 'ignore_ament_install']
[0.263s] Level 1:colcon.colcon_core.package_identification:_identify(vjepa_visual_localization/outputs/warehouse_latent_predictions/20260825T153420Z/frames) by extension 'ignore'
[0.263s] Level 1:colcon.colcon_core.package_identification:_identify(vjepa_visual_localization/outputs/warehouse_latent_predictions/20260825T153420Z/frames) by extension 'ignore_ament_install'
[0.263s] Level 1:colcon.colcon_core.package_identification:_identify(vjepa_visual_localization/outputs/warehouse_latent_predictions/20260825T153420Z/frames) by extensions ['colcon_pkg']
[0.263s] Level 1:colcon.colcon_core.package_identification:_identify(vjepa_visual_localization/outputs/warehouse_latent_predictions/20260825T153420Z/frames) by extension 'colcon_pkg'
[0.263s] Level 1:colcon.colcon_core.package_identification:_identify(vjepa_visual_localization/outputs/warehouse_latent_predictions/20260825T153420Z/frames) by extensions ['colcon_meta']
[0.263s] Level 1:colcon.colcon_core.package_identification:_identify(vjepa_visual_localization/outputs/warehouse_latent_predictions/20260825T153420Z/frames) by extension 'colcon_meta'
[0.263s] Level 1:colcon.colcon_core.package_identification:_identify(vjepa_visual_localization/outputs/warehouse_latent_predictions/20260825T153420Z/frames) by extensions ['ros']
[0.263s] Level 1:colcon.colcon_core.package_identification:_identify(vjepa_visual_localization/outputs/warehouse_latent_predictions/20260825T153420Z/frames) by extension 'ros'
[0.263s] Level 1:colcon.colcon_core.package_identification:_identify(vjepa_visual_localization/outputs/warehouse_latent_predictions/20260825T153420Z/frames) by extensions ['cmake', 'python']
[0.263s] Level 1:colcon.colcon_core.package_identification:_identify(vjepa_visual_localization/outputs/warehouse_latent_predictions/20260825T153420Z/frames) by extension 'cmake'
[0.263s] Level 1:colcon.colcon_core.package_identification:_identify(vjepa_visual_localization/outputs/warehouse_latent_predictions/20260825T153420Z/frames) by extension 'python'
[0.263s] Level 1:colcon.colcon_core.package_identification:_identify(vjepa_visual_localization/outputs/warehouse_latent_predictions/20260825T153420Z/frames) by extensions ['python_setup_py']
[0.263s] Level 1:colcon.colcon_core.package_identification:_identify(vjepa_visual_localization/outputs/warehouse_latent_predictions/20260825T153420Z/frames) by extension 'python_setup_py'
[0.263s] Level 1:colcon.colcon_core.package_identification:_identify(vjepa_visual_localization/outputs/warehouse_latent_predictions/20260825T153420Z/latents) by extensions ['ignore', 'ignore_ament_install']
[0.263s] Level 1:colcon.colcon_core.package_identification:_identify(vjepa_visual_localization/outputs/warehouse_latent_predictions/20260825T153420Z/latents) by extension 'ignore'
[0.263s] Level 1:colcon.colcon_core.package_identification:_identify(vjepa_visual_localization/outputs/warehouse_latent_predictions/20260825T153420Z/latents) by extension 'ignore_ament_install'
[0.263s] Level 1:colcon.colcon_core.package_identification:_identify(vjepa_visual_localization/outputs/warehouse_latent_predictions/20260825T153420Z/latents) by extensions ['colcon_pkg']
[0.264s] Level 1:colcon.colcon_core.package_identification:_identify(vjepa_visual_localization/outputs/warehouse_latent_predictions/20260825T153420Z/latents) by extension 'colcon_pkg'
[0.264s] Level 1:colcon.colcon_core.package_identification:_identify(vjepa_visual_localization/outputs/warehouse_latent_predictions/20260825T153420Z/latents) by extensions ['colcon_meta']
[0.264s] Level 1:colcon.colcon_core.package_identification:_identify(vjepa_visual_localization/outputs/warehouse_latent_predictions/20260825T153420Z/latents) by extension 'colcon_meta'
[0.264s] Level 1:colcon.colcon_core.package_identification:_identify(vjepa_visual_localization/outputs/warehouse_latent_predictions/20260825T153420Z/latents) by extensions ['ros']
[0.264s] Level 1:colcon.colcon_core.package_identification:_identify(vjepa_visual_localization/outputs/warehouse_latent_predictions/20260825T153420Z/latents) by extension 'ros'
[0.264s] Level 1:colcon.colcon_core.package_identification:_identify(vjepa_visual_localization/outputs/warehouse_latent_predictions/20260825T153420Z/latents) by extensions ['cmake', 'python']
[0.264s] Level 1:colcon.colcon_core.package_identification:_identify(vjepa_visual_localization/outputs/warehouse_latent_predictions/20260825T153420Z/latents) by extension 'cmake'
[0.264s] Level 1:colcon.colcon_core.package_identification:_identify(vjepa_visual_localization/outputs/warehouse_latent_predictions/20260825T153420Z/latents) by extension 'python'
[0.264s] Level 1:colcon.colcon_core.package_identification:_identify(vjepa_visual_localization/outputs/warehouse_latent_predictions/20260825T153420Z/latents) by extensions ['python_setup_py']
[0.264s] Level 1:colcon.colcon_core.package_identification:_identify(vjepa_visual_localization/outputs/warehouse_latent_predictions/20260825T153420Z/latents) by extension 'python_setup_py'
[0.264s] Level 1:colcon.colcon_core.package_identification:_identify(vjepa_visual_localization/outputs/warehouse_latent_predictions/20260825T153420Z/predictions) by extensions ['ignore', 'ignore_ament_install']
[0.264s] Level 1:colcon.colcon_core.package_identification:_identify(vjepa_visual_localization/outputs/warehouse_latent_predictions/20260825T153420Z/predictions) by extension 'ignore'
[0.264s] Level 1:colcon.colcon_core.package_identification:_identify(vjepa_visual_localization/outputs/warehouse_latent_predictions/20260825T153420Z/predictions) by extension 'ignore_ament_install'
[0.264s] Level 1:colcon.colcon_core.package_identification:_identify(vjepa_visual_localization/outputs/warehouse_latent_predictions/20260825T153420Z/predictions) by extensions ['colcon_pkg']
[0.264s] Level 1:colcon.colcon_core.package_identification:_identify(vjepa_visual_localization/outputs/warehouse_latent_predictions/20260825T153420Z/predictions) by extension 'colcon_pkg'
[0.264s] Level 1:colcon.colcon_core.package_identification:_identify(vjepa_visual_localization/outputs/warehouse_latent_predictions/20260825T153420Z/predictions) by extensions ['colcon_meta']
[0.264s] Level 1:colcon.colcon_core.package_identification:_identify(vjepa_visual_localization/outputs/warehouse_latent_predictions/20260825T153420Z/predictions) by extension 'colcon_meta'
[0.264s] Level 1:colcon.colcon_core.package_identification:_identify(vjepa_visual_localization/outputs/warehouse_latent_predictions/20260825T153420Z/predictions) by extensions ['ros']
[0.264s] Level 1:colcon.colcon_core.package_identification:_identify(vjepa_visual_localization/outputs/warehouse_latent_predictions/20260825T153420Z/predictions) by extension 'ros'
[0.264s] Level 1:colcon.colcon_core.package_identification:_identify(vjepa_visual_localization/outputs/warehouse_latent_predictions/20260825T153420Z/predictions) by extensions ['cmake', 'python']
[0.264s] Level 1:colcon.colcon_core.package_identification:_identify(vjepa_visual_localization/outputs/warehouse_latent_predictions/20260825T153420Z/predictions) by extension 'cmake'
[0.264s] Level 1:colcon.colcon_core.package_identification:_identify(vjepa_visual_localization/outputs/warehouse_latent_predictions/20260825T153420Z/predictions) by extension 'python'
[0.264s] Level 1:colcon.colcon_core.package_identification:_identify(vjepa_visual_localization/outputs/warehouse_latent_predictions/20260825T153420Z/predictions) by extensions ['python_setup_py']
[0.264s] Level 1:colcon.colcon_core.package_identification:_identify(vjepa_visual_localization/outputs/warehouse_latent_predictions/20260825T153420Z/predictions) by extension 'python_setup_py'
[0.264s] Level 1:colcon.colcon_core.package_identification:_identify(vjepa_visual_localization/outputs/warehouse_latent_predictions/20260825T153554Z) by extensions ['ignore', 'ignore_ament_install']
[0.264s] Level 1:colcon.colcon_core.package_identification:_identify(vjepa_visual_localization/outputs/warehouse_latent_predictions/20260825T153554Z) by extension 'ignore'
[0.264s] Level 1:colcon.colcon_core.package_identification:_identify(vjepa_visual_localization/outputs/warehouse_latent_predictions/20260825T153554Z) by extension 'ignore_ament_install'
[0.265s] Level 1:colcon.colcon_core.package_identification:_identify(vjepa_visual_localization/outputs/warehouse_latent_predictions/20260825T153554Z) by extensions ['colcon_pkg']
[0.265s] Level 1:colcon.colcon_core.package_identification:_identify(vjepa_visual_localization/outputs/warehouse_latent_predictions/20260825T153554Z) by extension 'colcon_pkg'
[0.265s] Level 1:colcon.colcon_core.package_identification:_identify(vjepa_visual_localization/outputs/warehouse_latent_predictions/20260825T153554Z) by extensions ['colcon_meta']
[0.265s] Level 1:colcon.colcon_core.package_identification:_identify(vjepa_visual_localization/outputs/warehouse_latent_predictions/20260825T153554Z) by extension 'colcon_meta'
[0.265s] Level 1:colcon.colcon_core.package_identification:_identify(vjepa_visual_localization/outputs/warehouse_latent_predictions/20260825T153554Z) by extensions ['ros']
[0.265s] Level 1:colcon.colcon_core.package_identification:_identify(vjepa_visual_localization/outputs/warehouse_latent_predictions/20260825T153554Z) by extension 'ros'
[0.265s] Level 1:colcon.colcon_core.package_identification:_identify(vjepa_visual_localization/outputs/warehouse_latent_predictions/20260825T153554Z) by extensions ['cmake', 'python']
[0.265s] Level 1:colcon.colcon_core.package_identification:_identify(vjepa_visual_localization/outputs/warehouse_latent_predictions/20260825T153554Z) by extension 'cmake'
[0.265s] Level 1:colcon.colcon_core.package_identification:_identify(vjepa_visual_localization/outputs/warehouse_latent_predictions/20260825T153554Z) by extension 'python'
[0.265s] Level 1:colcon.colcon_core.package_identification:_identify(vjepa_visual_localization/outputs/warehouse_latent_predictions/20260825T153554Z) by extensions ['python_setup_py']
[0.265s] Level 1:colcon.colcon_core.package_identification:_identify(vjepa_visual_localization/outputs/warehouse_latent_predictions/20260825T153554Z) by extension 'python_setup_py'
[0.265s] Level 1:colcon.colcon_core.package_identification:_identify(vjepa_visual_localization/outputs/warehouse_latent_predictions/20260825T153554Z/behavior_visualizations) by extensions ['ignore', 'ignore_ament_install']
[0.265s] Level 1:colcon.colcon_core.package_identification:_identify(vjepa_visual_localization/outputs/warehouse_latent_predictions/20260825T153554Z/behavior_visualizations) by extension 'ignore'
[0.265s] Level 1:colcon.colcon_core.package_identification:_identify(vjepa_visual_localization/outputs/warehouse_latent_predictions/20260825T153554Z/behavior_visualizations) by extension 'ignore_ament_install'
[0.265s] Level 1:colcon.colcon_core.package_identification:_identify(vjepa_visual_localization/outputs/warehouse_latent_predictions/20260825T153554Z/behavior_visualizations) by extensions ['colcon_pkg']
[0.265s] Level 1:colcon.colcon_core.package_identification:_identify(vjepa_visual_localization/outputs/warehouse_latent_predictions/20260825T153554Z/behavior_visualizations) by extension 'colcon_pkg'
[0.265s] Level 1:colcon.colcon_core.package_identification:_identify(vjepa_visual_localization/outputs/warehouse_latent_predictions/20260825T153554Z/behavior_visualizations) by extensions ['colcon_meta']
[0.265s] Level 1:colcon.colcon_core.package_identification:_identify(vjepa_visual_localization/outputs/warehouse_latent_predictions/20260825T153554Z/behavior_visualizations) by extension 'colcon_meta'
[0.265s] Level 1:colcon.colcon_core.package_identification:_identify(vjepa_visual_localization/outputs/warehouse_latent_predictions/20260825T153554Z/behavior_visualizations) by extensions ['ros']
[0.265s] Level 1:colcon.colcon_core.package_identification:_identify(vjepa_visual_localization/outputs/warehouse_latent_predictions/20260825T153554Z/behavior_visualizations) by extension 'ros'
[0.265s] Level 1:colcon.colcon_core.package_identification:_identify(vjepa_visual_localization/outputs/warehouse_latent_predictions/20260825T153554Z/behavior_visualizations) by extensions ['cmake', 'python']
[0.265s] Level 1:colcon.colcon_core.package_identification:_identify(vjepa_visual_localization/outputs/warehouse_latent_predictions/20260825T153554Z/behavior_visualizations) by extension 'cmake'
[0.265s] Level 1:colcon.colcon_core.package_identification:_identify(vjepa_visual_localization/outputs/warehouse_latent_predictions/20260825T153554Z/behavior_visualizations) by extension 'python'
[0.265s] Level 1:colcon.colcon_core.package_identification:_identify(vjepa_visual_localization/outputs/warehouse_latent_predictions/20260825T153554Z/behavior_visualizations) by extensions ['python_setup_py']
[0.265s] Level 1:colcon.colcon_core.package_identification:_identify(vjepa_visual_localization/outputs/warehouse_latent_predictions/20260825T153554Z/behavior_visualizations) by extension 'python_setup_py'
[0.265s] Level 1:colcon.colcon_core.package_identification:_identify(vjepa_visual_localization/outputs/warehouse_latent_predictions/20260825T153554Z/frames) by extensions ['ignore', 'ignore_ament_install']
[0.265s] Level 1:colcon.colcon_core.package_identification:_identify(vjepa_visual_localization/outputs/warehouse_latent_predictions/20260825T153554Z/frames) by extension 'ignore'
[0.265s] Level 1:colcon.colcon_core.package_identification:_identify(vjepa_visual_localization/outputs/warehouse_latent_predictions/20260825T153554Z/frames) by extension 'ignore_ament_install'
[0.265s] Level 1:colcon.colcon_core.package_identification:_identify(vjepa_visual_localization/outputs/warehouse_latent_predictions/20260825T153554Z/frames) by extensions ['colcon_pkg']
[0.265s] Level 1:colcon.colcon_core.package_identification:_identify(vjepa_visual_localization/outputs/warehouse_latent_predictions/20260825T153554Z/frames) by extension 'colcon_pkg'
[0.266s] Level 1:colcon.colcon_core.package_identification:_identify(vjepa_visual_localization/outputs/warehouse_latent_predictions/20260825T153554Z/frames) by extensions ['colcon_meta']
[0.266s] Level 1:colcon.colcon_core.package_identification:_identify(vjepa_visual_localization/outputs/warehouse_latent_predictions/20260825T153554Z/frames) by extension 'colcon_meta'
[0.266s] Level 1:colcon.colcon_core.package_identification:_identify(vjepa_visual_localization/outputs/warehouse_latent_predictions/20260825T153554Z/frames) by extensions ['ros']
[0.266s] Level 1:colcon.colcon_core.package_identification:_identify(vjepa_visual_localization/outputs/warehouse_latent_predictions/20260825T153554Z/frames) by extension 'ros'
[0.266s] Level 1:colcon.colcon_core.package_identification:_identify(vjepa_visual_localization/outputs/warehouse_latent_predictions/20260825T153554Z/frames) by extensions ['cmake', 'python']
[0.266s] Level 1:colcon.colcon_core.package_identification:_identify(vjepa_visual_localization/outputs/warehouse_latent_predictions/20260825T153554Z/frames) by extension 'cmake'
[0.266s] Level 1:colcon.colcon_core.package_identification:_identify(vjepa_visual_localization/outputs/warehouse_latent_predictions/20260825T153554Z/frames) by extension 'python'
[0.266s] Level 1:colcon.colcon_core.package_identification:_identify(vjepa_visual_localization/outputs/warehouse_latent_predictions/20260825T153554Z/frames) by extensions ['python_setup_py']
[0.266s] Level 1:colcon.colcon_core.package_identification:_identify(vjepa_visual_localization/outputs/warehouse_latent_predictions/20260825T153554Z/frames) by extension 'python_setup_py'
[0.266s] Level 1:colcon.colcon_core.package_identification:_identify(vjepa_visual_localization/outputs/warehouse_latent_predictions/20260825T153554Z/latents) by extensions ['ignore', 'ignore_ament_install']
[0.266s] Level 1:colcon.colcon_core.package_identification:_identify(vjepa_visual_localization/outputs/warehouse_latent_predictions/20260825T153554Z/latents) by extension 'ignore'
[0.266s] Level 1:colcon.colcon_core.package_identification:_identify(vjepa_visual_localization/outputs/warehouse_latent_predictions/20260825T153554Z/latents) by extension 'ignore_ament_install'
[0.266s] Level 1:colcon.colcon_core.package_identification:_identify(vjepa_visual_localization/outputs/warehouse_latent_predictions/20260825T153554Z/latents) by extensions ['colcon_pkg']
[0.266s] Level 1:colcon.colcon_core.package_identification:_identify(vjepa_visual_localization/outputs/warehouse_latent_predictions/20260825T153554Z/latents) by extension 'colcon_pkg'
[0.266s] Level 1:colcon.colcon_core.package_identification:_identify(vjepa_visual_localization/outputs/warehouse_latent_predictions/20260825T153554Z/latents) by extensions ['colcon_meta']
[0.266s] Level 1:colcon.colcon_core.package_identification:_identify(vjepa_visual_localization/outputs/warehouse_latent_predictions/20260825T153554Z/latents) by extension 'colcon_meta'
[0.266s] Level 1:colcon.colcon_core.package_identification:_identify(vjepa_visual_localization/outputs/warehouse_latent_predictions/20260825T153554Z/latents) by extensions ['ros']
[0.266s] Level 1:colcon.colcon_core.package_identification:_identify(vjepa_visual_localization/outputs/warehouse_latent_predictions/20260825T153554Z/latents) by extension 'ros'
[0.266s] Level 1:colcon.colcon_core.package_identification:_identify(vjepa_visual_localization/outputs/warehouse_latent_predictions/20260825T153554Z/latents) by extensions ['cmake', 'python']
[0.266s] Level 1:colcon.colcon_core.package_identification:_identify(vjepa_visual_localization/outputs/warehouse_latent_predictions/20260825T153554Z/latents) by extension 'cmake'
[0.266s] Level 1:colcon.colcon_core.package_identification:_identify(vjepa_visual_localization/outputs/warehouse_latent_predictions/20260825T153554Z/latents) by extension 'python'
[0.266s] Level 1:colcon.colcon_core.package_identification:_identify(vjepa_visual_localization/outputs/warehouse_latent_predictions/20260825T153554Z/latents) by extensions ['python_setup_py']
[0.266s] Level 1:colcon.colcon_core.package_identification:_identify(vjepa_visual_localization/outputs/warehouse_latent_predictions/20260825T153554Z/latents) by extension 'python_setup_py'
[0.267s] Level 1:colcon.colcon_core.package_identification:_identify(vjepa_visual_localization/outputs/warehouse_latent_predictions/20260825T153554Z/predictions) by extensions ['ignore', 'ignore_ament_install']
[0.267s] Level 1:colcon.colcon_core.package_identification:_identify(vjepa_visual_localization/outputs/warehouse_latent_predictions/20260825T153554Z/predictions) by extension 'ignore'
[0.267s] Level 1:colcon.colcon_core.package_identification:_identify(vjepa_visual_localization/outputs/warehouse_latent_predictions/20260825T153554Z/predictions) by extension 'ignore_ament_install'
[0.267s] Level 1:colcon.colcon_core.package_identification:_identify(vjepa_visual_localization/outputs/warehouse_latent_predictions/20260825T153554Z/predictions) by extensions ['colcon_pkg']
[0.267s] Level 1:colcon.colcon_core.package_identification:_identify(vjepa_visual_localization/outputs/warehouse_latent_predictions/20260825T153554Z/predictions) by extension 'colcon_pkg'
[0.267s] Level 1:colcon.colcon_core.package_identification:_identify(vjepa_visual_localization/outputs/warehouse_latent_predictions/20260825T153554Z/predictions) by extensions ['colcon_meta']
[0.267s] Level 1:colcon.colcon_core.package_identification:_identify(vjepa_visual_localization/outputs/warehouse_latent_predictions/20260825T153554Z/predictions) by extension 'colcon_meta'
[0.267s] Level 1:colcon.colcon_core.package_identification:_identify(vjepa_visual_localization/outputs/warehouse_latent_predictions/20260825T153554Z/predictions) by extensions ['ros']
[0.267s] Level 1:colcon.colcon_core.package_identification:_identify(vjepa_visual_localization/outputs/warehouse_latent_predictions/20260825T153554Z/predictions) by extension 'ros'
[0.267s] Level 1:colcon.colcon_core.package_identification:_identify(vjepa_visual_localization/outputs/warehouse_latent_predictions/20260825T153554Z/predictions) by extensions ['cmake', 'python']
[0.267s] Level 1:colcon.colcon_core.package_identification:_identify(vjepa_visual_localization/outputs/warehouse_latent_predictions/20260825T153554Z/predictions) by extension 'cmake'
[0.267s] Level 1:colcon.colcon_core.package_identification:_identify(vjepa_visual_localization/outputs/warehouse_latent_predictions/20260825T153554Z/predictions) by extension 'python'
[0.267s] Level 1:colcon.colcon_core.package_identification:_identify(vjepa_visual_localization/outputs/warehouse_latent_predictions/20260825T153554Z/predictions) by extensions ['python_setup_py']
[0.267s] Level 1:colcon.colcon_core.package_identification:_identify(vjepa_visual_localization/outputs/warehouse_latent_predictions/20260825T153554Z/predictions) by extension 'python_setup_py'
[0.267s] Level 1:colcon.colcon_core.package_identification:_identify(vjepa_visual_localization/outputs/warehouse_latent_predictions/20260825T154209Z) by extensions ['ignore', 'ignore_ament_install']
[0.267s] Level 1:colcon.colcon_core.package_identification:_identify(vjepa_visual_localization/outputs/warehouse_latent_predictions/20260825T154209Z) by extension 'ignore'
[0.267s] Level 1:colcon.colcon_core.package_identification:_identify(vjepa_visual_localization/outputs/warehouse_latent_predictions/20260825T154209Z) by extension 'ignore_ament_install'
[0.267s] Level 1:colcon.colcon_core.package_identification:_identify(vjepa_visual_localization/outputs/warehouse_latent_predictions/20260825T154209Z) by extensions ['colcon_pkg']
[0.267s] Level 1:colcon.colcon_core.package_identification:_identify(vjepa_visual_localization/outputs/warehouse_latent_predictions/20260825T154209Z) by extension 'colcon_pkg'
[0.267s] Level 1:colcon.colcon_core.package_identification:_identify(vjepa_visual_localization/outputs/warehouse_latent_predictions/20260825T154209Z) by extensions ['colcon_meta']
[0.268s] Level 1:colcon.colcon_core.package_identification:_identify(vjepa_visual_localization/outputs/warehouse_latent_predictions/20260825T154209Z) by extension 'colcon_meta'
[0.268s] Level 1:colcon.colcon_core.package_identification:_identify(vjepa_visual_localization/outputs/warehouse_latent_predictions/20260825T154209Z) by extensions ['ros']
[0.268s] Level 1:colcon.colcon_core.package_identification:_identify(vjepa_visual_localization/outputs/warehouse_latent_predictions/20260825T154209Z) by extension 'ros'
[0.268s] Level 1:colcon.colcon_core.package_identification:_identify(vjepa_visual_localization/outputs/warehouse_latent_predictions/20260825T154209Z) by extensions ['cmake', 'python']
[0.268s] Level 1:colcon.colcon_core.package_identification:_identify(vjepa_visual_localization/outputs/warehouse_latent_predictions/20260825T154209Z) by extension 'cmake'
[0.268s] Level 1:colcon.colcon_core.package_identification:_identify(vjepa_visual_localization/outputs/warehouse_latent_predictions/20260825T154209Z) by extension 'python'
[0.268s] Level 1:colcon.colcon_core.package_identification:_identify(vjepa_visual_localization/outputs/warehouse_latent_predictions/20260825T154209Z) by extensions ['python_setup_py']
[0.268s] Level 1:colcon.colcon_core.package_identification:_identify(vjepa_visual_localization/outputs/warehouse_latent_predictions/20260825T154209Z) by extension 'python_setup_py'
[0.268s] Level 1:colcon.colcon_core.package_identification:_identify(vjepa_visual_localization/outputs/warehouse_latent_predictions/20260825T154209Z/behavior_visualizations) by extensions ['ignore', 'ignore_ament_install']
[0.268s] Level 1:colcon.colcon_core.package_identification:_identify(vjepa_visual_localization/outputs/warehouse_latent_predictions/20260825T154209Z/behavior_visualizations) by extension 'ignore'
[0.268s] Level 1:colcon.colcon_core.package_identification:_identify(vjepa_visual_localization/outputs/warehouse_latent_predictions/20260825T154209Z/behavior_visualizations) by extension 'ignore_ament_install'
[0.268s] Level 1:colcon.colcon_core.package_identification:_identify(vjepa_visual_localization/outputs/warehouse_latent_predictions/20260825T154209Z/behavior_visualizations) by extensions ['colcon_pkg']
[0.268s] Level 1:colcon.colcon_core.package_identification:_identify(vjepa_visual_localization/outputs/warehouse_latent_predictions/20260825T154209Z/behavior_visualizations) by extension 'colcon_pkg'
[0.268s] Level 1:colcon.colcon_core.package_identification:_identify(vjepa_visual_localization/outputs/warehouse_latent_predictions/20260825T154209Z/behavior_visualizations) by extensions ['colcon_meta']
[0.268s] Level 1:colcon.colcon_core.package_identification:_identify(vjepa_visual_localization/outputs/warehouse_latent_predictions/20260825T154209Z/behavior_visualizations) by extension 'colcon_meta'
[0.268s] Level 1:colcon.colcon_core.package_identification:_identify(vjepa_visual_localization/outputs/warehouse_latent_predictions/20260825T154209Z/behavior_visualizations) by extensions ['ros']
[0.268s] Level 1:colcon.colcon_core.package_identification:_identify(vjepa_visual_localization/outputs/warehouse_latent_predictions/20260825T154209Z/behavior_visualizations) by extension 'ros'
[0.268s] Level 1:colcon.colcon_core.package_identification:_identify(vjepa_visual_localization/outputs/warehouse_latent_predictions/20260825T154209Z/behavior_visualizations) by extensions ['cmake', 'python']
[0.268s] Level 1:colcon.colcon_core.package_identification:_identify(vjepa_visual_localization/outputs/warehouse_latent_predictions/20260825T154209Z/behavior_visualizations) by extension 'cmake'
[0.268s] Level 1:colcon.colcon_core.package_identification:_identify(vjepa_visual_localization/outputs/warehouse_latent_predictions/20260825T154209Z/behavior_visualizations) by extension 'python'
[0.268s] Level 1:colcon.colcon_core.package_identification:_identify(vjepa_visual_localization/outputs/warehouse_latent_predictions/20260825T154209Z/behavior_visualizations) by extensions ['python_setup_py']
[0.268s] Level 1:colcon.colcon_core.package_identification:_identify(vjepa_visual_localization/outputs/warehouse_latent_predictions/20260825T154209Z/behavior_visualizations) by extension 'python_setup_py'
[0.268s] Level 1:colcon.colcon_core.package_identification:_identify(vjepa_visual_localization/outputs/warehouse_latent_predictions/20260825T154209Z/frames) by extensions ['ignore', 'ignore_ament_install']
[0.268s] Level 1:colcon.colcon_core.package_identification:_identify(vjepa_visual_localization/outputs/warehouse_latent_predictions/20260825T154209Z/frames) by extension 'ignore'
[0.268s] Level 1:colcon.colcon_core.package_identification:_identify(vjepa_visual_localization/outputs/warehouse_latent_predictions/20260825T154209Z/frames) by extension 'ignore_ament_install'
[0.268s] Level 1:colcon.colcon_core.package_identification:_identify(vjepa_visual_localization/outputs/warehouse_latent_predictions/20260825T154209Z/frames) by extensions ['colcon_pkg']
[0.268s] Level 1:colcon.colcon_core.package_identification:_identify(vjepa_visual_localization/outputs/warehouse_latent_predictions/20260825T154209Z/frames) by extension 'colcon_pkg'
[0.268s] Level 1:colcon.colcon_core.package_identification:_identify(vjepa_visual_localization/outputs/warehouse_latent_predictions/20260825T154209Z/frames) by extensions ['colcon_meta']
[0.268s] Level 1:colcon.colcon_core.package_identification:_identify(vjepa_visual_localization/outputs/warehouse_latent_predictions/20260825T154209Z/frames) by extension 'colcon_meta'
[0.268s] Level 1:colcon.colcon_core.package_identification:_identify(vjepa_visual_localization/outputs/warehouse_latent_predictions/20260825T154209Z/frames) by extensions ['ros']
[0.268s] Level 1:colcon.colcon_core.package_identification:_identify(vjepa_visual_localization/outputs/warehouse_latent_predictions/20260825T154209Z/frames) by extension 'ros'
[0.268s] Level 1:colcon.colcon_core.package_identification:_identify(vjepa_visual_localization/outputs/warehouse_latent_predictions/20260825T154209Z/frames) by extensions ['cmake', 'python']
[0.268s] Level 1:colcon.colcon_core.package_identification:_identify(vjepa_visual_localization/outputs/warehouse_latent_predictions/20260825T154209Z/frames) by extension 'cmake'
[0.268s] Level 1:colcon.colcon_core.package_identification:_identify(vjepa_visual_localization/outputs/warehouse_latent_predictions/20260825T154209Z/frames) by extension 'python'
[0.268s] Level 1:colcon.colcon_core.package_identification:_identify(vjepa_visual_localization/outputs/warehouse_latent_predictions/20260825T154209Z/frames) by extensions ['python_setup_py']
[0.268s] Level 1:colcon.colcon_core.package_identification:_identify(vjepa_visual_localization/outputs/warehouse_latent_predictions/20260825T154209Z/frames) by extension 'python_setup_py'
[0.269s] Level 1:colcon.colcon_core.package_identification:_identify(vjepa_visual_localization/outputs/warehouse_latent_predictions/20260825T154209Z/latents) by extensions ['ignore', 'ignore_ament_install']
[0.269s] Level 1:colcon.colcon_core.package_identification:_identify(vjepa_visual_localization/outputs/warehouse_latent_predictions/20260825T154209Z/latents) by extension 'ignore'
[0.269s] Level 1:colcon.colcon_core.package_identification:_identify(vjepa_visual_localization/outputs/warehouse_latent_predictions/20260825T154209Z/latents) by extension 'ignore_ament_install'
[0.269s] Level 1:colcon.colcon_core.package_identification:_identify(vjepa_visual_localization/outputs/warehouse_latent_predictions/20260825T154209Z/latents) by extensions ['colcon_pkg']
[0.269s] Level 1:colcon.colcon_core.package_identification:_identify(vjepa_visual_localization/outputs/warehouse_latent_predictions/20260825T154209Z/latents) by extension 'colcon_pkg'
[0.269s] Level 1:colcon.colcon_core.package_identification:_identify(vjepa_visual_localization/outputs/warehouse_latent_predictions/20260825T154209Z/latents) by extensions ['colcon_meta']
[0.269s] Level 1:colcon.colcon_core.package_identification:_identify(vjepa_visual_localization/outputs/warehouse_latent_predictions/20260825T154209Z/latents) by extension 'colcon_meta'
[0.269s] Level 1:colcon.colcon_core.package_identification:_identify(vjepa_visual_localization/outputs/warehouse_latent_predictions/20260825T154209Z/latents) by extensions ['ros']
[0.269s] Level 1:colcon.colcon_core.package_identification:_identify(vjepa_visual_localization/outputs/warehouse_latent_predictions/20260825T154209Z/latents) by extension 'ros'
[0.269s] Level 1:colcon.colcon_core.package_identification:_identify(vjepa_visual_localization/outputs/warehouse_latent_predictions/20260825T154209Z/latents) by extensions ['cmake', 'python']
[0.269s] Level 1:colcon.colcon_core.package_identification:_identify(vjepa_visual_localization/outputs/warehouse_latent_predictions/20260825T154209Z/latents) by extension 'cmake'
[0.269s] Level 1:colcon.colcon_core.package_identification:_identify(vjepa_visual_localization/outputs/warehouse_latent_predictions/20260825T154209Z/latents) by extension 'python'
[0.269s] Level 1:colcon.colcon_core.package_identification:_identify(vjepa_visual_localization/outputs/warehouse_latent_predictions/20260825T154209Z/latents) by extensions ['python_setup_py']
[0.269s] Level 1:colcon.colcon_core.package_identification:_identify(vjepa_visual_localization/outputs/warehouse_latent_predictions/20260825T154209Z/latents) by extension 'python_setup_py'
[0.269s] Level 1:colcon.colcon_core.package_identification:_identify(vjepa_visual_localization/outputs/warehouse_latent_predictions/20260825T154209Z/predictions) by extensions ['ignore', 'ignore_ament_install']
[0.269s] Level 1:colcon.colcon_core.package_identification:_identify(vjepa_visual_localization/outputs/warehouse_latent_predictions/20260825T154209Z/predictions) by extension 'ignore'
[0.269s] Level 1:colcon.colcon_core.package_identification:_identify(vjepa_visual_localization/outputs/warehouse_latent_predictions/20260825T154209Z/predictions) by extension 'ignore_ament_install'
[0.269s] Level 1:colcon.colcon_core.package_identification:_identify(vjepa_visual_localization/outputs/warehouse_latent_predictions/20260825T154209Z/predictions) by extensions ['colcon_pkg']
[0.269s] Level 1:colcon.colcon_core.package_identification:_identify(vjepa_visual_localization/outputs/warehouse_latent_predictions/20260825T154209Z/predictions) by extension 'colcon_pkg'
[0.269s] Level 1:colcon.colcon_core.package_identification:_identify(vjepa_visual_localization/outputs/warehouse_latent_predictions/20260825T154209Z/predictions) by extensions ['colcon_meta']
[0.269s] Level 1:colcon.colcon_core.package_identification:_identify(vjepa_visual_localization/outputs/warehouse_latent_predictions/20260825T154209Z/predictions) by extension 'colcon_meta'
[0.269s] Level 1:colcon.colcon_core.package_identification:_identify(vjepa_visual_localization/outputs/warehouse_latent_predictions/20260825T154209Z/predictions) by extensions ['ros']
[0.269s] Level 1:colcon.colcon_core.package_identification:_identify(vjepa_visual_localization/outputs/warehouse_latent_predictions/20260825T154209Z/predictions) by extension 'ros'
[0.269s] Level 1:colcon.colcon_core.package_identification:_identify(vjepa_visual_localization/outputs/warehouse_latent_predictions/20260825T154209Z/predictions) by extensions ['cmake', 'python']
[0.269s] Level 1:colcon.colcon_core.package_identification:_identify(vjepa_visual_localization/outputs/warehouse_latent_predictions/20260825T154209Z/predictions) by extension 'cmake'
[0.269s] Level 1:colcon.colcon_core.package_identification:_identify(vjepa_visual_localization/outputs/warehouse_latent_predictions/20260825T154209Z/predictions) by extension 'python'
[0.269s] Level 1:colcon.colcon_core.package_identification:_identify(vjepa_visual_localization/outputs/warehouse_latent_predictions/20260825T154209Z/predictions) by extensions ['python_setup_py']
[0.269s] Level 1:colcon.colcon_core.package_identification:_identify(vjepa_visual_localization/outputs/warehouse_latent_predictions/20260825T154209Z/predictions) by extension 'python_setup_py'
[0.269s] Level 1:colcon.colcon_core.package_identification:_identify(vjepa_visual_localization/outputs/warehouse_latent_predictions/20260825T154430Z) by extensions ['ignore', 'ignore_ament_install']
[0.270s] Level 1:colcon.colcon_core.package_identification:_identify(vjepa_visual_localization/outputs/warehouse_latent_predictions/20260825T154430Z) by extension 'ignore'
[0.270s] Level 1:colcon.colcon_core.package_identification:_identify(vjepa_visual_localization/outputs/warehouse_latent_predictions/20260825T154430Z) by extension 'ignore_ament_install'
[0.270s] Level 1:colcon.colcon_core.package_identification:_identify(vjepa_visual_localization/outputs/warehouse_latent_predictions/20260825T154430Z) by extensions ['colcon_pkg']
[0.270s] Level 1:colcon.colcon_core.package_identification:_identify(vjepa_visual_localization/outputs/warehouse_latent_predictions/20260825T154430Z) by extension 'colcon_pkg'
[0.270s] Level 1:colcon.colcon_core.package_identification:_identify(vjepa_visual_localization/outputs/warehouse_latent_predictions/20260825T154430Z) by extensions ['colcon_meta']
[0.270s] Level 1:colcon.colcon_core.package_identification:_identify(vjepa_visual_localization/outputs/warehouse_latent_predictions/20260825T154430Z) by extension 'colcon_meta'
[0.270s] Level 1:colcon.colcon_core.package_identification:_identify(vjepa_visual_localization/outputs/warehouse_latent_predictions/20260825T154430Z) by extensions ['ros']
[0.270s] Level 1:colcon.colcon_core.package_identification:_identify(vjepa_visual_localization/outputs/warehouse_latent_predictions/20260825T154430Z) by extension 'ros'
[0.270s] Level 1:colcon.colcon_core.package_identification:_identify(vjepa_visual_localization/outputs/warehouse_latent_predictions/20260825T154430Z) by extensions ['cmake', 'python']
[0.270s] Level 1:colcon.colcon_core.package_identification:_identify(vjepa_visual_localization/outputs/warehouse_latent_predictions/20260825T154430Z) by extension 'cmake'
[0.270s] Level 1:colcon.colcon_core.package_identification:_identify(vjepa_visual_localization/outputs/warehouse_latent_predictions/20260825T154430Z) by extension 'python'
[0.270s] Level 1:colcon.colcon_core.package_identification:_identify(vjepa_visual_localization/outputs/warehouse_latent_predictions/20260825T154430Z) by extensions ['python_setup_py']
[0.270s] Level 1:colcon.colcon_core.package_identification:_identify(vjepa_visual_localization/outputs/warehouse_latent_predictions/20260825T154430Z) by extension 'python_setup_py'
[0.270s] Level 1:colcon.colcon_core.package_identification:_identify(vjepa_visual_localization/outputs/warehouse_latent_predictions/20260825T154430Z/behavior_visualizations) by extensions ['ignore', 'ignore_ament_install']
[0.270s] Level 1:colcon.colcon_core.package_identification:_identify(vjepa_visual_localization/outputs/warehouse_latent_predictions/20260825T154430Z/behavior_visualizations) by extension 'ignore'
[0.270s] Level 1:colcon.colcon_core.package_identification:_identify(vjepa_visual_localization/outputs/warehouse_latent_predictions/20260825T154430Z/behavior_visualizations) by extension 'ignore_ament_install'
[0.270s] Level 1:colcon.colcon_core.package_identification:_identify(vjepa_visual_localization/outputs/warehouse_latent_predictions/20260825T154430Z/behavior_visualizations) by extensions ['colcon_pkg']
[0.270s] Level 1:colcon.colcon_core.package_identification:_identify(vjepa_visual_localization/outputs/warehouse_latent_predictions/20260825T154430Z/behavior_visualizations) by extension 'colcon_pkg'
[0.270s] Level 1:colcon.colcon_core.package_identification:_identify(vjepa_visual_localization/outputs/warehouse_latent_predictions/20260825T154430Z/behavior_visualizations) by extensions ['colcon_meta']
[0.270s] Level 1:colcon.colcon_core.package_identification:_identify(vjepa_visual_localization/outputs/warehouse_latent_predictions/20260825T154430Z/behavior_visualizations) by extension 'colcon_meta'
[0.270s] Level 1:colcon.colcon_core.package_identification:_identify(vjepa_visual_localization/outputs/warehouse_latent_predictions/20260825T154430Z/behavior_visualizations) by extensions ['ros']
[0.270s] Level 1:colcon.colcon_core.package_identification:_identify(vjepa_visual_localization/outputs/warehouse_latent_predictions/20260825T154430Z/behavior_visualizations) by extension 'ros'
[0.270s] Level 1:colcon.colcon_core.package_identification:_identify(vjepa_visual_localization/outputs/warehouse_latent_predictions/20260825T154430Z/behavior_visualizations) by extensions ['cmake', 'python']
[0.270s] Level 1:colcon.colcon_core.package_identification:_identify(vjepa_visual_localization/outputs/warehouse_latent_predictions/20260825T154430Z/behavior_visualizations) by extension 'cmake'
[0.270s] Level 1:colcon.colcon_core.package_identification:_identify(vjepa_visual_localization/outputs/warehouse_latent_predictions/20260825T154430Z/behavior_visualizations) by extension 'python'
[0.270s] Level 1:colcon.colcon_core.package_identification:_identify(vjepa_visual_localization/outputs/warehouse_latent_predictions/20260825T154430Z/behavior_visualizations) by extensions ['python_setup_py']
[0.270s] Level 1:colcon.colcon_core.package_identification:_identify(vjepa_visual_localization/outputs/warehouse_latent_predictions/20260825T154430Z/behavior_visualizations) by extension 'python_setup_py'
[0.271s] Level 1:colcon.colcon_core.package_identification:_identify(vjepa_visual_localization/outputs/warehouse_latent_predictions/20260825T154430Z/frames) by extensions ['ignore', 'ignore_ament_install']
[0.271s] Level 1:colcon.colcon_core.package_identification:_identify(vjepa_visual_localization/outputs/warehouse_latent_predictions/20260825T154430Z/frames) by extension 'ignore'
[0.271s] Level 1:colcon.colcon_core.package_identification:_identify(vjepa_visual_localization/outputs/warehouse_latent_predictions/20260825T154430Z/frames) by extension 'ignore_ament_install'
[0.271s] Level 1:colcon.colcon_core.package_identification:_identify(vjepa_visual_localization/outputs/warehouse_latent_predictions/20260825T154430Z/frames) by extensions ['colcon_pkg']
[0.271s] Level 1:colcon.colcon_core.package_identification:_identify(vjepa_visual_localization/outputs/warehouse_latent_predictions/20260825T154430Z/frames) by extension 'colcon_pkg'
[0.271s] Level 1:colcon.colcon_core.package_identification:_identify(vjepa_visual_localization/outputs/warehouse_latent_predictions/20260825T154430Z/frames) by extensions ['colcon_meta']
[0.271s] Level 1:colcon.colcon_core.package_identification:_identify(vjepa_visual_localization/outputs/warehouse_latent_predictions/20260825T154430Z/frames) by extension 'colcon_meta'
[0.271s] Level 1:colcon.colcon_core.package_identification:_identify(vjepa_visual_localization/outputs/warehouse_latent_predictions/20260825T154430Z/frames) by extensions ['ros']
[0.271s] Level 1:colcon.colcon_core.package_identification:_identify(vjepa_visual_localization/outputs/warehouse_latent_predictions/20260825T154430Z/frames) by extension 'ros'
[0.271s] Level 1:colcon.colcon_core.package_identification:_identify(vjepa_visual_localization/outputs/warehouse_latent_predictions/20260825T154430Z/frames) by extensions ['cmake', 'python']
[0.271s] Level 1:colcon.colcon_core.package_identification:_identify(vjepa_visual_localization/outputs/warehouse_latent_predictions/20260825T154430Z/frames) by extension 'cmake'
[0.271s] Level 1:colcon.colcon_core.package_identification:_identify(vjepa_visual_localization/outputs/warehouse_latent_predictions/20260825T154430Z/frames) by extension 'python'
[0.271s] Level 1:colcon.colcon_core.package_identification:_identify(vjepa_visual_localization/outputs/warehouse_latent_predictions/20260825T154430Z/frames) by extensions ['python_setup_py']
[0.271s] Level 1:colcon.colcon_core.package_identification:_identify(vjepa_visual_localization/outputs/warehouse_latent_predictions/20260825T154430Z/frames) by extension 'python_setup_py'
[0.271s] Level 1:colcon.colcon_core.package_identification:_identify(vjepa_visual_localization/outputs/warehouse_latent_predictions/20260825T154430Z/latents) by extensions ['ignore', 'ignore_ament_install']
[0.271s] Level 1:colcon.colcon_core.package_identification:_identify(vjepa_visual_localization/outputs/warehouse_latent_predictions/20260825T154430Z/latents) by extension 'ignore'
[0.271s] Level 1:colcon.colcon_core.package_identification:_identify(vjepa_visual_localization/outputs/warehouse_latent_predictions/20260825T154430Z/latents) by extension 'ignore_ament_install'
[0.271s] Level 1:colcon.colcon_core.package_identification:_identify(vjepa_visual_localization/outputs/warehouse_latent_predictions/20260825T154430Z/latents) by extensions ['colcon_pkg']
[0.272s] Level 1:colcon.colcon_core.package_identification:_identify(vjepa_visual_localization/outputs/warehouse_latent_predictions/20260825T154430Z/latents) by extension 'colcon_pkg'
[0.272s] Level 1:colcon.colcon_core.package_identification:_identify(vjepa_visual_localization/outputs/warehouse_latent_predictions/20260825T154430Z/latents) by extensions ['colcon_meta']
[0.272s] Level 1:colcon.colcon_core.package_identification:_identify(vjepa_visual_localization/outputs/warehouse_latent_predictions/20260825T154430Z/latents) by extension 'colcon_meta'
[0.272s] Level 1:colcon.colcon_core.package_identification:_identify(vjepa_visual_localization/outputs/warehouse_latent_predictions/20260825T154430Z/latents) by extensions ['ros']
[0.272s] Level 1:colcon.colcon_core.package_identification:_identify(vjepa_visual_localization/outputs/warehouse_latent_predictions/20260825T154430Z/latents) by extension 'ros'
[0.272s] Level 1:colcon.colcon_core.package_identification:_identify(vjepa_visual_localization/outputs/warehouse_latent_predictions/20260825T154430Z/latents) by extensions ['cmake', 'python']
[0.272s] Level 1:colcon.colcon_core.package_identification:_identify(vjepa_visual_localization/outputs/warehouse_latent_predictions/20260825T154430Z/latents) by extension 'cmake'
[0.272s] Level 1:colcon.colcon_core.package_identification:_identify(vjepa_visual_localization/outputs/warehouse_latent_predictions/20260825T154430Z/latents) by extension 'python'
[0.272s] Level 1:colcon.colcon_core.package_identification:_identify(vjepa_visual_localization/outputs/warehouse_latent_predictions/20260825T154430Z/latents) by extensions ['python_setup_py']
[0.272s] Level 1:colcon.colcon_core.package_identification:_identify(vjepa_visual_localization/outputs/warehouse_latent_predictions/20260825T154430Z/latents) by extension 'python_setup_py'
[0.273s] Level 1:colcon.colcon_core.package_identification:_identify(vjepa_visual_localization/outputs/warehouse_latent_predictions/20260825T154430Z/predictions) by extensions ['ignore', 'ignore_ament_install']
[0.273s] Level 1:colcon.colcon_core.package_identification:_identify(vjepa_visual_localization/outputs/warehouse_latent_predictions/20260825T154430Z/predictions) by extension 'ignore'
[0.273s] Level 1:colcon.colcon_core.package_identification:_identify(vjepa_visual_localization/outputs/warehouse_latent_predictions/20260825T154430Z/predictions) by extension 'ignore_ament_install'
[0.273s] Level 1:colcon.colcon_core.package_identification:_identify(vjepa_visual_localization/outputs/warehouse_latent_predictions/20260825T154430Z/predictions) by extensions ['colcon_pkg']
[0.273s] Level 1:colcon.colcon_core.package_identification:_identify(vjepa_visual_localization/outputs/warehouse_latent_predictions/20260825T154430Z/predictions) by extension 'colcon_pkg'
[0.273s] Level 1:colcon.colcon_core.package_identification:_identify(vjepa_visual_localization/outputs/warehouse_latent_predictions/20260825T154430Z/predictions) by extensions ['colcon_meta']
[0.273s] Level 1:colcon.colcon_core.package_identification:_identify(vjepa_visual_localization/outputs/warehouse_latent_predictions/20260825T154430Z/predictions) by extension 'colcon_meta'
[0.273s] Level 1:colcon.colcon_core.package_identification:_identify(vjepa_visual_localization/outputs/warehouse_latent_predictions/20260825T154430Z/predictions) by extensions ['ros']
[0.273s] Level 1:colcon.colcon_core.package_identification:_identify(vjepa_visual_localization/outputs/warehouse_latent_predictions/20260825T154430Z/predictions) by extension 'ros'
[0.273s] Level 1:colcon.colcon_core.package_identification:_identify(vjepa_visual_localization/outputs/warehouse_latent_predictions/20260825T154430Z/predictions) by extensions ['cmake', 'python']
[0.273s] Level 1:colcon.colcon_core.package_identification:_identify(vjepa_visual_localization/outputs/warehouse_latent_predictions/20260825T154430Z/predictions) by extension 'cmake'
[0.273s] Level 1:colcon.colcon_core.package_identification:_identify(vjepa_visual_localization/outputs/warehouse_latent_predictions/20260825T154430Z/predictions) by extension 'python'
[0.273s] Level 1:colcon.colcon_core.package_identification:_identify(vjepa_visual_localization/outputs/warehouse_latent_predictions/20260825T154430Z/predictions) by extensions ['python_setup_py']
[0.273s] Level 1:colcon.colcon_core.package_identification:_identify(vjepa_visual_localization/outputs/warehouse_latent_predictions/20260825T154430Z/predictions) by extension 'python_setup_py'
[0.273s] Level 1:colcon.colcon_core.package_identification:_identify(vjepa_visual_localization/outputs/warehouse_latent_predictions/20260825T160056Z) by extensions ['ignore', 'ignore_ament_install']
[0.273s] Level 1:colcon.colcon_core.package_identification:_identify(vjepa_visual_localization/outputs/warehouse_latent_predictions/20260825T160056Z) by extension 'ignore'
[0.273s] Level 1:colcon.colcon_core.package_identification:_identify(vjepa_visual_localization/outputs/warehouse_latent_predictions/20260825T160056Z) by extension 'ignore_ament_install'
[0.273s] Level 1:colcon.colcon_core.package_identification:_identify(vjepa_visual_localization/outputs/warehouse_latent_predictions/20260825T160056Z) by extensions ['colcon_pkg']
[0.273s] Level 1:colcon.colcon_core.package_identification:_identify(vjepa_visual_localization/outputs/warehouse_latent_predictions/20260825T160056Z) by extension 'colcon_pkg'
[0.273s] Level 1:colcon.colcon_core.package_identification:_identify(vjepa_visual_localization/outputs/warehouse_latent_predictions/20260825T160056Z) by extensions ['colcon_meta']
[0.274s] Level 1:colcon.colcon_core.package_identification:_identify(vjepa_visual_localization/outputs/warehouse_latent_predictions/20260825T160056Z) by extension 'colcon_meta'
[0.274s] Level 1:colcon.colcon_core.package_identification:_identify(vjepa_visual_localization/outputs/warehouse_latent_predictions/20260825T160056Z) by extensions ['ros']
[0.274s] Level 1:colcon.colcon_core.package_identification:_identify(vjepa_visual_localization/outputs/warehouse_latent_predictions/20260825T160056Z) by extension 'ros'
[0.274s] Level 1:colcon.colcon_core.package_identification:_identify(vjepa_visual_localization/outputs/warehouse_latent_predictions/20260825T160056Z) by extensions ['cmake', 'python']
[0.274s] Level 1:colcon.colcon_core.package_identification:_identify(vjepa_visual_localization/outputs/warehouse_latent_predictions/20260825T160056Z) by extension 'cmake'
[0.274s] Level 1:colcon.colcon_core.package_identification:_identify(vjepa_visual_localization/outputs/warehouse_latent_predictions/20260825T160056Z) by extension 'python'
[0.274s] Level 1:colcon.colcon_core.package_identification:_identify(vjepa_visual_localization/outputs/warehouse_latent_predictions/20260825T160056Z) by extensions ['python_setup_py']
[0.274s] Level 1:colcon.colcon_core.package_identification:_identify(vjepa_visual_localization/outputs/warehouse_latent_predictions/20260825T160056Z) by extension 'python_setup_py'
[0.274s] Level 1:colcon.colcon_core.package_identification:_identify(vjepa_visual_localization/outputs/warehouse_latent_predictions/20260825T160056Z/behavior_visualizations) by extensions ['ignore', 'ignore_ament_install']
[0.274s] Level 1:colcon.colcon_core.package_identification:_identify(vjepa_visual_localization/outputs/warehouse_latent_predictions/20260825T160056Z/behavior_visualizations) by extension 'ignore'
[0.274s] Level 1:colcon.colcon_core.package_identification:_identify(vjepa_visual_localization/outputs/warehouse_latent_predictions/20260825T160056Z/behavior_visualizations) by extension 'ignore_ament_install'
[0.274s] Level 1:colcon.colcon_core.package_identification:_identify(vjepa_visual_localization/outputs/warehouse_latent_predictions/20260825T160056Z/behavior_visualizations) by extensions ['colcon_pkg']
[0.274s] Level 1:colcon.colcon_core.package_identification:_identify(vjepa_visual_localization/outputs/warehouse_latent_predictions/20260825T160056Z/behavior_visualizations) by extension 'colcon_pkg'
[0.274s] Level 1:colcon.colcon_core.package_identification:_identify(vjepa_visual_localization/outputs/warehouse_latent_predictions/20260825T160056Z/behavior_visualizations) by extensions ['colcon_meta']
[0.274s] Level 1:colcon.colcon_core.package_identification:_identify(vjepa_visual_localization/outputs/warehouse_latent_predictions/20260825T160056Z/behavior_visualizations) by extension 'colcon_meta'
[0.274s] Level 1:colcon.colcon_core.package_identification:_identify(vjepa_visual_localization/outputs/warehouse_latent_predictions/20260825T160056Z/behavior_visualizations) by extensions ['ros']
[0.274s] Level 1:colcon.colcon_core.package_identification:_identify(vjepa_visual_localization/outputs/warehouse_latent_predictions/20260825T160056Z/behavior_visualizations) by extension 'ros'
[0.274s] Level 1:colcon.colcon_core.package_identification:_identify(vjepa_visual_localization/outputs/warehouse_latent_predictions/20260825T160056Z/behavior_visualizations) by extensions ['cmake', 'python']
[0.274s] Level 1:colcon.colcon_core.package_identification:_identify(vjepa_visual_localization/outputs/warehouse_latent_predictions/20260825T160056Z/behavior_visualizations) by extension 'cmake'
[0.274s] Level 1:colcon.colcon_core.package_identification:_identify(vjepa_visual_localization/outputs/warehouse_latent_predictions/20260825T160056Z/behavior_visualizations) by extension 'python'
[0.274s] Level 1:colcon.colcon_core.package_identification:_identify(vjepa_visual_localization/outputs/warehouse_latent_predictions/20260825T160056Z/behavior_visualizations) by extensions ['python_setup_py']
[0.274s] Level 1:colcon.colcon_core.package_identification:_identify(vjepa_visual_localization/outputs/warehouse_latent_predictions/20260825T160056Z/behavior_visualizations) by extension 'python_setup_py'
[0.274s] Level 1:colcon.colcon_core.package_identification:_identify(vjepa_visual_localization/outputs/warehouse_latent_predictions/20260825T160056Z/frames) by extensions ['ignore', 'ignore_ament_install']
[0.274s] Level 1:colcon.colcon_core.package_identification:_identify(vjepa_visual_localization/outputs/warehouse_latent_predictions/20260825T160056Z/frames) by extension 'ignore'
[0.274s] Level 1:colcon.colcon_core.package_identification:_identify(vjepa_visual_localization/outputs/warehouse_latent_predictions/20260825T160056Z/frames) by extension 'ignore_ament_install'
[0.274s] Level 1:colcon.colcon_core.package_identification:_identify(vjepa_visual_localization/outputs/warehouse_latent_predictions/20260825T160056Z/frames) by extensions ['colcon_pkg']
[0.275s] Level 1:colcon.colcon_core.package_identification:_identify(vjepa_visual_localization/outputs/warehouse_latent_predictions/20260825T160056Z/frames) by extension 'colcon_pkg'
[0.275s] Level 1:colcon.colcon_core.package_identification:_identify(vjepa_visual_localization/outputs/warehouse_latent_predictions/20260825T160056Z/frames) by extensions ['colcon_meta']
[0.275s] Level 1:colcon.colcon_core.package_identification:_identify(vjepa_visual_localization/outputs/warehouse_latent_predictions/20260825T160056Z/frames) by extension 'colcon_meta'
[0.275s] Level 1:colcon.colcon_core.package_identification:_identify(vjepa_visual_localization/outputs/warehouse_latent_predictions/20260825T160056Z/frames) by extensions ['ros']
[0.275s] Level 1:colcon.colcon_core.package_identification:_identify(vjepa_visual_localization/outputs/warehouse_latent_predictions/20260825T160056Z/frames) by extension 'ros'
[0.275s] Level 1:colcon.colcon_core.package_identification:_identify(vjepa_visual_localization/outputs/warehouse_latent_predictions/20260825T160056Z/frames) by extensions ['cmake', 'python']
[0.275s] Level 1:colcon.colcon_core.package_identification:_identify(vjepa_visual_localization/outputs/warehouse_latent_predictions/20260825T160056Z/frames) by extension 'cmake'
[0.275s] Level 1:colcon.colcon_core.package_identification:_identify(vjepa_visual_localization/outputs/warehouse_latent_predictions/20260825T160056Z/frames) by extension 'python'
[0.275s] Level 1:colcon.colcon_core.package_identification:_identify(vjepa_visual_localization/outputs/warehouse_latent_predictions/20260825T160056Z/frames) by extensions ['python_setup_py']
[0.275s] Level 1:colcon.colcon_core.package_identification:_identify(vjepa_visual_localization/outputs/warehouse_latent_predictions/20260825T160056Z/frames) by extension 'python_setup_py'
[0.275s] Level 1:colcon.colcon_core.package_identification:_identify(vjepa_visual_localization/outputs/warehouse_latent_predictions/20260825T160056Z/latents) by extensions ['ignore', 'ignore_ament_install']
[0.275s] Level 1:colcon.colcon_core.package_identification:_identify(vjepa_visual_localization/outputs/warehouse_latent_predictions/20260825T160056Z/latents) by extension 'ignore'
[0.275s] Level 1:colcon.colcon_core.package_identification:_identify(vjepa_visual_localization/outputs/warehouse_latent_predictions/20260825T160056Z/latents) by extension 'ignore_ament_install'
[0.275s] Level 1:colcon.colcon_core.package_identification:_identify(vjepa_visual_localization/outputs/warehouse_latent_predictions/20260825T160056Z/latents) by extensions ['colcon_pkg']
[0.275s] Level 1:colcon.colcon_core.package_identification:_identify(vjepa_visual_localization/outputs/warehouse_latent_predictions/20260825T160056Z/latents) by extension 'colcon_pkg'
[0.275s] Level 1:colcon.colcon_core.package_identification:_identify(vjepa_visual_localization/outputs/warehouse_latent_predictions/20260825T160056Z/latents) by extensions ['colcon_meta']
[0.275s] Level 1:colcon.colcon_core.package_identification:_identify(vjepa_visual_localization/outputs/warehouse_latent_predictions/20260825T160056Z/latents) by extension 'colcon_meta'
[0.275s] Level 1:colcon.colcon_core.package_identification:_identify(vjepa_visual_localization/outputs/warehouse_latent_predictions/20260825T160056Z/latents) by extensions ['ros']
[0.275s] Level 1:colcon.colcon_core.package_identification:_identify(vjepa_visual_localization/outputs/warehouse_latent_predictions/20260825T160056Z/latents) by extension 'ros'
[0.275s] Level 1:colcon.colcon_core.package_identification:_identify(vjepa_visual_localization/outputs/warehouse_latent_predictions/20260825T160056Z/latents) by extensions ['cmake', 'python']
[0.275s] Level 1:colcon.colcon_core.package_identification:_identify(vjepa_visual_localization/outputs/warehouse_latent_predictions/20260825T160056Z/latents) by extension 'cmake'
[0.275s] Level 1:colcon.colcon_core.package_identification:_identify(vjepa_visual_localization/outputs/warehouse_latent_predictions/20260825T160056Z/latents) by extension 'python'
[0.275s] Level 1:colcon.colcon_core.package_identification:_identify(vjepa_visual_localization/outputs/warehouse_latent_predictions/20260825T160056Z/latents) by extensions ['python_setup_py']
[0.275s] Level 1:colcon.colcon_core.package_identification:_identify(vjepa_visual_localization/outputs/warehouse_latent_predictions/20260825T160056Z/latents) by extension 'python_setup_py'
[0.276s] Level 1:colcon.colcon_core.package_identification:_identify(vjepa_visual_localization/outputs/warehouse_latent_predictions/20260825T160056Z/predictions) by extensions ['ignore', 'ignore_ament_install']
[0.276s] Level 1:colcon.colcon_core.package_identification:_identify(vjepa_visual_localization/outputs/warehouse_latent_predictions/20260825T160056Z/predictions) by extension 'ignore'
[0.276s] Level 1:colcon.colcon_core.package_identification:_identify(vjepa_visual_localization/outputs/warehouse_latent_predictions/20260825T160056Z/predictions) by extension 'ignore_ament_install'
[0.276s] Level 1:colcon.colcon_core.package_identification:_identify(vjepa_visual_localization/outputs/warehouse_latent_predictions/20260825T160056Z/predictions) by extensions ['colcon_pkg']
[0.276s] Level 1:colcon.colcon_core.package_identification:_identify(vjepa_visual_localization/outputs/warehouse_latent_predictions/20260825T160056Z/predictions) by extension 'colcon_pkg'
[0.276s] Level 1:colcon.colcon_core.package_identification:_identify(vjepa_visual_localization/outputs/warehouse_latent_predictions/20260825T160056Z/predictions) by extensions ['colcon_meta']
[0.276s] Level 1:colcon.colcon_core.package_identification:_identify(vjepa_visual_localization/outputs/warehouse_latent_predictions/20260825T160056Z/predictions) by extension 'colcon_meta'
[0.277s] Level 1:colcon.colcon_core.package_identification:_identify(vjepa_visual_localization/outputs/warehouse_latent_predictions/20260825T160056Z/predictions) by extensions ['ros']
[0.277s] Level 1:colcon.colcon_core.package_identification:_identify(vjepa_visual_localization/outputs/warehouse_latent_predictions/20260825T160056Z/predictions) by extension 'ros'
[0.277s] Level 1:colcon.colcon_core.package_identification:_identify(vjepa_visual_localization/outputs/warehouse_latent_predictions/20260825T160056Z/predictions) by extensions ['cmake', 'python']
[0.277s] Level 1:colcon.colcon_core.package_identification:_identify(vjepa_visual_localization/outputs/warehouse_latent_predictions/20260825T160056Z/predictions) by extension 'cmake'
[0.277s] Level 1:colcon.colcon_core.package_identification:_identify(vjepa_visual_localization/outputs/warehouse_latent_predictions/20260825T160056Z/predictions) by extension 'python'
[0.277s] Level 1:colcon.colcon_core.package_identification:_identify(vjepa_visual_localization/outputs/warehouse_latent_predictions/20260825T160056Z/predictions) by extensions ['python_setup_py']
[0.277s] Level 1:colcon.colcon_core.package_identification:_identify(vjepa_visual_localization/outputs/warehouse_latent_predictions/20260825T160056Z/predictions) by extension 'python_setup_py'
[0.277s] Level 1:colcon.colcon_core.package_identification:_identify(vjepa_visual_localization/outputs/warehouse_latent_predictions/20260825T161445Z) by extensions ['ignore', 'ignore_ament_install']
[0.277s] Level 1:colcon.colcon_core.package_identification:_identify(vjepa_visual_localization/outputs/warehouse_latent_predictions/20260825T161445Z) by extension 'ignore'
[0.277s] Level 1:colcon.colcon_core.package_identification:_identify(vjepa_visual_localization/outputs/warehouse_latent_predictions/20260825T161445Z) by extension 'ignore_ament_install'
[0.277s] Level 1:colcon.colcon_core.package_identification:_identify(vjepa_visual_localization/outputs/warehouse_latent_predictions/20260825T161445Z) by extensions ['colcon_pkg']
[0.277s] Level 1:colcon.colcon_core.package_identification:_identify(vjepa_visual_localization/outputs/warehouse_latent_predictions/20260825T161445Z) by extension 'colcon_pkg'
[0.277s] Level 1:colcon.colcon_core.package_identification:_identify(vjepa_visual_localization/outputs/warehouse_latent_predictions/20260825T161445Z) by extensions ['colcon_meta']
[0.277s] Level 1:colcon.colcon_core.package_identification:_identify(vjepa_visual_localization/outputs/warehouse_latent_predictions/20260825T161445Z) by extension 'colcon_meta'
[0.277s] Level 1:colcon.colcon_core.package_identification:_identify(vjepa_visual_localization/outputs/warehouse_latent_predictions/20260825T161445Z) by extensions ['ros']
[0.277s] Level 1:colcon.colcon_core.package_identification:_identify(vjepa_visual_localization/outputs/warehouse_latent_predictions/20260825T161445Z) by extension 'ros'
[0.277s] Level 1:colcon.colcon_core.package_identification:_identify(vjepa_visual_localization/outputs/warehouse_latent_predictions/20260825T161445Z) by extensions ['cmake', 'python']
[0.277s] Level 1:colcon.colcon_core.package_identification:_identify(vjepa_visual_localization/outputs/warehouse_latent_predictions/20260825T161445Z) by extension 'cmake'
[0.277s] Level 1:colcon.colcon_core.package_identification:_identify(vjepa_visual_localization/outputs/warehouse_latent_predictions/20260825T161445Z) by extension 'python'
[0.277s] Level 1:colcon.colcon_core.package_identification:_identify(vjepa_visual_localization/outputs/warehouse_latent_predictions/20260825T161445Z) by extensions ['python_setup_py']
[0.277s] Level 1:colcon.colcon_core.package_identification:_identify(vjepa_visual_localization/outputs/warehouse_latent_predictions/20260825T161445Z) by extension 'python_setup_py'
[0.277s] Level 1:colcon.colcon_core.package_identification:_identify(vjepa_visual_localization/outputs/warehouse_latent_predictions/20260825T161445Z/behavior_visualizations) by extensions ['ignore', 'ignore_ament_install']
[0.277s] Level 1:colcon.colcon_core.package_identification:_identify(vjepa_visual_localization/outputs/warehouse_latent_predictions/20260825T161445Z/behavior_visualizations) by extension 'ignore'
[0.277s] Level 1:colcon.colcon_core.package_identification:_identify(vjepa_visual_localization/outputs/warehouse_latent_predictions/20260825T161445Z/behavior_visualizations) by extension 'ignore_ament_install'
[0.277s] Level 1:colcon.colcon_core.package_identification:_identify(vjepa_visual_localization/outputs/warehouse_latent_predictions/20260825T161445Z/behavior_visualizations) by extensions ['colcon_pkg']
[0.277s] Level 1:colcon.colcon_core.package_identification:_identify(vjepa_visual_localization/outputs/warehouse_latent_predictions/20260825T161445Z/behavior_visualizations) by extension 'colcon_pkg'
[0.277s] Level 1:colcon.colcon_core.package_identification:_identify(vjepa_visual_localization/outputs/warehouse_latent_predictions/20260825T161445Z/behavior_visualizations) by extensions ['colcon_meta']
[0.277s] Level 1:colcon.colcon_core.package_identification:_identify(vjepa_visual_localization/outputs/warehouse_latent_predictions/20260825T161445Z/behavior_visualizations) by extension 'colcon_meta'
[0.277s] Level 1:colcon.colcon_core.package_identification:_identify(vjepa_visual_localization/outputs/warehouse_latent_predictions/20260825T161445Z/behavior_visualizations) by extensions ['ros']
[0.277s] Level 1:colcon.colcon_core.package_identification:_identify(vjepa_visual_localization/outputs/warehouse_latent_predictions/20260825T161445Z/behavior_visualizations) by extension 'ros'
[0.277s] Level 1:colcon.colcon_core.package_identification:_identify(vjepa_visual_localization/outputs/warehouse_latent_predictions/20260825T161445Z/behavior_visualizations) by extensions ['cmake', 'python']
[0.277s] Level 1:colcon.colcon_core.package_identification:_identify(vjepa_visual_localization/outputs/warehouse_latent_predictions/20260825T161445Z/behavior_visualizations) by extension 'cmake'
[0.277s] Level 1:colcon.colcon_core.package_identification:_identify(vjepa_visual_localization/outputs/warehouse_latent_predictions/20260825T161445Z/behavior_visualizations) by extension 'python'
[0.277s] Level 1:colcon.colcon_core.package_identification:_identify(vjepa_visual_localization/outputs/warehouse_latent_predictions/20260825T161445Z/behavior_visualizations) by extensions ['python_setup_py']
[0.277s] Level 1:colcon.colcon_core.package_identification:_identify(vjepa_visual_localization/outputs/warehouse_latent_predictions/20260825T161445Z/behavior_visualizations) by extension 'python_setup_py'
[0.278s] Level 1:colcon.colcon_core.package_identification:_identify(vjepa_visual_localization/outputs/warehouse_latent_predictions/20260825T161445Z/frames) by extensions ['ignore', 'ignore_ament_install']
[0.278s] Level 1:colcon.colcon_core.package_identification:_identify(vjepa_visual_localization/outputs/warehouse_latent_predictions/20260825T161445Z/frames) by extension 'ignore'
[0.278s] Level 1:colcon.colcon_core.package_identification:_identify(vjepa_visual_localization/outputs/warehouse_latent_predictions/20260825T161445Z/frames) by extension 'ignore_ament_install'
[0.278s] Level 1:colcon.colcon_core.package_identification:_identify(vjepa_visual_localization/outputs/warehouse_latent_predictions/20260825T161445Z/frames) by extensions ['colcon_pkg']
[0.278s] Level 1:colcon.colcon_core.package_identification:_identify(vjepa_visual_localization/outputs/warehouse_latent_predictions/20260825T161445Z/frames) by extension 'colcon_pkg'
[0.278s] Level 1:colcon.colcon_core.package_identification:_identify(vjepa_visual_localization/outputs/warehouse_latent_predictions/20260825T161445Z/frames) by extensions ['colcon_meta']
[0.278s] Level 1:colcon.colcon_core.package_identification:_identify(vjepa_visual_localization/outputs/warehouse_latent_predictions/20260825T161445Z/frames) by extension 'colcon_meta'
[0.278s] Level 1:colcon.colcon_core.package_identification:_identify(vjepa_visual_localization/outputs/warehouse_latent_predictions/20260825T161445Z/frames) by extensions ['ros']
[0.278s] Level 1:colcon.colcon_core.package_identification:_identify(vjepa_visual_localization/outputs/warehouse_latent_predictions/20260825T161445Z/frames) by extension 'ros'
[0.278s] Level 1:colcon.colcon_core.package_identification:_identify(vjepa_visual_localization/outputs/warehouse_latent_predictions/20260825T161445Z/frames) by extensions ['cmake', 'python']
[0.278s] Level 1:colcon.colcon_core.package_identification:_identify(vjepa_visual_localization/outputs/warehouse_latent_predictions/20260825T161445Z/frames) by extension 'cmake'
[0.278s] Level 1:colcon.colcon_core.package_identification:_identify(vjepa_visual_localization/outputs/warehouse_latent_predictions/20260825T161445Z/frames) by extension 'python'
[0.278s] Level 1:colcon.colcon_core.package_identification:_identify(vjepa_visual_localization/outputs/warehouse_latent_predictions/20260825T161445Z/frames) by extensions ['python_setup_py']
[0.278s] Level 1:colcon.colcon_core.package_identification:_identify(vjepa_visual_localization/outputs/warehouse_latent_predictions/20260825T161445Z/frames) by extension 'python_setup_py'
[0.278s] Level 1:colcon.colcon_core.package_identification:_identify(vjepa_visual_localization/outputs/warehouse_latent_predictions/20260825T161445Z/latents) by extensions ['ignore', 'ignore_ament_install']
[0.278s] Level 1:colcon.colcon_core.package_identification:_identify(vjepa_visual_localization/outputs/warehouse_latent_predictions/20260825T161445Z/latents) by extension 'ignore'
[0.278s] Level 1:colcon.colcon_core.package_identification:_identify(vjepa_visual_localization/outputs/warehouse_latent_predictions/20260825T161445Z/latents) by extension 'ignore_ament_install'
[0.278s] Level 1:colcon.colcon_core.package_identification:_identify(vjepa_visual_localization/outputs/warehouse_latent_predictions/20260825T161445Z/latents) by extensions ['colcon_pkg']
[0.278s] Level 1:colcon.colcon_core.package_identification:_identify(vjepa_visual_localization/outputs/warehouse_latent_predictions/20260825T161445Z/latents) by extension 'colcon_pkg'
[0.278s] Level 1:colcon.colcon_core.package_identification:_identify(vjepa_visual_localization/outputs/warehouse_latent_predictions/20260825T161445Z/latents) by extensions ['colcon_meta']
[0.278s] Level 1:colcon.colcon_core.package_identification:_identify(vjepa_visual_localization/outputs/warehouse_latent_predictions/20260825T161445Z/latents) by extension 'colcon_meta'
[0.278s] Level 1:colcon.colcon_core.package_identification:_identify(vjepa_visual_localization/outputs/warehouse_latent_predictions/20260825T161445Z/latents) by extensions ['ros']
[0.278s] Level 1:colcon.colcon_core.package_identification:_identify(vjepa_visual_localization/outputs/warehouse_latent_predictions/20260825T161445Z/latents) by extension 'ros'
[0.278s] Level 1:colcon.colcon_core.package_identification:_identify(vjepa_visual_localization/outputs/warehouse_latent_predictions/20260825T161445Z/latents) by extensions ['cmake', 'python']
[0.278s] Level 1:colcon.colcon_core.package_identification:_identify(vjepa_visual_localization/outputs/warehouse_latent_predictions/20260825T161445Z/latents) by extension 'cmake'
[0.278s] Level 1:colcon.colcon_core.package_identification:_identify(vjepa_visual_localization/outputs/warehouse_latent_predictions/20260825T161445Z/latents) by extension 'python'
[0.278s] Level 1:colcon.colcon_core.package_identification:_identify(vjepa_visual_localization/outputs/warehouse_latent_predictions/20260825T161445Z/latents) by extensions ['python_setup_py']
[0.278s] Level 1:colcon.colcon_core.package_identification:_identify(vjepa_visual_localization/outputs/warehouse_latent_predictions/20260825T161445Z/latents) by extension 'python_setup_py'
[0.279s] Level 1:colcon.colcon_core.package_identification:_identify(vjepa_visual_localization/outputs/warehouse_latent_predictions/20260825T161445Z/predictions) by extensions ['ignore', 'ignore_ament_install']
[0.279s] Level 1:colcon.colcon_core.package_identification:_identify(vjepa_visual_localization/outputs/warehouse_latent_predictions/20260825T161445Z/predictions) by extension 'ignore'
[0.279s] Level 1:colcon.colcon_core.package_identification:_identify(vjepa_visual_localization/outputs/warehouse_latent_predictions/20260825T161445Z/predictions) by extension 'ignore_ament_install'
[0.279s] Level 1:colcon.colcon_core.package_identification:_identify(vjepa_visual_localization/outputs/warehouse_latent_predictions/20260825T161445Z/predictions) by extensions ['colcon_pkg']
[0.279s] Level 1:colcon.colcon_core.package_identification:_identify(vjepa_visual_localization/outputs/warehouse_latent_predictions/20260825T161445Z/predictions) by extension 'colcon_pkg'
[0.279s] Level 1:colcon.colcon_core.package_identification:_identify(vjepa_visual_localization/outputs/warehouse_latent_predictions/20260825T161445Z/predictions) by extensions ['colcon_meta']
[0.279s] Level 1:colcon.colcon_core.package_identification:_identify(vjepa_visual_localization/outputs/warehouse_latent_predictions/20260825T161445Z/predictions) by extension 'colcon_meta'
[0.279s] Level 1:colcon.colcon_core.package_identification:_identify(vjepa_visual_localization/outputs/warehouse_latent_predictions/20260825T161445Z/predictions) by extensions ['ros']
[0.279s] Level 1:colcon.colcon_core.package_identification:_identify(vjepa_visual_localization/outputs/warehouse_latent_predictions/20260825T161445Z/predictions) by extension 'ros'
[0.279s] Level 1:colcon.colcon_core.package_identification:_identify(vjepa_visual_localization/outputs/warehouse_latent_predictions/20260825T161445Z/predictions) by extensions ['cmake', 'python']
[0.279s] Level 1:colcon.colcon_core.package_identification:_identify(vjepa_visual_localization/outputs/warehouse_latent_predictions/20260825T161445Z/predictions) by extension 'cmake'
[0.279s] Level 1:colcon.colcon_core.package_identification:_identify(vjepa_visual_localization/outputs/warehouse_latent_predictions/20260825T161445Z/predictions) by extension 'python'
[0.279s] Level 1:colcon.colcon_core.package_identification:_identify(vjepa_visual_localization/outputs/warehouse_latent_predictions/20260825T161445Z/predictions) by extensions ['python_setup_py']
[0.279s] Level 1:colcon.colcon_core.package_identification:_identify(vjepa_visual_localization/outputs/warehouse_latent_predictions/20260825T161445Z/predictions) by extension 'python_setup_py'
[0.279s] Level 1:colcon.colcon_core.package_identification:_identify(vjepa_visual_localization/outputs/warehouse_latent_predictions/20260825T162003Z) by extensions ['ignore', 'ignore_ament_install']
[0.279s] Level 1:colcon.colcon_core.package_identification:_identify(vjepa_visual_localization/outputs/warehouse_latent_predictions/20260825T162003Z) by extension 'ignore'
[0.279s] Level 1:colcon.colcon_core.package_identification:_identify(vjepa_visual_localization/outputs/warehouse_latent_predictions/20260825T162003Z) by extension 'ignore_ament_install'
[0.279s] Level 1:colcon.colcon_core.package_identification:_identify(vjepa_visual_localization/outputs/warehouse_latent_predictions/20260825T162003Z) by extensions ['colcon_pkg']
[0.279s] Level 1:colcon.colcon_core.package_identification:_identify(vjepa_visual_localization/outputs/warehouse_latent_predictions/20260825T162003Z) by extension 'colcon_pkg'
[0.279s] Level 1:colcon.colcon_core.package_identification:_identify(vjepa_visual_localization/outputs/warehouse_latent_predictions/20260825T162003Z) by extensions ['colcon_meta']
[0.279s] Level 1:colcon.colcon_core.package_identification:_identify(vjepa_visual_localization/outputs/warehouse_latent_predictions/20260825T162003Z) by extension 'colcon_meta'
[0.279s] Level 1:colcon.colcon_core.package_identification:_identify(vjepa_visual_localization/outputs/warehouse_latent_predictions/20260825T162003Z) by extensions ['ros']
[0.279s] Level 1:colcon.colcon_core.package_identification:_identify(vjepa_visual_localization/outputs/warehouse_latent_predictions/20260825T162003Z) by extension 'ros'
[0.280s] Level 1:colcon.colcon_core.package_identification:_identify(vjepa_visual_localization/outputs/warehouse_latent_predictions/20260825T162003Z) by extensions ['cmake', 'python']
[0.280s] Level 1:colcon.colcon_core.package_identification:_identify(vjepa_visual_localization/outputs/warehouse_latent_predictions/20260825T162003Z) by extension 'cmake'
[0.280s] Level 1:colcon.colcon_core.package_identification:_identify(vjepa_visual_localization/outputs/warehouse_latent_predictions/20260825T162003Z) by extension 'python'
[0.280s] Level 1:colcon.colcon_core.package_identification:_identify(vjepa_visual_localization/outputs/warehouse_latent_predictions/20260825T162003Z) by extensions ['python_setup_py']
[0.280s] Level 1:colcon.colcon_core.package_identification:_identify(vjepa_visual_localization/outputs/warehouse_latent_predictions/20260825T162003Z) by extension 'python_setup_py'
[0.280s] Level 1:colcon.colcon_core.package_identification:_identify(vjepa_visual_localization/outputs/warehouse_latent_predictions/20260825T162003Z/behavior_visualizations) by extensions ['ignore', 'ignore_ament_install']
[0.280s] Level 1:colcon.colcon_core.package_identification:_identify(vjepa_visual_localization/outputs/warehouse_latent_predictions/20260825T162003Z/behavior_visualizations) by extension 'ignore'
[0.280s] Level 1:colcon.colcon_core.package_identification:_identify(vjepa_visual_localization/outputs/warehouse_latent_predictions/20260825T162003Z/behavior_visualizations) by extension 'ignore_ament_install'
[0.280s] Level 1:colcon.colcon_core.package_identification:_identify(vjepa_visual_localization/outputs/warehouse_latent_predictions/20260825T162003Z/behavior_visualizations) by extensions ['colcon_pkg']
[0.280s] Level 1:colcon.colcon_core.package_identification:_identify(vjepa_visual_localization/outputs/warehouse_latent_predictions/20260825T162003Z/behavior_visualizations) by extension 'colcon_pkg'
[0.280s] Level 1:colcon.colcon_core.package_identification:_identify(vjepa_visual_localization/outputs/warehouse_latent_predictions/20260825T162003Z/behavior_visualizations) by extensions ['colcon_meta']
[0.280s] Level 1:colcon.colcon_core.package_identification:_identify(vjepa_visual_localization/outputs/warehouse_latent_predictions/20260825T162003Z/behavior_visualizations) by extension 'colcon_meta'
[0.280s] Level 1:colcon.colcon_core.package_identification:_identify(vjepa_visual_localization/outputs/warehouse_latent_predictions/20260825T162003Z/behavior_visualizations) by extensions ['ros']
[0.280s] Level 1:colcon.colcon_core.package_identification:_identify(vjepa_visual_localization/outputs/warehouse_latent_predictions/20260825T162003Z/behavior_visualizations) by extension 'ros'
[0.280s] Level 1:colcon.colcon_core.package_identification:_identify(vjepa_visual_localization/outputs/warehouse_latent_predictions/20260825T162003Z/behavior_visualizations) by extensions ['cmake', 'python']
[0.280s] Level 1:colcon.colcon_core.package_identification:_identify(vjepa_visual_localization/outputs/warehouse_latent_predictions/20260825T162003Z/behavior_visualizations) by extension 'cmake'
[0.280s] Level 1:colcon.colcon_core.package_identification:_identify(vjepa_visual_localization/outputs/warehouse_latent_predictions/20260825T162003Z/behavior_visualizations) by extension 'python'
[0.280s] Level 1:colcon.colcon_core.package_identification:_identify(vjepa_visual_localization/outputs/warehouse_latent_predictions/20260825T162003Z/behavior_visualizations) by extensions ['python_setup_py']
[0.280s] Level 1:colcon.colcon_core.package_identification:_identify(vjepa_visual_localization/outputs/warehouse_latent_predictions/20260825T162003Z/behavior_visualizations) by extension 'python_setup_py'
[0.280s] Level 1:colcon.colcon_core.package_identification:_identify(vjepa_visual_localization/outputs/warehouse_latent_predictions/20260825T162003Z/frames) by extensions ['ignore', 'ignore_ament_install']
[0.280s] Level 1:colcon.colcon_core.package_identification:_identify(vjepa_visual_localization/outputs/warehouse_latent_predictions/20260825T162003Z/frames) by extension 'ignore'
[0.280s] Level 1:colcon.colcon_core.package_identification:_identify(vjepa_visual_localization/outputs/warehouse_latent_predictions/20260825T162003Z/frames) by extension 'ignore_ament_install'
[0.280s] Level 1:colcon.colcon_core.package_identification:_identify(vjepa_visual_localization/outputs/warehouse_latent_predictions/20260825T162003Z/frames) by extensions ['colcon_pkg']
[0.280s] Level 1:colcon.colcon_core.package_identification:_identify(vjepa_visual_localization/outputs/warehouse_latent_predictions/20260825T162003Z/frames) by extension 'colcon_pkg'
[0.280s] Level 1:colcon.colcon_core.package_identification:_identify(vjepa_visual_localization/outputs/warehouse_latent_predictions/20260825T162003Z/frames) by extensions ['colcon_meta']
[0.280s] Level 1:colcon.colcon_core.package_identification:_identify(vjepa_visual_localization/outputs/warehouse_latent_predictions/20260825T162003Z/frames) by extension 'colcon_meta'
[0.280s] Level 1:colcon.colcon_core.package_identification:_identify(vjepa_visual_localization/outputs/warehouse_latent_predictions/20260825T162003Z/frames) by extensions ['ros']
[0.280s] Level 1:colcon.colcon_core.package_identification:_identify(vjepa_visual_localization/outputs/warehouse_latent_predictions/20260825T162003Z/frames) by extension 'ros'
[0.280s] Level 1:colcon.colcon_core.package_identification:_identify(vjepa_visual_localization/outputs/warehouse_latent_predictions/20260825T162003Z/frames) by extensions ['cmake', 'python']
[0.280s] Level 1:colcon.colcon_core.package_identification:_identify(vjepa_visual_localization/outputs/warehouse_latent_predictions/20260825T162003Z/frames) by extension 'cmake'
[0.280s] Level 1:colcon.colcon_core.package_identification:_identify(vjepa_visual_localization/outputs/warehouse_latent_predictions/20260825T162003Z/frames) by extension 'python'
[0.280s] Level 1:colcon.colcon_core.package_identification:_identify(vjepa_visual_localization/outputs/warehouse_latent_predictions/20260825T162003Z/frames) by extensions ['python_setup_py']
[0.280s] Level 1:colcon.colcon_core.package_identification:_identify(vjepa_visual_localization/outputs/warehouse_latent_predictions/20260825T162003Z/frames) by extension 'python_setup_py'
[0.281s] Level 1:colcon.colcon_core.package_identification:_identify(vjepa_visual_localization/outputs/warehouse_latent_predictions/20260825T162003Z/latents) by extensions ['ignore', 'ignore_ament_install']
[0.281s] Level 1:colcon.colcon_core.package_identification:_identify(vjepa_visual_localization/outputs/warehouse_latent_predictions/20260825T162003Z/latents) by extension 'ignore'
[0.281s] Level 1:colcon.colcon_core.package_identification:_identify(vjepa_visual_localization/outputs/warehouse_latent_predictions/20260825T162003Z/latents) by extension 'ignore_ament_install'
[0.281s] Level 1:colcon.colcon_core.package_identification:_identify(vjepa_visual_localization/outputs/warehouse_latent_predictions/20260825T162003Z/latents) by extensions ['colcon_pkg']
[0.281s] Level 1:colcon.colcon_core.package_identification:_identify(vjepa_visual_localization/outputs/warehouse_latent_predictions/20260825T162003Z/latents) by extension 'colcon_pkg'
[0.281s] Level 1:colcon.colcon_core.package_identification:_identify(vjepa_visual_localization/outputs/warehouse_latent_predictions/20260825T162003Z/latents) by extensions ['colcon_meta']
[0.281s] Level 1:colcon.colcon_core.package_identification:_identify(vjepa_visual_localization/outputs/warehouse_latent_predictions/20260825T162003Z/latents) by extension 'colcon_meta'
[0.281s] Level 1:colcon.colcon_core.package_identification:_identify(vjepa_visual_localization/outputs/warehouse_latent_predictions/20260825T162003Z/latents) by extensions ['ros']
[0.281s] Level 1:colcon.colcon_core.package_identification:_identify(vjepa_visual_localization/outputs/warehouse_latent_predictions/20260825T162003Z/latents) by extension 'ros'
[0.281s] Level 1:colcon.colcon_core.package_identification:_identify(vjepa_visual_localization/outputs/warehouse_latent_predictions/20260825T162003Z/latents) by extensions ['cmake', 'python']
[0.281s] Level 1:colcon.colcon_core.package_identification:_identify(vjepa_visual_localization/outputs/warehouse_latent_predictions/20260825T162003Z/latents) by extension 'cmake'
[0.281s] Level 1:colcon.colcon_core.package_identification:_identify(vjepa_visual_localization/outputs/warehouse_latent_predictions/20260825T162003Z/latents) by extension 'python'
[0.281s] Level 1:colcon.colcon_core.package_identification:_identify(vjepa_visual_localization/outputs/warehouse_latent_predictions/20260825T162003Z/latents) by extensions ['python_setup_py']
[0.281s] Level 1:colcon.colcon_core.package_identification:_identify(vjepa_visual_localization/outputs/warehouse_latent_predictions/20260825T162003Z/latents) by extension 'python_setup_py'
[0.281s] Level 1:colcon.colcon_core.package_identification:_identify(vjepa_visual_localization/outputs/warehouse_latent_predictions/20260825T162003Z/predictions) by extensions ['ignore', 'ignore_ament_install']
[0.281s] Level 1:colcon.colcon_core.package_identification:_identify(vjepa_visual_localization/outputs/warehouse_latent_predictions/20260825T162003Z/predictions) by extension 'ignore'
[0.281s] Level 1:colcon.colcon_core.package_identification:_identify(vjepa_visual_localization/outputs/warehouse_latent_predictions/20260825T162003Z/predictions) by extension 'ignore_ament_install'
[0.281s] Level 1:colcon.colcon_core.package_identification:_identify(vjepa_visual_localization/outputs/warehouse_latent_predictions/20260825T162003Z/predictions) by extensions ['colcon_pkg']
[0.281s] Level 1:colcon.colcon_core.package_identification:_identify(vjepa_visual_localization/outputs/warehouse_latent_predictions/20260825T162003Z/predictions) by extension 'colcon_pkg'
[0.281s] Level 1:colcon.colcon_core.package_identification:_identify(vjepa_visual_localization/outputs/warehouse_latent_predictions/20260825T162003Z/predictions) by extensions ['colcon_meta']
[0.281s] Level 1:colcon.colcon_core.package_identification:_identify(vjepa_visual_localization/outputs/warehouse_latent_predictions/20260825T162003Z/predictions) by extension 'colcon_meta'
[0.281s] Level 1:colcon.colcon_core.package_identification:_identify(vjepa_visual_localization/outputs/warehouse_latent_predictions/20260825T162003Z/predictions) by extensions ['ros']
[0.281s] Level 1:colcon.colcon_core.package_identification:_identify(vjepa_visual_localization/outputs/warehouse_latent_predictions/20260825T162003Z/predictions) by extension 'ros'
[0.281s] Level 1:colcon.colcon_core.package_identification:_identify(vjepa_visual_localization/outputs/warehouse_latent_predictions/20260825T162003Z/predictions) by extensions ['cmake', 'python']
[0.281s] Level 1:colcon.colcon_core.package_identification:_identify(vjepa_visual_localization/outputs/warehouse_latent_predictions/20260825T162003Z/predictions) by extension 'cmake'
[0.281s] Level 1:colcon.colcon_core.package_identification:_identify(vjepa_visual_localization/outputs/warehouse_latent_predictions/20260825T162003Z/predictions) by extension 'python'
[0.282s] Level 1:colcon.colcon_core.package_identification:_identify(vjepa_visual_localization/outputs/warehouse_latent_predictions/20260825T162003Z/predictions) by extensions ['python_setup_py']
[0.282s] Level 1:colcon.colcon_core.package_identification:_identify(vjepa_visual_localization/outputs/warehouse_latent_predictions/20260825T162003Z/predictions) by extension 'python_setup_py'
[0.282s] Level 1:colcon.colcon_core.package_identification:_identify(vjepa_visual_localization/outputs/warehouse_latent_predictions/20260825T162513Z) by extensions ['ignore', 'ignore_ament_install']
[0.282s] Level 1:colcon.colcon_core.package_identification:_identify(vjepa_visual_localization/outputs/warehouse_latent_predictions/20260825T162513Z) by extension 'ignore'
[0.282s] Level 1:colcon.colcon_core.package_identification:_identify(vjepa_visual_localization/outputs/warehouse_latent_predictions/20260825T162513Z) by extension 'ignore_ament_install'
[0.282s] Level 1:colcon.colcon_core.package_identification:_identify(vjepa_visual_localization/outputs/warehouse_latent_predictions/20260825T162513Z) by extensions ['colcon_pkg']
[0.282s] Level 1:colcon.colcon_core.package_identification:_identify(vjepa_visual_localization/outputs/warehouse_latent_predictions/20260825T162513Z) by extension 'colcon_pkg'
[0.282s] Level 1:colcon.colcon_core.package_identification:_identify(vjepa_visual_localization/outputs/warehouse_latent_predictions/20260825T162513Z) by extensions ['colcon_meta']
[0.282s] Level 1:colcon.colcon_core.package_identification:_identify(vjepa_visual_localization/outputs/warehouse_latent_predictions/20260825T162513Z) by extension 'colcon_meta'
[0.282s] Level 1:colcon.colcon_core.package_identification:_identify(vjepa_visual_localization/outputs/warehouse_latent_predictions/20260825T162513Z) by extensions ['ros']
[0.282s] Level 1:colcon.colcon_core.package_identification:_identify(vjepa_visual_localization/outputs/warehouse_latent_predictions/20260825T162513Z) by extension 'ros'
[0.282s] Level 1:colcon.colcon_core.package_identification:_identify(vjepa_visual_localization/outputs/warehouse_latent_predictions/20260825T162513Z) by extensions ['cmake', 'python']
[0.282s] Level 1:colcon.colcon_core.package_identification:_identify(vjepa_visual_localization/outputs/warehouse_latent_predictions/20260825T162513Z) by extension 'cmake'
[0.282s] Level 1:colcon.colcon_core.package_identification:_identify(vjepa_visual_localization/outputs/warehouse_latent_predictions/20260825T162513Z) by extension 'python'
[0.282s] Level 1:colcon.colcon_core.package_identification:_identify(vjepa_visual_localization/outputs/warehouse_latent_predictions/20260825T162513Z) by extensions ['python_setup_py']
[0.282s] Level 1:colcon.colcon_core.package_identification:_identify(vjepa_visual_localization/outputs/warehouse_latent_predictions/20260825T162513Z) by extension 'python_setup_py'
[0.282s] Level 1:colcon.colcon_core.package_identification:_identify(vjepa_visual_localization/outputs/warehouse_latent_predictions/20260825T162513Z/behavior_visualizations) by extensions ['ignore', 'ignore_ament_install']
[0.282s] Level 1:colcon.colcon_core.package_identification:_identify(vjepa_visual_localization/outputs/warehouse_latent_predictions/20260825T162513Z/behavior_visualizations) by extension 'ignore'
[0.282s] Level 1:colcon.colcon_core.package_identification:_identify(vjepa_visual_localization/outputs/warehouse_latent_predictions/20260825T162513Z/behavior_visualizations) by extension 'ignore_ament_install'
[0.282s] Level 1:colcon.colcon_core.package_identification:_identify(vjepa_visual_localization/outputs/warehouse_latent_predictions/20260825T162513Z/behavior_visualizations) by extensions ['colcon_pkg']
[0.282s] Level 1:colcon.colcon_core.package_identification:_identify(vjepa_visual_localization/outputs/warehouse_latent_predictions/20260825T162513Z/behavior_visualizations) by extension 'colcon_pkg'
[0.282s] Level 1:colcon.colcon_core.package_identification:_identify(vjepa_visual_localization/outputs/warehouse_latent_predictions/20260825T162513Z/behavior_visualizations) by extensions ['colcon_meta']
[0.282s] Level 1:colcon.colcon_core.package_identification:_identify(vjepa_visual_localization/outputs/warehouse_latent_predictions/20260825T162513Z/behavior_visualizations) by extension 'colcon_meta'
[0.282s] Level 1:colcon.colcon_core.package_identification:_identify(vjepa_visual_localization/outputs/warehouse_latent_predictions/20260825T162513Z/behavior_visualizations) by extensions ['ros']
[0.282s] Level 1:colcon.colcon_core.package_identification:_identify(vjepa_visual_localization/outputs/warehouse_latent_predictions/20260825T162513Z/behavior_visualizations) by extension 'ros'
[0.282s] Level 1:colcon.colcon_core.package_identification:_identify(vjepa_visual_localization/outputs/warehouse_latent_predictions/20260825T162513Z/behavior_visualizations) by extensions ['cmake', 'python']
[0.282s] Level 1:colcon.colcon_core.package_identification:_identify(vjepa_visual_localization/outputs/warehouse_latent_predictions/20260825T162513Z/behavior_visualizations) by extension 'cmake'
[0.282s] Level 1:colcon.colcon_core.package_identification:_identify(vjepa_visual_localization/outputs/warehouse_latent_predictions/20260825T162513Z/behavior_visualizations) by extension 'python'
[0.282s] Level 1:colcon.colcon_core.package_identification:_identify(vjepa_visual_localization/outputs/warehouse_latent_predictions/20260825T162513Z/behavior_visualizations) by extensions ['python_setup_py']
[0.282s] Level 1:colcon.colcon_core.package_identification:_identify(vjepa_visual_localization/outputs/warehouse_latent_predictions/20260825T162513Z/behavior_visualizations) by extension 'python_setup_py'
[0.282s] Level 1:colcon.colcon_core.package_identification:_identify(vjepa_visual_localization/outputs/warehouse_latent_predictions/20260825T162513Z/frames) by extensions ['ignore', 'ignore_ament_install']
[0.282s] Level 1:colcon.colcon_core.package_identification:_identify(vjepa_visual_localization/outputs/warehouse_latent_predictions/20260825T162513Z/frames) by extension 'ignore'
[0.283s] Level 1:colcon.colcon_core.package_identification:_identify(vjepa_visual_localization/outputs/warehouse_latent_predictions/20260825T162513Z/frames) by extension 'ignore_ament_install'
[0.283s] Level 1:colcon.colcon_core.package_identification:_identify(vjepa_visual_localization/outputs/warehouse_latent_predictions/20260825T162513Z/frames) by extensions ['colcon_pkg']
[0.283s] Level 1:colcon.colcon_core.package_identification:_identify(vjepa_visual_localization/outputs/warehouse_latent_predictions/20260825T162513Z/frames) by extension 'colcon_pkg'
[0.283s] Level 1:colcon.colcon_core.package_identification:_identify(vjepa_visual_localization/outputs/warehouse_latent_predictions/20260825T162513Z/frames) by extensions ['colcon_meta']
[0.283s] Level 1:colcon.colcon_core.package_identification:_identify(vjepa_visual_localization/outputs/warehouse_latent_predictions/20260825T162513Z/frames) by extension 'colcon_meta'
[0.283s] Level 1:colcon.colcon_core.package_identification:_identify(vjepa_visual_localization/outputs/warehouse_latent_predictions/20260825T162513Z/frames) by extensions ['ros']
[0.283s] Level 1:colcon.colcon_core.package_identification:_identify(vjepa_visual_localization/outputs/warehouse_latent_predictions/20260825T162513Z/frames) by extension 'ros'
[0.283s] Level 1:colcon.colcon_core.package_identification:_identify(vjepa_visual_localization/outputs/warehouse_latent_predictions/20260825T162513Z/frames) by extensions ['cmake', 'python']
[0.283s] Level 1:colcon.colcon_core.package_identification:_identify(vjepa_visual_localization/outputs/warehouse_latent_predictions/20260825T162513Z/frames) by extension 'cmake'
[0.283s] Level 1:colcon.colcon_core.package_identification:_identify(vjepa_visual_localization/outputs/warehouse_latent_predictions/20260825T162513Z/frames) by extension 'python'
[0.283s] Level 1:colcon.colcon_core.package_identification:_identify(vjepa_visual_localization/outputs/warehouse_latent_predictions/20260825T162513Z/frames) by extensions ['python_setup_py']
[0.283s] Level 1:colcon.colcon_core.package_identification:_identify(vjepa_visual_localization/outputs/warehouse_latent_predictions/20260825T162513Z/frames) by extension 'python_setup_py'
[0.283s] Level 1:colcon.colcon_core.package_identification:_identify(vjepa_visual_localization/outputs/warehouse_latent_predictions/20260825T162513Z/latents) by extensions ['ignore', 'ignore_ament_install']
[0.283s] Level 1:colcon.colcon_core.package_identification:_identify(vjepa_visual_localization/outputs/warehouse_latent_predictions/20260825T162513Z/latents) by extension 'ignore'
[0.283s] Level 1:colcon.colcon_core.package_identification:_identify(vjepa_visual_localization/outputs/warehouse_latent_predictions/20260825T162513Z/latents) by extension 'ignore_ament_install'
[0.283s] Level 1:colcon.colcon_core.package_identification:_identify(vjepa_visual_localization/outputs/warehouse_latent_predictions/20260825T162513Z/latents) by extensions ['colcon_pkg']
[0.283s] Level 1:colcon.colcon_core.package_identification:_identify(vjepa_visual_localization/outputs/warehouse_latent_predictions/20260825T162513Z/latents) by extension 'colcon_pkg'
[0.283s] Level 1:colcon.colcon_core.package_identification:_identify(vjepa_visual_localization/outputs/warehouse_latent_predictions/20260825T162513Z/latents) by extensions ['colcon_meta']
[0.283s] Level 1:colcon.colcon_core.package_identification:_identify(vjepa_visual_localization/outputs/warehouse_latent_predictions/20260825T162513Z/latents) by extension 'colcon_meta'
[0.283s] Level 1:colcon.colcon_core.package_identification:_identify(vjepa_visual_localization/outputs/warehouse_latent_predictions/20260825T162513Z/latents) by extensions ['ros']
[0.283s] Level 1:colcon.colcon_core.package_identification:_identify(vjepa_visual_localization/outputs/warehouse_latent_predictions/20260825T162513Z/latents) by extension 'ros'
[0.283s] Level 1:colcon.colcon_core.package_identification:_identify(vjepa_visual_localization/outputs/warehouse_latent_predictions/20260825T162513Z/latents) by extensions ['cmake', 'python']
[0.283s] Level 1:colcon.colcon_core.package_identification:_identify(vjepa_visual_localization/outputs/warehouse_latent_predictions/20260825T162513Z/latents) by extension 'cmake'
[0.283s] Level 1:colcon.colcon_core.package_identification:_identify(vjepa_visual_localization/outputs/warehouse_latent_predictions/20260825T162513Z/latents) by extension 'python'
[0.283s] Level 1:colcon.colcon_core.package_identification:_identify(vjepa_visual_localization/outputs/warehouse_latent_predictions/20260825T162513Z/latents) by extensions ['python_setup_py']
[0.283s] Level 1:colcon.colcon_core.package_identification:_identify(vjepa_visual_localization/outputs/warehouse_latent_predictions/20260825T162513Z/latents) by extension 'python_setup_py'
[0.284s] Level 1:colcon.colcon_core.package_identification:_identify(vjepa_visual_localization/outputs/warehouse_latent_predictions/20260825T162513Z/predictions) by extensions ['ignore', 'ignore_ament_install']
[0.284s] Level 1:colcon.colcon_core.package_identification:_identify(vjepa_visual_localization/outputs/warehouse_latent_predictions/20260825T162513Z/predictions) by extension 'ignore'
[0.284s] Level 1:colcon.colcon_core.package_identification:_identify(vjepa_visual_localization/outputs/warehouse_latent_predictions/20260825T162513Z/predictions) by extension 'ignore_ament_install'
[0.284s] Level 1:colcon.colcon_core.package_identification:_identify(vjepa_visual_localization/outputs/warehouse_latent_predictions/20260825T162513Z/predictions) by extensions ['colcon_pkg']
[0.284s] Level 1:colcon.colcon_core.package_identification:_identify(vjepa_visual_localization/outputs/warehouse_latent_predictions/20260825T162513Z/predictions) by extension 'colcon_pkg'
[0.284s] Level 1:colcon.colcon_core.package_identification:_identify(vjepa_visual_localization/outputs/warehouse_latent_predictions/20260825T162513Z/predictions) by extensions ['colcon_meta']
[0.284s] Level 1:colcon.colcon_core.package_identification:_identify(vjepa_visual_localization/outputs/warehouse_latent_predictions/20260825T162513Z/predictions) by extension 'colcon_meta'
[0.284s] Level 1:colcon.colcon_core.package_identification:_identify(vjepa_visual_localization/outputs/warehouse_latent_predictions/20260825T162513Z/predictions) by extensions ['ros']
[0.284s] Level 1:colcon.colcon_core.package_identification:_identify(vjepa_visual_localization/outputs/warehouse_latent_predictions/20260825T162513Z/predictions) by extension 'ros'
[0.284s] Level 1:colcon.colcon_core.package_identification:_identify(vjepa_visual_localization/outputs/warehouse_latent_predictions/20260825T162513Z/predictions) by extensions ['cmake', 'python']
[0.284s] Level 1:colcon.colcon_core.package_identification:_identify(vjepa_visual_localization/outputs/warehouse_latent_predictions/20260825T162513Z/predictions) by extension 'cmake'
[0.284s] Level 1:colcon.colcon_core.package_identification:_identify(vjepa_visual_localization/outputs/warehouse_latent_predictions/20260825T162513Z/predictions) by extension 'python'
[0.284s] Level 1:colcon.colcon_core.package_identification:_identify(vjepa_visual_localization/outputs/warehouse_latent_predictions/20260825T162513Z/predictions) by extensions ['python_setup_py']
[0.284s] Level 1:colcon.colcon_core.package_identification:_identify(vjepa_visual_localization/outputs/warehouse_latent_predictions/20260825T162513Z/predictions) by extension 'python_setup_py'
[0.284s] Level 1:colcon.colcon_core.package_identification:_identify(vjepa_visual_localization/outputs/warehouse_latent_predictions/20260825T163022Z) by extensions ['ignore', 'ignore_ament_install']
[0.284s] Level 1:colcon.colcon_core.package_identification:_identify(vjepa_visual_localization/outputs/warehouse_latent_predictions/20260825T163022Z) by extension 'ignore'
[0.284s] Level 1:colcon.colcon_core.package_identification:_identify(vjepa_visual_localization/outputs/warehouse_latent_predictions/20260825T163022Z) by extension 'ignore_ament_install'
[0.284s] Level 1:colcon.colcon_core.package_identification:_identify(vjepa_visual_localization/outputs/warehouse_latent_predictions/20260825T163022Z) by extensions ['colcon_pkg']
[0.284s] Level 1:colcon.colcon_core.package_identification:_identify(vjepa_visual_localization/outputs/warehouse_latent_predictions/20260825T163022Z) by extension 'colcon_pkg'
[0.284s] Level 1:colcon.colcon_core.package_identification:_identify(vjepa_visual_localization/outputs/warehouse_latent_predictions/20260825T163022Z) by extensions ['colcon_meta']
[0.284s] Level 1:colcon.colcon_core.package_identification:_identify(vjepa_visual_localization/outputs/warehouse_latent_predictions/20260825T163022Z) by extension 'colcon_meta'
[0.284s] Level 1:colcon.colcon_core.package_identification:_identify(vjepa_visual_localization/outputs/warehouse_latent_predictions/20260825T163022Z) by extensions ['ros']
[0.284s] Level 1:colcon.colcon_core.package_identification:_identify(vjepa_visual_localization/outputs/warehouse_latent_predictions/20260825T163022Z) by extension 'ros'
[0.284s] Level 1:colcon.colcon_core.package_identification:_identify(vjepa_visual_localization/outputs/warehouse_latent_predictions/20260825T163022Z) by extensions ['cmake', 'python']
[0.284s] Level 1:colcon.colcon_core.package_identification:_identify(vjepa_visual_localization/outputs/warehouse_latent_predictions/20260825T163022Z) by extension 'cmake'
[0.284s] Level 1:colcon.colcon_core.package_identification:_identify(vjepa_visual_localization/outputs/warehouse_latent_predictions/20260825T163022Z) by extension 'python'
[0.284s] Level 1:colcon.colcon_core.package_identification:_identify(vjepa_visual_localization/outputs/warehouse_latent_predictions/20260825T163022Z) by extensions ['python_setup_py']
[0.284s] Level 1:colcon.colcon_core.package_identification:_identify(vjepa_visual_localization/outputs/warehouse_latent_predictions/20260825T163022Z) by extension 'python_setup_py'
[0.285s] Level 1:colcon.colcon_core.package_identification:_identify(vjepa_visual_localization/outputs/warehouse_latent_predictions/20260825T163022Z/behavior_visualizations) by extensions ['ignore', 'ignore_ament_install']
[0.285s] Level 1:colcon.colcon_core.package_identification:_identify(vjepa_visual_localization/outputs/warehouse_latent_predictions/20260825T163022Z/behavior_visualizations) by extension 'ignore'
[0.285s] Level 1:colcon.colcon_core.package_identification:_identify(vjepa_visual_localization/outputs/warehouse_latent_predictions/20260825T163022Z/behavior_visualizations) by extension 'ignore_ament_install'
[0.285s] Level 1:colcon.colcon_core.package_identification:_identify(vjepa_visual_localization/outputs/warehouse_latent_predictions/20260825T163022Z/behavior_visualizations) by extensions ['colcon_pkg']
[0.285s] Level 1:colcon.colcon_core.package_identification:_identify(vjepa_visual_localization/outputs/warehouse_latent_predictions/20260825T163022Z/behavior_visualizations) by extension 'colcon_pkg'
[0.285s] Level 1:colcon.colcon_core.package_identification:_identify(vjepa_visual_localization/outputs/warehouse_latent_predictions/20260825T163022Z/behavior_visualizations) by extensions ['colcon_meta']
[0.285s] Level 1:colcon.colcon_core.package_identification:_identify(vjepa_visual_localization/outputs/warehouse_latent_predictions/20260825T163022Z/behavior_visualizations) by extension 'colcon_meta'
[0.285s] Level 1:colcon.colcon_core.package_identification:_identify(vjepa_visual_localization/outputs/warehouse_latent_predictions/20260825T163022Z/behavior_visualizations) by extensions ['ros']
[0.285s] Level 1:colcon.colcon_core.package_identification:_identify(vjepa_visual_localization/outputs/warehouse_latent_predictions/20260825T163022Z/behavior_visualizations) by extension 'ros'
[0.285s] Level 1:colcon.colcon_core.package_identification:_identify(vjepa_visual_localization/outputs/warehouse_latent_predictions/20260825T163022Z/behavior_visualizations) by extensions ['cmake', 'python']
[0.285s] Level 1:colcon.colcon_core.package_identification:_identify(vjepa_visual_localization/outputs/warehouse_latent_predictions/20260825T163022Z/behavior_visualizations) by extension 'cmake'
[0.285s] Level 1:colcon.colcon_core.package_identification:_identify(vjepa_visual_localization/outputs/warehouse_latent_predictions/20260825T163022Z/behavior_visualizations) by extension 'python'
[0.285s] Level 1:colcon.colcon_core.package_identification:_identify(vjepa_visual_localization/outputs/warehouse_latent_predictions/20260825T163022Z/behavior_visualizations) by extensions ['python_setup_py']
[0.285s] Level 1:colcon.colcon_core.package_identification:_identify(vjepa_visual_localization/outputs/warehouse_latent_predictions/20260825T163022Z/behavior_visualizations) by extension 'python_setup_py'
[0.285s] Level 1:colcon.colcon_core.package_identification:_identify(vjepa_visual_localization/outputs/warehouse_latent_predictions/20260825T163022Z/frames) by extensions ['ignore', 'ignore_ament_install']
[0.285s] Level 1:colcon.colcon_core.package_identification:_identify(vjepa_visual_localization/outputs/warehouse_latent_predictions/20260825T163022Z/frames) by extension 'ignore'
[0.285s] Level 1:colcon.colcon_core.package_identification:_identify(vjepa_visual_localization/outputs/warehouse_latent_predictions/20260825T163022Z/frames) by extension 'ignore_ament_install'
[0.285s] Level 1:colcon.colcon_core.package_identification:_identify(vjepa_visual_localization/outputs/warehouse_latent_predictions/20260825T163022Z/frames) by extensions ['colcon_pkg']
[0.285s] Level 1:colcon.colcon_core.package_identification:_identify(vjepa_visual_localization/outputs/warehouse_latent_predictions/20260825T163022Z/frames) by extension 'colcon_pkg'
[0.285s] Level 1:colcon.colcon_core.package_identification:_identify(vjepa_visual_localization/outputs/warehouse_latent_predictions/20260825T163022Z/frames) by extensions ['colcon_meta']
[0.285s] Level 1:colcon.colcon_core.package_identification:_identify(vjepa_visual_localization/outputs/warehouse_latent_predictions/20260825T163022Z/frames) by extension 'colcon_meta'
[0.285s] Level 1:colcon.colcon_core.package_identification:_identify(vjepa_visual_localization/outputs/warehouse_latent_predictions/20260825T163022Z/frames) by extensions ['ros']
[0.285s] Level 1:colcon.colcon_core.package_identification:_identify(vjepa_visual_localization/outputs/warehouse_latent_predictions/20260825T163022Z/frames) by extension 'ros'
[0.285s] Level 1:colcon.colcon_core.package_identification:_identify(vjepa_visual_localization/outputs/warehouse_latent_predictions/20260825T163022Z/frames) by extensions ['cmake', 'python']
[0.285s] Level 1:colcon.colcon_core.package_identification:_identify(vjepa_visual_localization/outputs/warehouse_latent_predictions/20260825T163022Z/frames) by extension 'cmake'
[0.285s] Level 1:colcon.colcon_core.package_identification:_identify(vjepa_visual_localization/outputs/warehouse_latent_predictions/20260825T163022Z/frames) by extension 'python'
[0.285s] Level 1:colcon.colcon_core.package_identification:_identify(vjepa_visual_localization/outputs/warehouse_latent_predictions/20260825T163022Z/frames) by extensions ['python_setup_py']
[0.285s] Level 1:colcon.colcon_core.package_identification:_identify(vjepa_visual_localization/outputs/warehouse_latent_predictions/20260825T163022Z/frames) by extension 'python_setup_py'
[0.286s] Level 1:colcon.colcon_core.package_identification:_identify(vjepa_visual_localization/outputs/warehouse_latent_predictions/20260825T163022Z/latents) by extensions ['ignore', 'ignore_ament_install']
[0.286s] Level 1:colcon.colcon_core.package_identification:_identify(vjepa_visual_localization/outputs/warehouse_latent_predictions/20260825T163022Z/latents) by extension 'ignore'
[0.286s] Level 1:colcon.colcon_core.package_identification:_identify(vjepa_visual_localization/outputs/warehouse_latent_predictions/20260825T163022Z/latents) by extension 'ignore_ament_install'
[0.286s] Level 1:colcon.colcon_core.package_identification:_identify(vjepa_visual_localization/outputs/warehouse_latent_predictions/20260825T163022Z/latents) by extensions ['colcon_pkg']
[0.286s] Level 1:colcon.colcon_core.package_identification:_identify(vjepa_visual_localization/outputs/warehouse_latent_predictions/20260825T163022Z/latents) by extension 'colcon_pkg'
[0.286s] Level 1:colcon.colcon_core.package_identification:_identify(vjepa_visual_localization/outputs/warehouse_latent_predictions/20260825T163022Z/latents) by extensions ['colcon_meta']
[0.286s] Level 1:colcon.colcon_core.package_identification:_identify(vjepa_visual_localization/outputs/warehouse_latent_predictions/20260825T163022Z/latents) by extension 'colcon_meta'
[0.286s] Level 1:colcon.colcon_core.package_identification:_identify(vjepa_visual_localization/outputs/warehouse_latent_predictions/20260825T163022Z/latents) by extensions ['ros']
[0.286s] Level 1:colcon.colcon_core.package_identification:_identify(vjepa_visual_localization/outputs/warehouse_latent_predictions/20260825T163022Z/latents) by extension 'ros'
[0.286s] Level 1:colcon.colcon_core.package_identification:_identify(vjepa_visual_localization/outputs/warehouse_latent_predictions/20260825T163022Z/latents) by extensions ['cmake', 'python']
[0.286s] Level 1:colcon.colcon_core.package_identification:_identify(vjepa_visual_localization/outputs/warehouse_latent_predictions/20260825T163022Z/latents) by extension 'cmake'
[0.286s] Level 1:colcon.colcon_core.package_identification:_identify(vjepa_visual_localization/outputs/warehouse_latent_predictions/20260825T163022Z/latents) by extension 'python'
[0.286s] Level 1:colcon.colcon_core.package_identification:_identify(vjepa_visual_localization/outputs/warehouse_latent_predictions/20260825T163022Z/latents) by extensions ['python_setup_py']
[0.286s] Level 1:colcon.colcon_core.package_identification:_identify(vjepa_visual_localization/outputs/warehouse_latent_predictions/20260825T163022Z/latents) by extension 'python_setup_py'
[0.287s] Level 1:colcon.colcon_core.package_identification:_identify(vjepa_visual_localization/outputs/warehouse_latent_predictions/20260825T163022Z/predictions) by extensions ['ignore', 'ignore_ament_install']
[0.287s] Level 1:colcon.colcon_core.package_identification:_identify(vjepa_visual_localization/outputs/warehouse_latent_predictions/20260825T163022Z/predictions) by extension 'ignore'
[0.287s] Level 1:colcon.colcon_core.package_identification:_identify(vjepa_visual_localization/outputs/warehouse_latent_predictions/20260825T163022Z/predictions) by extension 'ignore_ament_install'
[0.287s] Level 1:colcon.colcon_core.package_identification:_identify(vjepa_visual_localization/outputs/warehouse_latent_predictions/20260825T163022Z/predictions) by extensions ['colcon_pkg']
[0.287s] Level 1:colcon.colcon_core.package_identification:_identify(vjepa_visual_localization/outputs/warehouse_latent_predictions/20260825T163022Z/predictions) by extension 'colcon_pkg'
[0.287s] Level 1:colcon.colcon_core.package_identification:_identify(vjepa_visual_localization/outputs/warehouse_latent_predictions/20260825T163022Z/predictions) by extensions ['colcon_meta']
[0.287s] Level 1:colcon.colcon_core.package_identification:_identify(vjepa_visual_localization/outputs/warehouse_latent_predictions/20260825T163022Z/predictions) by extension 'colcon_meta'
[0.287s] Level 1:colcon.colcon_core.package_identification:_identify(vjepa_visual_localization/outputs/warehouse_latent_predictions/20260825T163022Z/predictions) by extensions ['ros']
[0.287s] Level 1:colcon.colcon_core.package_identification:_identify(vjepa_visual_localization/outputs/warehouse_latent_predictions/20260825T163022Z/predictions) by extension 'ros'
[0.287s] Level 1:colcon.colcon_core.package_identification:_identify(vjepa_visual_localization/outputs/warehouse_latent_predictions/20260825T163022Z/predictions) by extensions ['cmake', 'python']
[0.287s] Level 1:colcon.colcon_core.package_identification:_identify(vjepa_visual_localization/outputs/warehouse_latent_predictions/20260825T163022Z/predictions) by extension 'cmake'
[0.287s] Level 1:colcon.colcon_core.package_identification:_identify(vjepa_visual_localization/outputs/warehouse_latent_predictions/20260825T163022Z/predictions) by extension 'python'
[0.287s] Level 1:colcon.colcon_core.package_identification:_identify(vjepa_visual_localization/outputs/warehouse_latent_predictions/20260825T163022Z/predictions) by extensions ['python_setup_py']
[0.287s] Level 1:colcon.colcon_core.package_identification:_identify(vjepa_visual_localization/outputs/warehouse_latent_predictions/20260825T163022Z/predictions) by extension 'python_setup_py'
[0.287s] Level 1:colcon.colcon_core.package_identification:_identify(vjepa_visual_localization/outputs/warehouse_latent_predictions/20260825T163709Z) by extensions ['ignore', 'ignore_ament_install']
[0.287s] Level 1:colcon.colcon_core.package_identification:_identify(vjepa_visual_localization/outputs/warehouse_latent_predictions/20260825T163709Z) by extension 'ignore'
[0.287s] Level 1:colcon.colcon_core.package_identification:_identify(vjepa_visual_localization/outputs/warehouse_latent_predictions/20260825T163709Z) by extension 'ignore_ament_install'
[0.287s] Level 1:colcon.colcon_core.package_identification:_identify(vjepa_visual_localization/outputs/warehouse_latent_predictions/20260825T163709Z) by extensions ['colcon_pkg']
[0.287s] Level 1:colcon.colcon_core.package_identification:_identify(vjepa_visual_localization/outputs/warehouse_latent_predictions/20260825T163709Z) by extension 'colcon_pkg'
[0.287s] Level 1:colcon.colcon_core.package_identification:_identify(vjepa_visual_localization/outputs/warehouse_latent_predictions/20260825T163709Z) by extensions ['colcon_meta']
[0.287s] Level 1:colcon.colcon_core.package_identification:_identify(vjepa_visual_localization/outputs/warehouse_latent_predictions/20260825T163709Z) by extension 'colcon_meta'
[0.287s] Level 1:colcon.colcon_core.package_identification:_identify(vjepa_visual_localization/outputs/warehouse_latent_predictions/20260825T163709Z) by extensions ['ros']
[0.287s] Level 1:colcon.colcon_core.package_identification:_identify(vjepa_visual_localization/outputs/warehouse_latent_predictions/20260825T163709Z) by extension 'ros'
[0.287s] Level 1:colcon.colcon_core.package_identification:_identify(vjepa_visual_localization/outputs/warehouse_latent_predictions/20260825T163709Z) by extensions ['cmake', 'python']
[0.287s] Level 1:colcon.colcon_core.package_identification:_identify(vjepa_visual_localization/outputs/warehouse_latent_predictions/20260825T163709Z) by extension 'cmake'
[0.287s] Level 1:colcon.colcon_core.package_identification:_identify(vjepa_visual_localization/outputs/warehouse_latent_predictions/20260825T163709Z) by extension 'python'
[0.287s] Level 1:colcon.colcon_core.package_identification:_identify(vjepa_visual_localization/outputs/warehouse_latent_predictions/20260825T163709Z) by extensions ['python_setup_py']
[0.287s] Level 1:colcon.colcon_core.package_identification:_identify(vjepa_visual_localization/outputs/warehouse_latent_predictions/20260825T163709Z) by extension 'python_setup_py'
[0.288s] Level 1:colcon.colcon_core.package_identification:_identify(vjepa_visual_localization/outputs/warehouse_latent_predictions/20260825T163709Z/behavior_visualizations) by extensions ['ignore', 'ignore_ament_install']
[0.288s] Level 1:colcon.colcon_core.package_identification:_identify(vjepa_visual_localization/outputs/warehouse_latent_predictions/20260825T163709Z/behavior_visualizations) by extension 'ignore'
[0.288s] Level 1:colcon.colcon_core.package_identification:_identify(vjepa_visual_localization/outputs/warehouse_latent_predictions/20260825T163709Z/behavior_visualizations) by extension 'ignore_ament_install'
[0.288s] Level 1:colcon.colcon_core.package_identification:_identify(vjepa_visual_localization/outputs/warehouse_latent_predictions/20260825T163709Z/behavior_visualizations) by extensions ['colcon_pkg']
[0.288s] Level 1:colcon.colcon_core.package_identification:_identify(vjepa_visual_localization/outputs/warehouse_latent_predictions/20260825T163709Z/behavior_visualizations) by extension 'colcon_pkg'
[0.288s] Level 1:colcon.colcon_core.package_identification:_identify(vjepa_visual_localization/outputs/warehouse_latent_predictions/20260825T163709Z/behavior_visualizations) by extensions ['colcon_meta']
[0.288s] Level 1:colcon.colcon_core.package_identification:_identify(vjepa_visual_localization/outputs/warehouse_latent_predictions/20260825T163709Z/behavior_visualizations) by extension 'colcon_meta'
[0.288s] Level 1:colcon.colcon_core.package_identification:_identify(vjepa_visual_localization/outputs/warehouse_latent_predictions/20260825T163709Z/behavior_visualizations) by extensions ['ros']
[0.288s] Level 1:colcon.colcon_core.package_identification:_identify(vjepa_visual_localization/outputs/warehouse_latent_predictions/20260825T163709Z/behavior_visualizations) by extension 'ros'
[0.288s] Level 1:colcon.colcon_core.package_identification:_identify(vjepa_visual_localization/outputs/warehouse_latent_predictions/20260825T163709Z/behavior_visualizations) by extensions ['cmake', 'python']
[0.288s] Level 1:colcon.colcon_core.package_identification:_identify(vjepa_visual_localization/outputs/warehouse_latent_predictions/20260825T163709Z/behavior_visualizations) by extension 'cmake'
[0.288s] Level 1:colcon.colcon_core.package_identification:_identify(vjepa_visual_localization/outputs/warehouse_latent_predictions/20260825T163709Z/behavior_visualizations) by extension 'python'
[0.288s] Level 1:colcon.colcon_core.package_identification:_identify(vjepa_visual_localization/outputs/warehouse_latent_predictions/20260825T163709Z/behavior_visualizations) by extensions ['python_setup_py']
[0.288s] Level 1:colcon.colcon_core.package_identification:_identify(vjepa_visual_localization/outputs/warehouse_latent_predictions/20260825T163709Z/behavior_visualizations) by extension 'python_setup_py'
[0.288s] Level 1:colcon.colcon_core.package_identification:_identify(vjepa_visual_localization/outputs/warehouse_latent_predictions/20260825T163709Z/frames) by extensions ['ignore', 'ignore_ament_install']
[0.288s] Level 1:colcon.colcon_core.package_identification:_identify(vjepa_visual_localization/outputs/warehouse_latent_predictions/20260825T163709Z/frames) by extension 'ignore'
[0.288s] Level 1:colcon.colcon_core.package_identification:_identify(vjepa_visual_localization/outputs/warehouse_latent_predictions/20260825T163709Z/frames) by extension 'ignore_ament_install'
[0.288s] Level 1:colcon.colcon_core.package_identification:_identify(vjepa_visual_localization/outputs/warehouse_latent_predictions/20260825T163709Z/frames) by extensions ['colcon_pkg']
[0.288s] Level 1:colcon.colcon_core.package_identification:_identify(vjepa_visual_localization/outputs/warehouse_latent_predictions/20260825T163709Z/frames) by extension 'colcon_pkg'
[0.288s] Level 1:colcon.colcon_core.package_identification:_identify(vjepa_visual_localization/outputs/warehouse_latent_predictions/20260825T163709Z/frames) by extensions ['colcon_meta']
[0.288s] Level 1:colcon.colcon_core.package_identification:_identify(vjepa_visual_localization/outputs/warehouse_latent_predictions/20260825T163709Z/frames) by extension 'colcon_meta'
[0.288s] Level 1:colcon.colcon_core.package_identification:_identify(vjepa_visual_localization/outputs/warehouse_latent_predictions/20260825T163709Z/frames) by extensions ['ros']
[0.288s] Level 1:colcon.colcon_core.package_identification:_identify(vjepa_visual_localization/outputs/warehouse_latent_predictions/20260825T163709Z/frames) by extension 'ros'
[0.288s] Level 1:colcon.colcon_core.package_identification:_identify(vjepa_visual_localization/outputs/warehouse_latent_predictions/20260825T163709Z/frames) by extensions ['cmake', 'python']
[0.288s] Level 1:colcon.colcon_core.package_identification:_identify(vjepa_visual_localization/outputs/warehouse_latent_predictions/20260825T163709Z/frames) by extension 'cmake'
[0.288s] Level 1:colcon.colcon_core.package_identification:_identify(vjepa_visual_localization/outputs/warehouse_latent_predictions/20260825T163709Z/frames) by extension 'python'
[0.289s] Level 1:colcon.colcon_core.package_identification:_identify(vjepa_visual_localization/outputs/warehouse_latent_predictions/20260825T163709Z/frames) by extensions ['python_setup_py']
[0.289s] Level 1:colcon.colcon_core.package_identification:_identify(vjepa_visual_localization/outputs/warehouse_latent_predictions/20260825T163709Z/frames) by extension 'python_setup_py'
[0.289s] Level 1:colcon.colcon_core.package_identification:_identify(vjepa_visual_localization/outputs/warehouse_latent_predictions/20260825T163709Z/latents) by extensions ['ignore', 'ignore_ament_install']
[0.289s] Level 1:colcon.colcon_core.package_identification:_identify(vjepa_visual_localization/outputs/warehouse_latent_predictions/20260825T163709Z/latents) by extension 'ignore'
[0.289s] Level 1:colcon.colcon_core.package_identification:_identify(vjepa_visual_localization/outputs/warehouse_latent_predictions/20260825T163709Z/latents) by extension 'ignore_ament_install'
[0.289s] Level 1:colcon.colcon_core.package_identification:_identify(vjepa_visual_localization/outputs/warehouse_latent_predictions/20260825T163709Z/latents) by extensions ['colcon_pkg']
[0.289s] Level 1:colcon.colcon_core.package_identification:_identify(vjepa_visual_localization/outputs/warehouse_latent_predictions/20260825T163709Z/latents) by extension 'colcon_pkg'
[0.289s] Level 1:colcon.colcon_core.package_identification:_identify(vjepa_visual_localization/outputs/warehouse_latent_predictions/20260825T163709Z/latents) by extensions ['colcon_meta']
[0.289s] Level 1:colcon.colcon_core.package_identification:_identify(vjepa_visual_localization/outputs/warehouse_latent_predictions/20260825T163709Z/latents) by extension 'colcon_meta'
[0.289s] Level 1:colcon.colcon_core.package_identification:_identify(vjepa_visual_localization/outputs/warehouse_latent_predictions/20260825T163709Z/latents) by extensions ['ros']
[0.289s] Level 1:colcon.colcon_core.package_identification:_identify(vjepa_visual_localization/outputs/warehouse_latent_predictions/20260825T163709Z/latents) by extension 'ros'
[0.289s] Level 1:colcon.colcon_core.package_identification:_identify(vjepa_visual_localization/outputs/warehouse_latent_predictions/20260825T163709Z/latents) by extensions ['cmake', 'python']
[0.289s] Level 1:colcon.colcon_core.package_identification:_identify(vjepa_visual_localization/outputs/warehouse_latent_predictions/20260825T163709Z/latents) by extension 'cmake'
[0.289s] Level 1:colcon.colcon_core.package_identification:_identify(vjepa_visual_localization/outputs/warehouse_latent_predictions/20260825T163709Z/latents) by extension 'python'
[0.289s] Level 1:colcon.colcon_core.package_identification:_identify(vjepa_visual_localization/outputs/warehouse_latent_predictions/20260825T163709Z/latents) by extensions ['python_setup_py']
[0.289s] Level 1:colcon.colcon_core.package_identification:_identify(vjepa_visual_localization/outputs/warehouse_latent_predictions/20260825T163709Z/latents) by extension 'python_setup_py'
[0.290s] Level 1:colcon.colcon_core.package_identification:_identify(vjepa_visual_localization/outputs/warehouse_latent_predictions/20260825T163709Z/predictions) by extensions ['ignore', 'ignore_ament_install']
[0.290s] Level 1:colcon.colcon_core.package_identification:_identify(vjepa_visual_localization/outputs/warehouse_latent_predictions/20260825T163709Z/predictions) by extension 'ignore'
[0.290s] Level 1:colcon.colcon_core.package_identification:_identify(vjepa_visual_localization/outputs/warehouse_latent_predictions/20260825T163709Z/predictions) by extension 'ignore_ament_install'
[0.290s] Level 1:colcon.colcon_core.package_identification:_identify(vjepa_visual_localization/outputs/warehouse_latent_predictions/20260825T163709Z/predictions) by extensions ['colcon_pkg']
[0.290s] Level 1:colcon.colcon_core.package_identification:_identify(vjepa_visual_localization/outputs/warehouse_latent_predictions/20260825T163709Z/predictions) by extension 'colcon_pkg'
[0.290s] Level 1:colcon.colcon_core.package_identification:_identify(vjepa_visual_localization/outputs/warehouse_latent_predictions/20260825T163709Z/predictions) by extensions ['colcon_meta']
[0.290s] Level 1:colcon.colcon_core.package_identification:_identify(vjepa_visual_localization/outputs/warehouse_latent_predictions/20260825T163709Z/predictions) by extension 'colcon_meta'
[0.290s] Level 1:colcon.colcon_core.package_identification:_identify(vjepa_visual_localization/outputs/warehouse_latent_predictions/20260825T163709Z/predictions) by extensions ['ros']
[0.290s] Level 1:colcon.colcon_core.package_identification:_identify(vjepa_visual_localization/outputs/warehouse_latent_predictions/20260825T163709Z/predictions) by extension 'ros'
[0.290s] Level 1:colcon.colcon_core.package_identification:_identify(vjepa_visual_localization/outputs/warehouse_latent_predictions/20260825T163709Z/predictions) by extensions ['cmake', 'python']
[0.290s] Level 1:colcon.colcon_core.package_identification:_identify(vjepa_visual_localization/outputs/warehouse_latent_predictions/20260825T163709Z/predictions) by extension 'cmake'
[0.290s] Level 1:colcon.colcon_core.package_identification:_identify(vjepa_visual_localization/outputs/warehouse_latent_predictions/20260825T163709Z/predictions) by extension 'python'
[0.290s] Level 1:colcon.colcon_core.package_identification:_identify(vjepa_visual_localization/outputs/warehouse_latent_predictions/20260825T163709Z/predictions) by extensions ['python_setup_py']
[0.290s] Level 1:colcon.colcon_core.package_identification:_identify(vjepa_visual_localization/outputs/warehouse_latent_predictions/20260825T163709Z/predictions) by extension 'python_setup_py'
[0.291s] Level 1:colcon.colcon_core.package_identification:_identify(vjepa_visual_localization/scripts) by extensions ['ignore', 'ignore_ament_install']
[0.291s] Level 1:colcon.colcon_core.package_identification:_identify(vjepa_visual_localization/scripts) by extension 'ignore'
[0.291s] Level 1:colcon.colcon_core.package_identification:_identify(vjepa_visual_localization/scripts) by extension 'ignore_ament_install'
[0.291s] Level 1:colcon.colcon_core.package_identification:_identify(vjepa_visual_localization/scripts) by extensions ['colcon_pkg']
[0.291s] Level 1:colcon.colcon_core.package_identification:_identify(vjepa_visual_localization/scripts) by extension 'colcon_pkg'
[0.291s] Level 1:colcon.colcon_core.package_identification:_identify(vjepa_visual_localization/scripts) by extensions ['colcon_meta']
[0.291s] Level 1:colcon.colcon_core.package_identification:_identify(vjepa_visual_localization/scripts) by extension 'colcon_meta'
[0.291s] Level 1:colcon.colcon_core.package_identification:_identify(vjepa_visual_localization/scripts) by extensions ['ros']
[0.291s] Level 1:colcon.colcon_core.package_identification:_identify(vjepa_visual_localization/scripts) by extension 'ros'
[0.291s] Level 1:colcon.colcon_core.package_identification:_identify(vjepa_visual_localization/scripts) by extensions ['cmake', 'python']
[0.291s] Level 1:colcon.colcon_core.package_identification:_identify(vjepa_visual_localization/scripts) by extension 'cmake'
[0.291s] Level 1:colcon.colcon_core.package_identification:_identify(vjepa_visual_localization/scripts) by extension 'python'
[0.291s] Level 1:colcon.colcon_core.package_identification:_identify(vjepa_visual_localization/scripts) by extensions ['python_setup_py']
[0.291s] Level 1:colcon.colcon_core.package_identification:_identify(vjepa_visual_localization/scripts) by extension 'python_setup_py'
[0.291s] Level 1:colcon.colcon_core.package_identification:_identify(vjepa_visual_localization/scripts/__pycache__) by extensions ['ignore', 'ignore_ament_install']
[0.291s] Level 1:colcon.colcon_core.package_identification:_identify(vjepa_visual_localization/scripts/__pycache__) by extension 'ignore'
[0.291s] Level 1:colcon.colcon_core.package_identification:_identify(vjepa_visual_localization/scripts/__pycache__) by extension 'ignore_ament_install'
[0.291s] Level 1:colcon.colcon_core.package_identification:_identify(vjepa_visual_localization/scripts/__pycache__) by extensions ['colcon_pkg']
[0.291s] Level 1:colcon.colcon_core.package_identification:_identify(vjepa_visual_localization/scripts/__pycache__) by extension 'colcon_pkg'
[0.291s] Level 1:colcon.colcon_core.package_identification:_identify(vjepa_visual_localization/scripts/__pycache__) by extensions ['colcon_meta']
[0.291s] Level 1:colcon.colcon_core.package_identification:_identify(vjepa_visual_localization/scripts/__pycache__) by extension 'colcon_meta'
[0.291s] Level 1:colcon.colcon_core.package_identification:_identify(vjepa_visual_localization/scripts/__pycache__) by extensions ['ros']
[0.291s] Level 1:colcon.colcon_core.package_identification:_identify(vjepa_visual_localization/scripts/__pycache__) by extension 'ros'
[0.291s] Level 1:colcon.colcon_core.package_identification:_identify(vjepa_visual_localization/scripts/__pycache__) by extensions ['cmake', 'python']
[0.291s] Level 1:colcon.colcon_core.package_identification:_identify(vjepa_visual_localization/scripts/__pycache__) by extension 'cmake'
[0.291s] Level 1:colcon.colcon_core.package_identification:_identify(vjepa_visual_localization/scripts/__pycache__) by extension 'python'
[0.291s] Level 1:colcon.colcon_core.package_identification:_identify(vjepa_visual_localization/scripts/__pycache__) by extensions ['python_setup_py']
[0.291s] Level 1:colcon.colcon_core.package_identification:_identify(vjepa_visual_localization/scripts/__pycache__) by extension 'python_setup_py'
[0.291s] Level 1:colcon.colcon_core.package_identification:_identify(vjepa_visual_localization/src) by extensions ['ignore', 'ignore_ament_install']
[0.291s] Level 1:colcon.colcon_core.package_identification:_identify(vjepa_visual_localization/src) by extension 'ignore'
[0.291s] Level 1:colcon.colcon_core.package_identification:_identify(vjepa_visual_localization/src) by extension 'ignore_ament_install'
[0.291s] Level 1:colcon.colcon_core.package_identification:_identify(vjepa_visual_localization/src) by extensions ['colcon_pkg']
[0.291s] Level 1:colcon.colcon_core.package_identification:_identify(vjepa_visual_localization/src) by extension 'colcon_pkg'
[0.291s] Level 1:colcon.colcon_core.package_identification:_identify(vjepa_visual_localization/src) by extensions ['colcon_meta']
[0.291s] Level 1:colcon.colcon_core.package_identification:_identify(vjepa_visual_localization/src) by extension 'colcon_meta'
[0.291s] Level 1:colcon.colcon_core.package_identification:_identify(vjepa_visual_localization/src) by extensions ['ros']
[0.291s] Level 1:colcon.colcon_core.package_identification:_identify(vjepa_visual_localization/src) by extension 'ros'
[0.292s] Level 1:colcon.colcon_core.package_identification:_identify(vjepa_visual_localization/src) by extensions ['cmake', 'python']
[0.292s] Level 1:colcon.colcon_core.package_identification:_identify(vjepa_visual_localization/src) by extension 'cmake'
[0.292s] Level 1:colcon.colcon_core.package_identification:_identify(vjepa_visual_localization/src) by extension 'python'
[0.292s] Level 1:colcon.colcon_core.package_identification:_identify(vjepa_visual_localization/src) by extensions ['python_setup_py']
[0.292s] Level 1:colcon.colcon_core.package_identification:_identify(vjepa_visual_localization/src) by extension 'python_setup_py'
[0.292s] Level 1:colcon.colcon_core.package_identification:_identify(vjepa_visual_localization/src/__pycache__) by extensions ['ignore', 'ignore_ament_install']
[0.292s] Level 1:colcon.colcon_core.package_identification:_identify(vjepa_visual_localization/src/__pycache__) by extension 'ignore'
[0.292s] Level 1:colcon.colcon_core.package_identification:_identify(vjepa_visual_localization/src/__pycache__) by extension 'ignore_ament_install'
[0.292s] Level 1:colcon.colcon_core.package_identification:_identify(vjepa_visual_localization/src/__pycache__) by extensions ['colcon_pkg']
[0.292s] Level 1:colcon.colcon_core.package_identification:_identify(vjepa_visual_localization/src/__pycache__) by extension 'colcon_pkg'
[0.292s] Level 1:colcon.colcon_core.package_identification:_identify(vjepa_visual_localization/src/__pycache__) by extensions ['colcon_meta']
[0.292s] Level 1:colcon.colcon_core.package_identification:_identify(vjepa_visual_localization/src/__pycache__) by extension 'colcon_meta'
[0.292s] Level 1:colcon.colcon_core.package_identification:_identify(vjepa_visual_localization/src/__pycache__) by extensions ['ros']
[0.292s] Level 1:colcon.colcon_core.package_identification:_identify(vjepa_visual_localization/src/__pycache__) by extension 'ros'
[0.292s] Level 1:colcon.colcon_core.package_identification:_identify(vjepa_visual_localization/src/__pycache__) by extensions ['cmake', 'python']
[0.292s] Level 1:colcon.colcon_core.package_identification:_identify(vjepa_visual_localization/src/__pycache__) by extension 'cmake'
[0.292s] Level 1:colcon.colcon_core.package_identification:_identify(vjepa_visual_localization/src/__pycache__) by extension 'python'
[0.292s] Level 1:colcon.colcon_core.package_identification:_identify(vjepa_visual_localization/src/__pycache__) by extensions ['python_setup_py']
[0.292s] Level 1:colcon.colcon_core.package_identification:_identify(vjepa_visual_localization/src/__pycache__) by extension 'python_setup_py'
[0.292s] Level 1:colcon.colcon_core.package_identification:_identify(vjepa_visual_localization/src/data) by extensions ['ignore', 'ignore_ament_install']
[0.292s] Level 1:colcon.colcon_core.package_identification:_identify(vjepa_visual_localization/src/data) by extension 'ignore'
[0.292s] Level 1:colcon.colcon_core.package_identification:_identify(vjepa_visual_localization/src/data) by extension 'ignore_ament_install'
[0.292s] Level 1:colcon.colcon_core.package_identification:_identify(vjepa_visual_localization/src/data) by extensions ['colcon_pkg']
[0.292s] Level 1:colcon.colcon_core.package_identification:_identify(vjepa_visual_localization/src/data) by extension 'colcon_pkg'
[0.292s] Level 1:colcon.colcon_core.package_identification:_identify(vjepa_visual_localization/src/data) by extensions ['colcon_meta']
[0.292s] Level 1:colcon.colcon_core.package_identification:_identify(vjepa_visual_localization/src/data) by extension 'colcon_meta'
[0.292s] Level 1:colcon.colcon_core.package_identification:_identify(vjepa_visual_localization/src/data) by extensions ['ros']
[0.292s] Level 1:colcon.colcon_core.package_identification:_identify(vjepa_visual_localization/src/data) by extension 'ros'
[0.292s] Level 1:colcon.colcon_core.package_identification:_identify(vjepa_visual_localization/src/data) by extensions ['cmake', 'python']
[0.292s] Level 1:colcon.colcon_core.package_identification:_identify(vjepa_visual_localization/src/data) by extension 'cmake'
[0.292s] Level 1:colcon.colcon_core.package_identification:_identify(vjepa_visual_localization/src/data) by extension 'python'
[0.292s] Level 1:colcon.colcon_core.package_identification:_identify(vjepa_visual_localization/src/data) by extensions ['python_setup_py']
[0.292s] Level 1:colcon.colcon_core.package_identification:_identify(vjepa_visual_localization/src/data) by extension 'python_setup_py'
[0.292s] Level 1:colcon.colcon_core.package_identification:_identify(vjepa_visual_localization/src/data/__pycache__) by extensions ['ignore', 'ignore_ament_install']
[0.292s] Level 1:colcon.colcon_core.package_identification:_identify(vjepa_visual_localization/src/data/__pycache__) by extension 'ignore'
[0.292s] Level 1:colcon.colcon_core.package_identification:_identify(vjepa_visual_localization/src/data/__pycache__) by extension 'ignore_ament_install'
[0.292s] Level 1:colcon.colcon_core.package_identification:_identify(vjepa_visual_localization/src/data/__pycache__) by extensions ['colcon_pkg']
[0.292s] Level 1:colcon.colcon_core.package_identification:_identify(vjepa_visual_localization/src/data/__pycache__) by extension 'colcon_pkg'
[0.292s] Level 1:colcon.colcon_core.package_identification:_identify(vjepa_visual_localization/src/data/__pycache__) by extensions ['colcon_meta']
[0.292s] Level 1:colcon.colcon_core.package_identification:_identify(vjepa_visual_localization/src/data/__pycache__) by extension 'colcon_meta'
[0.293s] Level 1:colcon.colcon_core.package_identification:_identify(vjepa_visual_localization/src/data/__pycache__) by extensions ['ros']
[0.293s] Level 1:colcon.colcon_core.package_identification:_identify(vjepa_visual_localization/src/data/__pycache__) by extension 'ros'
[0.293s] Level 1:colcon.colcon_core.package_identification:_identify(vjepa_visual_localization/src/data/__pycache__) by extensions ['cmake', 'python']
[0.293s] Level 1:colcon.colcon_core.package_identification:_identify(vjepa_visual_localization/src/data/__pycache__) by extension 'cmake'
[0.293s] Level 1:colcon.colcon_core.package_identification:_identify(vjepa_visual_localization/src/data/__pycache__) by extension 'python'
[0.293s] Level 1:colcon.colcon_core.package_identification:_identify(vjepa_visual_localization/src/data/__pycache__) by extensions ['python_setup_py']
[0.293s] Level 1:colcon.colcon_core.package_identification:_identify(vjepa_visual_localization/src/data/__pycache__) by extension 'python_setup_py'
[0.293s] Level 1:colcon.colcon_core.package_identification:_identify(vjepa_visual_localization/src/evaluation) by extensions ['ignore', 'ignore_ament_install']
[0.293s] Level 1:colcon.colcon_core.package_identification:_identify(vjepa_visual_localization/src/evaluation) by extension 'ignore'
[0.293s] Level 1:colcon.colcon_core.package_identification:_identify(vjepa_visual_localization/src/evaluation) by extension 'ignore_ament_install'
[0.293s] Level 1:colcon.colcon_core.package_identification:_identify(vjepa_visual_localization/src/evaluation) by extensions ['colcon_pkg']
[0.293s] Level 1:colcon.colcon_core.package_identification:_identify(vjepa_visual_localization/src/evaluation) by extension 'colcon_pkg'
[0.293s] Level 1:colcon.colcon_core.package_identification:_identify(vjepa_visual_localization/src/evaluation) by extensions ['colcon_meta']
[0.293s] Level 1:colcon.colcon_core.package_identification:_identify(vjepa_visual_localization/src/evaluation) by extension 'colcon_meta'
[0.293s] Level 1:colcon.colcon_core.package_identification:_identify(vjepa_visual_localization/src/evaluation) by extensions ['ros']
[0.293s] Level 1:colcon.colcon_core.package_identification:_identify(vjepa_visual_localization/src/evaluation) by extension 'ros'
[0.293s] Level 1:colcon.colcon_core.package_identification:_identify(vjepa_visual_localization/src/evaluation) by extensions ['cmake', 'python']
[0.293s] Level 1:colcon.colcon_core.package_identification:_identify(vjepa_visual_localization/src/evaluation) by extension 'cmake'
[0.293s] Level 1:colcon.colcon_core.package_identification:_identify(vjepa_visual_localization/src/evaluation) by extension 'python'
[0.293s] Level 1:colcon.colcon_core.package_identification:_identify(vjepa_visual_localization/src/evaluation) by extensions ['python_setup_py']
[0.293s] Level 1:colcon.colcon_core.package_identification:_identify(vjepa_visual_localization/src/evaluation) by extension 'python_setup_py'
[0.293s] Level 1:colcon.colcon_core.package_identification:_identify(vjepa_visual_localization/src/evaluation/__pycache__) by extensions ['ignore', 'ignore_ament_install']
[0.293s] Level 1:colcon.colcon_core.package_identification:_identify(vjepa_visual_localization/src/evaluation/__pycache__) by extension 'ignore'
[0.293s] Level 1:colcon.colcon_core.package_identification:_identify(vjepa_visual_localization/src/evaluation/__pycache__) by extension 'ignore_ament_install'
[0.293s] Level 1:colcon.colcon_core.package_identification:_identify(vjepa_visual_localization/src/evaluation/__pycache__) by extensions ['colcon_pkg']
[0.293s] Level 1:colcon.colcon_core.package_identification:_identify(vjepa_visual_localization/src/evaluation/__pycache__) by extension 'colcon_pkg'
[0.293s] Level 1:colcon.colcon_core.package_identification:_identify(vjepa_visual_localization/src/evaluation/__pycache__) by extensions ['colcon_meta']
[0.293s] Level 1:colcon.colcon_core.package_identification:_identify(vjepa_visual_localization/src/evaluation/__pycache__) by extension 'colcon_meta'
[0.293s] Level 1:colcon.colcon_core.package_identification:_identify(vjepa_visual_localization/src/evaluation/__pycache__) by extensions ['ros']
[0.293s] Level 1:colcon.colcon_core.package_identification:_identify(vjepa_visual_localization/src/evaluation/__pycache__) by extension 'ros'
[0.293s] Level 1:colcon.colcon_core.package_identification:_identify(vjepa_visual_localization/src/evaluation/__pycache__) by extensions ['cmake', 'python']
[0.293s] Level 1:colcon.colcon_core.package_identification:_identify(vjepa_visual_localization/src/evaluation/__pycache__) by extension 'cmake'
[0.293s] Level 1:colcon.colcon_core.package_identification:_identify(vjepa_visual_localization/src/evaluation/__pycache__) by extension 'python'
[0.293s] Level 1:colcon.colcon_core.package_identification:_identify(vjepa_visual_localization/src/evaluation/__pycache__) by extensions ['python_setup_py']
[0.293s] Level 1:colcon.colcon_core.package_identification:_identify(vjepa_visual_localization/src/evaluation/__pycache__) by extension 'python_setup_py'
[0.293s] Level 1:colcon.colcon_core.package_identification:_identify(vjepa_visual_localization/src/localization) by extensions ['ignore', 'ignore_ament_install']
[0.293s] Level 1:colcon.colcon_core.package_identification:_identify(vjepa_visual_localization/src/localization) by extension 'ignore'
[0.294s] Level 1:colcon.colcon_core.package_identification:_identify(vjepa_visual_localization/src/localization) by extension 'ignore_ament_install'
[0.294s] Level 1:colcon.colcon_core.package_identification:_identify(vjepa_visual_localization/src/localization) by extensions ['colcon_pkg']
[0.294s] Level 1:colcon.colcon_core.package_identification:_identify(vjepa_visual_localization/src/localization) by extension 'colcon_pkg'
[0.294s] Level 1:colcon.colcon_core.package_identification:_identify(vjepa_visual_localization/src/localization) by extensions ['colcon_meta']
[0.294s] Level 1:colcon.colcon_core.package_identification:_identify(vjepa_visual_localization/src/localization) by extension 'colcon_meta'
[0.294s] Level 1:colcon.colcon_core.package_identification:_identify(vjepa_visual_localization/src/localization) by extensions ['ros']
[0.294s] Level 1:colcon.colcon_core.package_identification:_identify(vjepa_visual_localization/src/localization) by extension 'ros'
[0.294s] Level 1:colcon.colcon_core.package_identification:_identify(vjepa_visual_localization/src/localization) by extensions ['cmake', 'python']
[0.294s] Level 1:colcon.colcon_core.package_identification:_identify(vjepa_visual_localization/src/localization) by extension 'cmake'
[0.294s] Level 1:colcon.colcon_core.package_identification:_identify(vjepa_visual_localization/src/localization) by extension 'python'
[0.294s] Level 1:colcon.colcon_core.package_identification:_identify(vjepa_visual_localization/src/localization) by extensions ['python_setup_py']
[0.294s] Level 1:colcon.colcon_core.package_identification:_identify(vjepa_visual_localization/src/localization) by extension 'python_setup_py'
[0.294s] Level 1:colcon.colcon_core.package_identification:_identify(vjepa_visual_localization/src/localization/__pycache__) by extensions ['ignore', 'ignore_ament_install']
[0.294s] Level 1:colcon.colcon_core.package_identification:_identify(vjepa_visual_localization/src/localization/__pycache__) by extension 'ignore'
[0.294s] Level 1:colcon.colcon_core.package_identification:_identify(vjepa_visual_localization/src/localization/__pycache__) by extension 'ignore_ament_install'
[0.294s] Level 1:colcon.colcon_core.package_identification:_identify(vjepa_visual_localization/src/localization/__pycache__) by extensions ['colcon_pkg']
[0.294s] Level 1:colcon.colcon_core.package_identification:_identify(vjepa_visual_localization/src/localization/__pycache__) by extension 'colcon_pkg'
[0.294s] Level 1:colcon.colcon_core.package_identification:_identify(vjepa_visual_localization/src/localization/__pycache__) by extensions ['colcon_meta']
[0.294s] Level 1:colcon.colcon_core.package_identification:_identify(vjepa_visual_localization/src/localization/__pycache__) by extension 'colcon_meta'
[0.294s] Level 1:colcon.colcon_core.package_identification:_identify(vjepa_visual_localization/src/localization/__pycache__) by extensions ['ros']
[0.294s] Level 1:colcon.colcon_core.package_identification:_identify(vjepa_visual_localization/src/localization/__pycache__) by extension 'ros'
[0.294s] Level 1:colcon.colcon_core.package_identification:_identify(vjepa_visual_localization/src/localization/__pycache__) by extensions ['cmake', 'python']
[0.294s] Level 1:colcon.colcon_core.package_identification:_identify(vjepa_visual_localization/src/localization/__pycache__) by extension 'cmake'
[0.294s] Level 1:colcon.colcon_core.package_identification:_identify(vjepa_visual_localization/src/localization/__pycache__) by extension 'python'
[0.294s] Level 1:colcon.colcon_core.package_identification:_identify(vjepa_visual_localization/src/localization/__pycache__) by extensions ['python_setup_py']
[0.294s] Level 1:colcon.colcon_core.package_identification:_identify(vjepa_visual_localization/src/localization/__pycache__) by extension 'python_setup_py'
[0.294s] Level 1:colcon.colcon_core.package_identification:_identify(vjepa_visual_localization/src/mapping) by extensions ['ignore', 'ignore_ament_install']
[0.294s] Level 1:colcon.colcon_core.package_identification:_identify(vjepa_visual_localization/src/mapping) by extension 'ignore'
[0.294s] Level 1:colcon.colcon_core.package_identification:_identify(vjepa_visual_localization/src/mapping) by extension 'ignore_ament_install'
[0.294s] Level 1:colcon.colcon_core.package_identification:_identify(vjepa_visual_localization/src/mapping) by extensions ['colcon_pkg']
[0.294s] Level 1:colcon.colcon_core.package_identification:_identify(vjepa_visual_localization/src/mapping) by extension 'colcon_pkg'
[0.294s] Level 1:colcon.colcon_core.package_identification:_identify(vjepa_visual_localization/src/mapping) by extensions ['colcon_meta']
[0.294s] Level 1:colcon.colcon_core.package_identification:_identify(vjepa_visual_localization/src/mapping) by extension 'colcon_meta'
[0.294s] Level 1:colcon.colcon_core.package_identification:_identify(vjepa_visual_localization/src/mapping) by extensions ['ros']
[0.294s] Level 1:colcon.colcon_core.package_identification:_identify(vjepa_visual_localization/src/mapping) by extension 'ros'
[0.294s] Level 1:colcon.colcon_core.package_identification:_identify(vjepa_visual_localization/src/mapping) by extensions ['cmake', 'python']
[0.294s] Level 1:colcon.colcon_core.package_identification:_identify(vjepa_visual_localization/src/mapping) by extension 'cmake'
[0.294s] Level 1:colcon.colcon_core.package_identification:_identify(vjepa_visual_localization/src/mapping) by extension 'python'
[0.294s] Level 1:colcon.colcon_core.package_identification:_identify(vjepa_visual_localization/src/mapping) by extensions ['python_setup_py']
[0.294s] Level 1:colcon.colcon_core.package_identification:_identify(vjepa_visual_localization/src/mapping) by extension 'python_setup_py'
[0.295s] Level 1:colcon.colcon_core.package_identification:_identify(vjepa_visual_localization/src/mapping/__pycache__) by extensions ['ignore', 'ignore_ament_install']
[0.295s] Level 1:colcon.colcon_core.package_identification:_identify(vjepa_visual_localization/src/mapping/__pycache__) by extension 'ignore'
[0.295s] Level 1:colcon.colcon_core.package_identification:_identify(vjepa_visual_localization/src/mapping/__pycache__) by extension 'ignore_ament_install'
[0.295s] Level 1:colcon.colcon_core.package_identification:_identify(vjepa_visual_localization/src/mapping/__pycache__) by extensions ['colcon_pkg']
[0.295s] Level 1:colcon.colcon_core.package_identification:_identify(vjepa_visual_localization/src/mapping/__pycache__) by extension 'colcon_pkg'
[0.295s] Level 1:colcon.colcon_core.package_identification:_identify(vjepa_visual_localization/src/mapping/__pycache__) by extensions ['colcon_meta']
[0.295s] Level 1:colcon.colcon_core.package_identification:_identify(vjepa_visual_localization/src/mapping/__pycache__) by extension 'colcon_meta'
[0.295s] Level 1:colcon.colcon_core.package_identification:_identify(vjepa_visual_localization/src/mapping/__pycache__) by extensions ['ros']
[0.295s] Level 1:colcon.colcon_core.package_identification:_identify(vjepa_visual_localization/src/mapping/__pycache__) by extension 'ros'
[0.295s] Level 1:colcon.colcon_core.package_identification:_identify(vjepa_visual_localization/src/mapping/__pycache__) by extensions ['cmake', 'python']
[0.295s] Level 1:colcon.colcon_core.package_identification:_identify(vjepa_visual_localization/src/mapping/__pycache__) by extension 'cmake'
[0.295s] Level 1:colcon.colcon_core.package_identification:_identify(vjepa_visual_localization/src/mapping/__pycache__) by extension 'python'
[0.295s] Level 1:colcon.colcon_core.package_identification:_identify(vjepa_visual_localization/src/mapping/__pycache__) by extensions ['python_setup_py']
[0.295s] Level 1:colcon.colcon_core.package_identification:_identify(vjepa_visual_localization/src/mapping/__pycache__) by extension 'python_setup_py'
[0.295s] Level 1:colcon.colcon_core.package_identification:_identify(vjepa_visual_localization/src/models) by extensions ['ignore', 'ignore_ament_install']
[0.295s] Level 1:colcon.colcon_core.package_identification:_identify(vjepa_visual_localization/src/models) by extension 'ignore'
[0.295s] Level 1:colcon.colcon_core.package_identification:_identify(vjepa_visual_localization/src/models) by extension 'ignore_ament_install'
[0.295s] Level 1:colcon.colcon_core.package_identification:_identify(vjepa_visual_localization/src/models) by extensions ['colcon_pkg']
[0.295s] Level 1:colcon.colcon_core.package_identification:_identify(vjepa_visual_localization/src/models) by extension 'colcon_pkg'
[0.295s] Level 1:colcon.colcon_core.package_identification:_identify(vjepa_visual_localization/src/models) by extensions ['colcon_meta']
[0.295s] Level 1:colcon.colcon_core.package_identification:_identify(vjepa_visual_localization/src/models) by extension 'colcon_meta'
[0.295s] Level 1:colcon.colcon_core.package_identification:_identify(vjepa_visual_localization/src/models) by extensions ['ros']
[0.295s] Level 1:colcon.colcon_core.package_identification:_identify(vjepa_visual_localization/src/models) by extension 'ros'
[0.295s] Level 1:colcon.colcon_core.package_identification:_identify(vjepa_visual_localization/src/models) by extensions ['cmake', 'python']
[0.295s] Level 1:colcon.colcon_core.package_identification:_identify(vjepa_visual_localization/src/models) by extension 'cmake'
[0.295s] Level 1:colcon.colcon_core.package_identification:_identify(vjepa_visual_localization/src/models) by extension 'python'
[0.295s] Level 1:colcon.colcon_core.package_identification:_identify(vjepa_visual_localization/src/models) by extensions ['python_setup_py']
[0.295s] Level 1:colcon.colcon_core.package_identification:_identify(vjepa_visual_localization/src/models) by extension 'python_setup_py'
[0.295s] Level 1:colcon.colcon_core.package_identification:_identify(vjepa_visual_localization/src/models/__pycache__) by extensions ['ignore', 'ignore_ament_install']
[0.296s] Level 1:colcon.colcon_core.package_identification:_identify(vjepa_visual_localization/src/models/__pycache__) by extension 'ignore'
[0.296s] Level 1:colcon.colcon_core.package_identification:_identify(vjepa_visual_localization/src/models/__pycache__) by extension 'ignore_ament_install'
[0.296s] Level 1:colcon.colcon_core.package_identification:_identify(vjepa_visual_localization/src/models/__pycache__) by extensions ['colcon_pkg']
[0.296s] Level 1:colcon.colcon_core.package_identification:_identify(vjepa_visual_localization/src/models/__pycache__) by extension 'colcon_pkg'
[0.296s] Level 1:colcon.colcon_core.package_identification:_identify(vjepa_visual_localization/src/models/__pycache__) by extensions ['colcon_meta']
[0.296s] Level 1:colcon.colcon_core.package_identification:_identify(vjepa_visual_localization/src/models/__pycache__) by extension 'colcon_meta'
[0.296s] Level 1:colcon.colcon_core.package_identification:_identify(vjepa_visual_localization/src/models/__pycache__) by extensions ['ros']
[0.296s] Level 1:colcon.colcon_core.package_identification:_identify(vjepa_visual_localization/src/models/__pycache__) by extension 'ros'
[0.296s] Level 1:colcon.colcon_core.package_identification:_identify(vjepa_visual_localization/src/models/__pycache__) by extensions ['cmake', 'python']
[0.296s] Level 1:colcon.colcon_core.package_identification:_identify(vjepa_visual_localization/src/models/__pycache__) by extension 'cmake'
[0.296s] Level 1:colcon.colcon_core.package_identification:_identify(vjepa_visual_localization/src/models/__pycache__) by extension 'python'
[0.296s] Level 1:colcon.colcon_core.package_identification:_identify(vjepa_visual_localization/src/models/__pycache__) by extensions ['python_setup_py']
[0.296s] Level 1:colcon.colcon_core.package_identification:_identify(vjepa_visual_localization/src/models/__pycache__) by extension 'python_setup_py'
[0.296s] Level 1:colcon.colcon_core.package_identification:_identify(vjepa_visual_localization/src/prediction) by extensions ['ignore', 'ignore_ament_install']
[0.296s] Level 1:colcon.colcon_core.package_identification:_identify(vjepa_visual_localization/src/prediction) by extension 'ignore'
[0.296s] Level 1:colcon.colcon_core.package_identification:_identify(vjepa_visual_localization/src/prediction) by extension 'ignore_ament_install'
[0.296s] Level 1:colcon.colcon_core.package_identification:_identify(vjepa_visual_localization/src/prediction) by extensions ['colcon_pkg']
[0.296s] Level 1:colcon.colcon_core.package_identification:_identify(vjepa_visual_localization/src/prediction) by extension 'colcon_pkg'
[0.296s] Level 1:colcon.colcon_core.package_identification:_identify(vjepa_visual_localization/src/prediction) by extensions ['colcon_meta']
[0.296s] Level 1:colcon.colcon_core.package_identification:_identify(vjepa_visual_localization/src/prediction) by extension 'colcon_meta'
[0.296s] Level 1:colcon.colcon_core.package_identification:_identify(vjepa_visual_localization/src/prediction) by extensions ['ros']
[0.296s] Level 1:colcon.colcon_core.package_identification:_identify(vjepa_visual_localization/src/prediction) by extension 'ros'
[0.297s] Level 1:colcon.colcon_core.package_identification:_identify(vjepa_visual_localization/src/prediction) by extensions ['cmake', 'python']
[0.297s] Level 1:colcon.colcon_core.package_identification:_identify(vjepa_visual_localization/src/prediction) by extension 'cmake'
[0.297s] Level 1:colcon.colcon_core.package_identification:_identify(vjepa_visual_localization/src/prediction) by extension 'python'
[0.297s] Level 1:colcon.colcon_core.package_identification:_identify(vjepa_visual_localization/src/prediction) by extensions ['python_setup_py']
[0.297s] Level 1:colcon.colcon_core.package_identification:_identify(vjepa_visual_localization/src/prediction) by extension 'python_setup_py'
[0.297s] Level 1:colcon.colcon_core.package_identification:_identify(vjepa_visual_localization/src/prediction/__pycache__) by extensions ['ignore', 'ignore_ament_install']
[0.297s] Level 1:colcon.colcon_core.package_identification:_identify(vjepa_visual_localization/src/prediction/__pycache__) by extension 'ignore'
[0.297s] Level 1:colcon.colcon_core.package_identification:_identify(vjepa_visual_localization/src/prediction/__pycache__) by extension 'ignore_ament_install'
[0.297s] Level 1:colcon.colcon_core.package_identification:_identify(vjepa_visual_localization/src/prediction/__pycache__) by extensions ['colcon_pkg']
[0.297s] Level 1:colcon.colcon_core.package_identification:_identify(vjepa_visual_localization/src/prediction/__pycache__) by extension 'colcon_pkg'
[0.297s] Level 1:colcon.colcon_core.package_identification:_identify(vjepa_visual_localization/src/prediction/__pycache__) by extensions ['colcon_meta']
[0.297s] Level 1:colcon.colcon_core.package_identification:_identify(vjepa_visual_localization/src/prediction/__pycache__) by extension 'colcon_meta'
[0.297s] Level 1:colcon.colcon_core.package_identification:_identify(vjepa_visual_localization/src/prediction/__pycache__) by extensions ['ros']
[0.297s] Level 1:colcon.colcon_core.package_identification:_identify(vjepa_visual_localization/src/prediction/__pycache__) by extension 'ros'
[0.297s] Level 1:colcon.colcon_core.package_identification:_identify(vjepa_visual_localization/src/prediction/__pycache__) by extensions ['cmake', 'python']
[0.297s] Level 1:colcon.colcon_core.package_identification:_identify(vjepa_visual_localization/src/prediction/__pycache__) by extension 'cmake'
[0.297s] Level 1:colcon.colcon_core.package_identification:_identify(vjepa_visual_localization/src/prediction/__pycache__) by extension 'python'
[0.297s] Level 1:colcon.colcon_core.package_identification:_identify(vjepa_visual_localization/src/prediction/__pycache__) by extensions ['python_setup_py']
[0.297s] Level 1:colcon.colcon_core.package_identification:_identify(vjepa_visual_localization/src/prediction/__pycache__) by extension 'python_setup_py'
[0.297s] Level 1:colcon.colcon_core.package_identification:_identify(vjepa_visual_localization/src/retrieval) by extensions ['ignore', 'ignore_ament_install']
[0.297s] Level 1:colcon.colcon_core.package_identification:_identify(vjepa_visual_localization/src/retrieval) by extension 'ignore'
[0.297s] Level 1:colcon.colcon_core.package_identification:_identify(vjepa_visual_localization/src/retrieval) by extension 'ignore_ament_install'
[0.297s] Level 1:colcon.colcon_core.package_identification:_identify(vjepa_visual_localization/src/retrieval) by extensions ['colcon_pkg']
[0.297s] Level 1:colcon.colcon_core.package_identification:_identify(vjepa_visual_localization/src/retrieval) by extension 'colcon_pkg'
[0.297s] Level 1:colcon.colcon_core.package_identification:_identify(vjepa_visual_localization/src/retrieval) by extensions ['colcon_meta']
[0.297s] Level 1:colcon.colcon_core.package_identification:_identify(vjepa_visual_localization/src/retrieval) by extension 'colcon_meta'
[0.297s] Level 1:colcon.colcon_core.package_identification:_identify(vjepa_visual_localization/src/retrieval) by extensions ['ros']
[0.297s] Level 1:colcon.colcon_core.package_identification:_identify(vjepa_visual_localization/src/retrieval) by extension 'ros'
[0.297s] Level 1:colcon.colcon_core.package_identification:_identify(vjepa_visual_localization/src/retrieval) by extensions ['cmake', 'python']
[0.297s] Level 1:colcon.colcon_core.package_identification:_identify(vjepa_visual_localization/src/retrieval) by extension 'cmake'
[0.297s] Level 1:colcon.colcon_core.package_identification:_identify(vjepa_visual_localization/src/retrieval) by extension 'python'
[0.297s] Level 1:colcon.colcon_core.package_identification:_identify(vjepa_visual_localization/src/retrieval) by extensions ['python_setup_py']
[0.297s] Level 1:colcon.colcon_core.package_identification:_identify(vjepa_visual_localization/src/retrieval) by extension 'python_setup_py'
[0.297s] Level 1:colcon.colcon_core.package_identification:_identify(vjepa_visual_localization/src/retrieval/__pycache__) by extensions ['ignore', 'ignore_ament_install']
[0.297s] Level 1:colcon.colcon_core.package_identification:_identify(vjepa_visual_localization/src/retrieval/__pycache__) by extension 'ignore'
[0.297s] Level 1:colcon.colcon_core.package_identification:_identify(vjepa_visual_localization/src/retrieval/__pycache__) by extension 'ignore_ament_install'
[0.298s] Level 1:colcon.colcon_core.package_identification:_identify(vjepa_visual_localization/src/retrieval/__pycache__) by extensions ['colcon_pkg']
[0.298s] Level 1:colcon.colcon_core.package_identification:_identify(vjepa_visual_localization/src/retrieval/__pycache__) by extension 'colcon_pkg'
[0.298s] Level 1:colcon.colcon_core.package_identification:_identify(vjepa_visual_localization/src/retrieval/__pycache__) by extensions ['colcon_meta']
[0.298s] Level 1:colcon.colcon_core.package_identification:_identify(vjepa_visual_localization/src/retrieval/__pycache__) by extension 'colcon_meta'
[0.298s] Level 1:colcon.colcon_core.package_identification:_identify(vjepa_visual_localization/src/retrieval/__pycache__) by extensions ['ros']
[0.298s] Level 1:colcon.colcon_core.package_identification:_identify(vjepa_visual_localization/src/retrieval/__pycache__) by extension 'ros'
[0.298s] Level 1:colcon.colcon_core.package_identification:_identify(vjepa_visual_localization/src/retrieval/__pycache__) by extensions ['cmake', 'python']
[0.298s] Level 1:colcon.colcon_core.package_identification:_identify(vjepa_visual_localization/src/retrieval/__pycache__) by extension 'cmake'
[0.298s] Level 1:colcon.colcon_core.package_identification:_identify(vjepa_visual_localization/src/retrieval/__pycache__) by extension 'python'
[0.298s] Level 1:colcon.colcon_core.package_identification:_identify(vjepa_visual_localization/src/retrieval/__pycache__) by extensions ['python_setup_py']
[0.298s] Level 1:colcon.colcon_core.package_identification:_identify(vjepa_visual_localization/src/retrieval/__pycache__) by extension 'python_setup_py'
[0.298s] Level 1:colcon.colcon_core.package_identification:_identify(vjepa_visual_localization/src/utils) by extensions ['ignore', 'ignore_ament_install']
[0.298s] Level 1:colcon.colcon_core.package_identification:_identify(vjepa_visual_localization/src/utils) by extension 'ignore'
[0.298s] Level 1:colcon.colcon_core.package_identification:_identify(vjepa_visual_localization/src/utils) by extension 'ignore_ament_install'
[0.298s] Level 1:colcon.colcon_core.package_identification:_identify(vjepa_visual_localization/src/utils) by extensions ['colcon_pkg']
[0.298s] Level 1:colcon.colcon_core.package_identification:_identify(vjepa_visual_localization/src/utils) by extension 'colcon_pkg'
[0.298s] Level 1:colcon.colcon_core.package_identification:_identify(vjepa_visual_localization/src/utils) by extensions ['colcon_meta']
[0.298s] Level 1:colcon.colcon_core.package_identification:_identify(vjepa_visual_localization/src/utils) by extension 'colcon_meta'
[0.298s] Level 1:colcon.colcon_core.package_identification:_identify(vjepa_visual_localization/src/utils) by extensions ['ros']
[0.298s] Level 1:colcon.colcon_core.package_identification:_identify(vjepa_visual_localization/src/utils) by extension 'ros'
[0.298s] Level 1:colcon.colcon_core.package_identification:_identify(vjepa_visual_localization/src/utils) by extensions ['cmake', 'python']
[0.298s] Level 1:colcon.colcon_core.package_identification:_identify(vjepa_visual_localization/src/utils) by extension 'cmake'
[0.298s] Level 1:colcon.colcon_core.package_identification:_identify(vjepa_visual_localization/src/utils) by extension 'python'
[0.298s] Level 1:colcon.colcon_core.package_identification:_identify(vjepa_visual_localization/src/utils) by extensions ['python_setup_py']
[0.298s] Level 1:colcon.colcon_core.package_identification:_identify(vjepa_visual_localization/src/utils) by extension 'python_setup_py'
[0.298s] Level 1:colcon.colcon_core.package_identification:_identify(vjepa_visual_localization/src/utils/__pycache__) by extensions ['ignore', 'ignore_ament_install']
[0.298s] Level 1:colcon.colcon_core.package_identification:_identify(vjepa_visual_localization/src/utils/__pycache__) by extension 'ignore'
[0.298s] Level 1:colcon.colcon_core.package_identification:_identify(vjepa_visual_localization/src/utils/__pycache__) by extension 'ignore_ament_install'
[0.298s] Level 1:colcon.colcon_core.package_identification:_identify(vjepa_visual_localization/src/utils/__pycache__) by extensions ['colcon_pkg']
[0.298s] Level 1:colcon.colcon_core.package_identification:_identify(vjepa_visual_localization/src/utils/__pycache__) by extension 'colcon_pkg'
[0.298s] Level 1:colcon.colcon_core.package_identification:_identify(vjepa_visual_localization/src/utils/__pycache__) by extensions ['colcon_meta']
[0.298s] Level 1:colcon.colcon_core.package_identification:_identify(vjepa_visual_localization/src/utils/__pycache__) by extension 'colcon_meta'
[0.298s] Level 1:colcon.colcon_core.package_identification:_identify(vjepa_visual_localization/src/utils/__pycache__) by extensions ['ros']
[0.298s] Level 1:colcon.colcon_core.package_identification:_identify(vjepa_visual_localization/src/utils/__pycache__) by extension 'ros'
[0.298s] Level 1:colcon.colcon_core.package_identification:_identify(vjepa_visual_localization/src/utils/__pycache__) by extensions ['cmake', 'python']
[0.298s] Level 1:colcon.colcon_core.package_identification:_identify(vjepa_visual_localization/src/utils/__pycache__) by extension 'cmake'
[0.298s] Level 1:colcon.colcon_core.package_identification:_identify(vjepa_visual_localization/src/utils/__pycache__) by extension 'python'
[0.298s] Level 1:colcon.colcon_core.package_identification:_identify(vjepa_visual_localization/src/utils/__pycache__) by extensions ['python_setup_py']
[0.298s] Level 1:colcon.colcon_core.package_identification:_identify(vjepa_visual_localization/src/utils/__pycache__) by extension 'python_setup_py'
[0.298s] Level 1:colcon.colcon_core.package_identification:_identify(vjepa_visual_localization/tests) by extensions ['ignore', 'ignore_ament_install']
[0.299s] Level 1:colcon.colcon_core.package_identification:_identify(vjepa_visual_localization/tests) by extension 'ignore'
[0.299s] Level 1:colcon.colcon_core.package_identification:_identify(vjepa_visual_localization/tests) by extension 'ignore_ament_install'
[0.299s] Level 1:colcon.colcon_core.package_identification:_identify(vjepa_visual_localization/tests) by extensions ['colcon_pkg']
[0.299s] Level 1:colcon.colcon_core.package_identification:_identify(vjepa_visual_localization/tests) by extension 'colcon_pkg'
[0.299s] Level 1:colcon.colcon_core.package_identification:_identify(vjepa_visual_localization/tests) by extensions ['colcon_meta']
[0.299s] Level 1:colcon.colcon_core.package_identification:_identify(vjepa_visual_localization/tests) by extension 'colcon_meta'
[0.299s] Level 1:colcon.colcon_core.package_identification:_identify(vjepa_visual_localization/tests) by extensions ['ros']
[0.299s] Level 1:colcon.colcon_core.package_identification:_identify(vjepa_visual_localization/tests) by extension 'ros'
[0.299s] Level 1:colcon.colcon_core.package_identification:_identify(vjepa_visual_localization/tests) by extensions ['cmake', 'python']
[0.299s] Level 1:colcon.colcon_core.package_identification:_identify(vjepa_visual_localization/tests) by extension 'cmake'
[0.299s] Level 1:colcon.colcon_core.package_identification:_identify(vjepa_visual_localization/tests) by extension 'python'
[0.299s] Level 1:colcon.colcon_core.package_identification:_identify(vjepa_visual_localization/tests) by extensions ['python_setup_py']
[0.299s] Level 1:colcon.colcon_core.package_identification:_identify(vjepa_visual_localization/tests) by extension 'python_setup_py'
[0.299s] Level 1:colcon.colcon_core.package_identification:_identify(vjepa_visual_localization/tests/__pycache__) by extensions ['ignore', 'ignore_ament_install']
[0.299s] Level 1:colcon.colcon_core.package_identification:_identify(vjepa_visual_localization/tests/__pycache__) by extension 'ignore'
[0.299s] Level 1:colcon.colcon_core.package_identification:_identify(vjepa_visual_localization/tests/__pycache__) by extension 'ignore_ament_install'
[0.299s] Level 1:colcon.colcon_core.package_identification:_identify(vjepa_visual_localization/tests/__pycache__) by extensions ['colcon_pkg']
[0.299s] Level 1:colcon.colcon_core.package_identification:_identify(vjepa_visual_localization/tests/__pycache__) by extension 'colcon_pkg'
[0.299s] Level 1:colcon.colcon_core.package_identification:_identify(vjepa_visual_localization/tests/__pycache__) by extensions ['colcon_meta']
[0.299s] Level 1:colcon.colcon_core.package_identification:_identify(vjepa_visual_localization/tests/__pycache__) by extension 'colcon_meta'
[0.299s] Level 1:colcon.colcon_core.package_identification:_identify(vjepa_visual_localization/tests/__pycache__) by extensions ['ros']
[0.299s] Level 1:colcon.colcon_core.package_identification:_identify(vjepa_visual_localization/tests/__pycache__) by extension 'ros'
[0.299s] Level 1:colcon.colcon_core.package_identification:_identify(vjepa_visual_localization/tests/__pycache__) by extensions ['cmake', 'python']
[0.299s] Level 1:colcon.colcon_core.package_identification:_identify(vjepa_visual_localization/tests/__pycache__) by extension 'cmake'
[0.299s] Level 1:colcon.colcon_core.package_identification:_identify(vjepa_visual_localization/tests/__pycache__) by extension 'python'
[0.299s] Level 1:colcon.colcon_core.package_identification:_identify(vjepa_visual_localization/tests/__pycache__) by extensions ['python_setup_py']
[0.299s] Level 1:colcon.colcon_core.package_identification:_identify(vjepa_visual_localization/tests/__pycache__) by extension 'python_setup_py'
[0.299s] Level 1:colcon.colcon_core.package_identification:_identify(warehouse_agv_demo) by extensions ['ignore', 'ignore_ament_install']
[0.299s] Level 1:colcon.colcon_core.package_identification:_identify(warehouse_agv_demo) by extension 'ignore'
[0.299s] Level 1:colcon.colcon_core.package_identification:_identify(warehouse_agv_demo) by extension 'ignore_ament_install'
[0.299s] Level 1:colcon.colcon_core.package_identification:_identify(warehouse_agv_demo) by extensions ['colcon_pkg']
[0.299s] Level 1:colcon.colcon_core.package_identification:_identify(warehouse_agv_demo) by extension 'colcon_pkg'
[0.299s] Level 1:colcon.colcon_core.package_identification:_identify(warehouse_agv_demo) by extensions ['colcon_meta']
[0.299s] Level 1:colcon.colcon_core.package_identification:_identify(warehouse_agv_demo) by extension 'colcon_meta'
[0.299s] Level 1:colcon.colcon_core.package_identification:_identify(warehouse_agv_demo) by extensions ['ros']
[0.299s] Level 1:colcon.colcon_core.package_identification:_identify(warehouse_agv_demo) by extension 'ros'
[0.299s] Level 1:colcon.colcon_core.package_identification:_identify(warehouse_agv_demo) by extensions ['cmake', 'python']
[0.299s] Level 1:colcon.colcon_core.package_identification:_identify(warehouse_agv_demo) by extension 'cmake'
[0.300s] Level 1:colcon.colcon_core.package_identification:_identify(warehouse_agv_demo) by extension 'python'
[0.300s] Level 1:colcon.colcon_core.package_identification:_identify(warehouse_agv_demo) by extensions ['python_setup_py']
[0.300s] Level 1:colcon.colcon_core.package_identification:_identify(warehouse_agv_demo) by extension 'python_setup_py'
[0.300s] Level 1:colcon.colcon_core.package_identification:_identify(warehouse_agv_demo/config) by extensions ['ignore', 'ignore_ament_install']
[0.300s] Level 1:colcon.colcon_core.package_identification:_identify(warehouse_agv_demo/config) by extension 'ignore'
[0.300s] Level 1:colcon.colcon_core.package_identification:_identify(warehouse_agv_demo/config) by extension 'ignore_ament_install'
[0.300s] Level 1:colcon.colcon_core.package_identification:_identify(warehouse_agv_demo/config) by extensions ['colcon_pkg']
[0.300s] Level 1:colcon.colcon_core.package_identification:_identify(warehouse_agv_demo/config) by extension 'colcon_pkg'
[0.300s] Level 1:colcon.colcon_core.package_identification:_identify(warehouse_agv_demo/config) by extensions ['colcon_meta']
[0.300s] Level 1:colcon.colcon_core.package_identification:_identify(warehouse_agv_demo/config) by extension 'colcon_meta'
[0.300s] Level 1:colcon.colcon_core.package_identification:_identify(warehouse_agv_demo/config) by extensions ['ros']
[0.300s] Level 1:colcon.colcon_core.package_identification:_identify(warehouse_agv_demo/config) by extension 'ros'
[0.300s] Level 1:colcon.colcon_core.package_identification:_identify(warehouse_agv_demo/config) by extensions ['cmake', 'python']
[0.300s] Level 1:colcon.colcon_core.package_identification:_identify(warehouse_agv_demo/config) by extension 'cmake'
[0.300s] Level 1:colcon.colcon_core.package_identification:_identify(warehouse_agv_demo/config) by extension 'python'
[0.300s] Level 1:colcon.colcon_core.package_identification:_identify(warehouse_agv_demo/config) by extensions ['python_setup_py']
[0.300s] Level 1:colcon.colcon_core.package_identification:_identify(warehouse_agv_demo/config) by extension 'python_setup_py'
[0.300s] Level 1:colcon.colcon_core.package_identification:_identify(warehouse_agv_demo/docs) by extensions ['ignore', 'ignore_ament_install']
[0.300s] Level 1:colcon.colcon_core.package_identification:_identify(warehouse_agv_demo/docs) by extension 'ignore'
[0.300s] Level 1:colcon.colcon_core.package_identification:_identify(warehouse_agv_demo/docs) by extension 'ignore_ament_install'
[0.300s] Level 1:colcon.colcon_core.package_identification:_identify(warehouse_agv_demo/docs) by extensions ['colcon_pkg']
[0.300s] Level 1:colcon.colcon_core.package_identification:_identify(warehouse_agv_demo/docs) by extension 'colcon_pkg'
[0.300s] Level 1:colcon.colcon_core.package_identification:_identify(warehouse_agv_demo/docs) by extensions ['colcon_meta']
[0.300s] Level 1:colcon.colcon_core.package_identification:_identify(warehouse_agv_demo/docs) by extension 'colcon_meta'
[0.300s] Level 1:colcon.colcon_core.package_identification:_identify(warehouse_agv_demo/docs) by extensions ['ros']
[0.300s] Level 1:colcon.colcon_core.package_identification:_identify(warehouse_agv_demo/docs) by extension 'ros'
[0.300s] Level 1:colcon.colcon_core.package_identification:_identify(warehouse_agv_demo/docs) by extensions ['cmake', 'python']
[0.300s] Level 1:colcon.colcon_core.package_identification:_identify(warehouse_agv_demo/docs) by extension 'cmake'
[0.300s] Level 1:colcon.colcon_core.package_identification:_identify(warehouse_agv_demo/docs) by extension 'python'
[0.300s] Level 1:colcon.colcon_core.package_identification:_identify(warehouse_agv_demo/docs) by extensions ['python_setup_py']
[0.300s] Level 1:colcon.colcon_core.package_identification:_identify(warehouse_agv_demo/docs) by extension 'python_setup_py'
[0.300s] Level 1:colcon.colcon_core.package_identification:_identify(warehouse_agv_demo/launch) by extensions ['ignore', 'ignore_ament_install']
[0.300s] Level 1:colcon.colcon_core.package_identification:_identify(warehouse_agv_demo/launch) by extension 'ignore'
[0.300s] Level 1:colcon.colcon_core.package_identification:_identify(warehouse_agv_demo/launch) by extension 'ignore_ament_install'
[0.300s] Level 1:colcon.colcon_core.package_identification:_identify(warehouse_agv_demo/launch) by extensions ['colcon_pkg']
[0.300s] Level 1:colcon.colcon_core.package_identification:_identify(warehouse_agv_demo/launch) by extension 'colcon_pkg'
[0.300s] Level 1:colcon.colcon_core.package_identification:_identify(warehouse_agv_demo/launch) by extensions ['colcon_meta']
[0.300s] Level 1:colcon.colcon_core.package_identification:_identify(warehouse_agv_demo/launch) by extension 'colcon_meta'
[0.300s] Level 1:colcon.colcon_core.package_identification:_identify(warehouse_agv_demo/launch) by extensions ['ros']
[0.300s] Level 1:colcon.colcon_core.package_identification:_identify(warehouse_agv_demo/launch) by extension 'ros'
[0.301s] Level 1:colcon.colcon_core.package_identification:_identify(warehouse_agv_demo/launch) by extensions ['cmake', 'python']
[0.301s] Level 1:colcon.colcon_core.package_identification:_identify(warehouse_agv_demo/launch) by extension 'cmake'
[0.301s] Level 1:colcon.colcon_core.package_identification:_identify(warehouse_agv_demo/launch) by extension 'python'
[0.301s] Level 1:colcon.colcon_core.package_identification:_identify(warehouse_agv_demo/launch) by extensions ['python_setup_py']
[0.301s] Level 1:colcon.colcon_core.package_identification:_identify(warehouse_agv_demo/launch) by extension 'python_setup_py'
[0.301s] Level 1:colcon.colcon_core.package_identification:_identify(warehouse_agv_demo/launch/__pycache__) by extensions ['ignore', 'ignore_ament_install']
[0.301s] Level 1:colcon.colcon_core.package_identification:_identify(warehouse_agv_demo/launch/__pycache__) by extension 'ignore'
[0.301s] Level 1:colcon.colcon_core.package_identification:_identify(warehouse_agv_demo/launch/__pycache__) by extension 'ignore_ament_install'
[0.301s] Level 1:colcon.colcon_core.package_identification:_identify(warehouse_agv_demo/launch/__pycache__) by extensions ['colcon_pkg']
[0.301s] Level 1:colcon.colcon_core.package_identification:_identify(warehouse_agv_demo/launch/__pycache__) by extension 'colcon_pkg'
[0.301s] Level 1:colcon.colcon_core.package_identification:_identify(warehouse_agv_demo/launch/__pycache__) by extensions ['colcon_meta']
[0.301s] Level 1:colcon.colcon_core.package_identification:_identify(warehouse_agv_demo/launch/__pycache__) by extension 'colcon_meta'
[0.301s] Level 1:colcon.colcon_core.package_identification:_identify(warehouse_agv_demo/launch/__pycache__) by extensions ['ros']
[0.301s] Level 1:colcon.colcon_core.package_identification:_identify(warehouse_agv_demo/launch/__pycache__) by extension 'ros'
[0.301s] Level 1:colcon.colcon_core.package_identification:_identify(warehouse_agv_demo/launch/__pycache__) by extensions ['cmake', 'python']
[0.301s] Level 1:colcon.colcon_core.package_identification:_identify(warehouse_agv_demo/launch/__pycache__) by extension 'cmake'
[0.301s] Level 1:colcon.colcon_core.package_identification:_identify(warehouse_agv_demo/launch/__pycache__) by extension 'python'
[0.301s] Level 1:colcon.colcon_core.package_identification:_identify(warehouse_agv_demo/launch/__pycache__) by extensions ['python_setup_py']
[0.301s] Level 1:colcon.colcon_core.package_identification:_identify(warehouse_agv_demo/launch/__pycache__) by extension 'python_setup_py'
[0.301s] Level 1:colcon.colcon_core.package_identification:_identify(warehouse_agv_demo/maps) by extensions ['ignore', 'ignore_ament_install']
[0.301s] Level 1:colcon.colcon_core.package_identification:_identify(warehouse_agv_demo/maps) by extension 'ignore'
[0.301s] Level 1:colcon.colcon_core.package_identification:_identify(warehouse_agv_demo/maps) by extension 'ignore_ament_install'
[0.301s] Level 1:colcon.colcon_core.package_identification:_identify(warehouse_agv_demo/maps) by extensions ['colcon_pkg']
[0.301s] Level 1:colcon.colcon_core.package_identification:_identify(warehouse_agv_demo/maps) by extension 'colcon_pkg'
[0.301s] Level 1:colcon.colcon_core.package_identification:_identify(warehouse_agv_demo/maps) by extensions ['colcon_meta']
[0.301s] Level 1:colcon.colcon_core.package_identification:_identify(warehouse_agv_demo/maps) by extension 'colcon_meta'
[0.301s] Level 1:colcon.colcon_core.package_identification:_identify(warehouse_agv_demo/maps) by extensions ['ros']
[0.301s] Level 1:colcon.colcon_core.package_identification:_identify(warehouse_agv_demo/maps) by extension 'ros'
[0.301s] Level 1:colcon.colcon_core.package_identification:_identify(warehouse_agv_demo/maps) by extensions ['cmake', 'python']
[0.301s] Level 1:colcon.colcon_core.package_identification:_identify(warehouse_agv_demo/maps) by extension 'cmake'
[0.301s] Level 1:colcon.colcon_core.package_identification:_identify(warehouse_agv_demo/maps) by extension 'python'
[0.301s] Level 1:colcon.colcon_core.package_identification:_identify(warehouse_agv_demo/maps) by extensions ['python_setup_py']
[0.301s] Level 1:colcon.colcon_core.package_identification:_identify(warehouse_agv_demo/maps) by extension 'python_setup_py'
[0.301s] Level 1:colcon.colcon_core.package_identification:_identify(warehouse_agv_demo/models) by extensions ['ignore', 'ignore_ament_install']
[0.301s] Level 1:colcon.colcon_core.package_identification:_identify(warehouse_agv_demo/models) by extension 'ignore'
[0.301s] Level 1:colcon.colcon_core.package_identification:_identify(warehouse_agv_demo/models) by extension 'ignore_ament_install'
[0.301s] Level 1:colcon.colcon_core.package_identification:_identify(warehouse_agv_demo/models) by extensions ['colcon_pkg']
[0.301s] Level 1:colcon.colcon_core.package_identification:_identify(warehouse_agv_demo/models) by extension 'colcon_pkg'
[0.301s] Level 1:colcon.colcon_core.package_identification:_identify(warehouse_agv_demo/models) by extensions ['colcon_meta']
[0.301s] Level 1:colcon.colcon_core.package_identification:_identify(warehouse_agv_demo/models) by extension 'colcon_meta'
[0.301s] Level 1:colcon.colcon_core.package_identification:_identify(warehouse_agv_demo/models) by extensions ['ros']
[0.301s] Level 1:colcon.colcon_core.package_identification:_identify(warehouse_agv_demo/models) by extension 'ros'
[0.302s] Level 1:colcon.colcon_core.package_identification:_identify(warehouse_agv_demo/models) by extensions ['cmake', 'python']
[0.302s] Level 1:colcon.colcon_core.package_identification:_identify(warehouse_agv_demo/models) by extension 'cmake'
[0.302s] Level 1:colcon.colcon_core.package_identification:_identify(warehouse_agv_demo/models) by extension 'python'
[0.302s] Level 1:colcon.colcon_core.package_identification:_identify(warehouse_agv_demo/models) by extensions ['python_setup_py']
[0.302s] Level 1:colcon.colcon_core.package_identification:_identify(warehouse_agv_demo/models) by extension 'python_setup_py'
[0.302s] Level 1:colcon.colcon_core.package_identification:_identify(warehouse_agv_demo/models/rack_signs) by extensions ['ignore', 'ignore_ament_install']
[0.302s] Level 1:colcon.colcon_core.package_identification:_identify(warehouse_agv_demo/models/rack_signs) by extension 'ignore'
[0.302s] Level 1:colcon.colcon_core.package_identification:_identify(warehouse_agv_demo/models/rack_signs) by extension 'ignore_ament_install'
[0.302s] Level 1:colcon.colcon_core.package_identification:_identify(warehouse_agv_demo/models/rack_signs) by extensions ['colcon_pkg']
[0.302s] Level 1:colcon.colcon_core.package_identification:_identify(warehouse_agv_demo/models/rack_signs) by extension 'colcon_pkg'
[0.302s] Level 1:colcon.colcon_core.package_identification:_identify(warehouse_agv_demo/models/rack_signs) by extensions ['colcon_meta']
[0.302s] Level 1:colcon.colcon_core.package_identification:_identify(warehouse_agv_demo/models/rack_signs) by extension 'colcon_meta'
[0.302s] Level 1:colcon.colcon_core.package_identification:_identify(warehouse_agv_demo/models/rack_signs) by extensions ['ros']
[0.302s] Level 1:colcon.colcon_core.package_identification:_identify(warehouse_agv_demo/models/rack_signs) by extension 'ros'
[0.302s] Level 1:colcon.colcon_core.package_identification:_identify(warehouse_agv_demo/models/rack_signs) by extensions ['cmake', 'python']
[0.302s] Level 1:colcon.colcon_core.package_identification:_identify(warehouse_agv_demo/models/rack_signs) by extension 'cmake'
[0.302s] Level 1:colcon.colcon_core.package_identification:_identify(warehouse_agv_demo/models/rack_signs) by extension 'python'
[0.302s] Level 1:colcon.colcon_core.package_identification:_identify(warehouse_agv_demo/models/rack_signs) by extensions ['python_setup_py']
[0.302s] Level 1:colcon.colcon_core.package_identification:_identify(warehouse_agv_demo/models/rack_signs) by extension 'python_setup_py'
[0.302s] Level 1:colcon.colcon_core.package_identification:_identify(warehouse_agv_demo/models/random_worker) by extensions ['ignore', 'ignore_ament_install']
[0.302s] Level 1:colcon.colcon_core.package_identification:_identify(warehouse_agv_demo/models/random_worker) by extension 'ignore'
[0.302s] Level 1:colcon.colcon_core.package_identification:_identify(warehouse_agv_demo/models/random_worker) by extension 'ignore_ament_install'
[0.302s] Level 1:colcon.colcon_core.package_identification:_identify(warehouse_agv_demo/models/random_worker) by extensions ['colcon_pkg']
[0.302s] Level 1:colcon.colcon_core.package_identification:_identify(warehouse_agv_demo/models/random_worker) by extension 'colcon_pkg'
[0.302s] Level 1:colcon.colcon_core.package_identification:_identify(warehouse_agv_demo/models/random_worker) by extensions ['colcon_meta']
[0.302s] Level 1:colcon.colcon_core.package_identification:_identify(warehouse_agv_demo/models/random_worker) by extension 'colcon_meta'
[0.302s] Level 1:colcon.colcon_core.package_identification:_identify(warehouse_agv_demo/models/random_worker) by extensions ['ros']
[0.302s] Level 1:colcon.colcon_core.package_identification:_identify(warehouse_agv_demo/models/random_worker) by extension 'ros'
[0.302s] Level 1:colcon.colcon_core.package_identification:_identify(warehouse_agv_demo/models/random_worker) by extensions ['cmake', 'python']
[0.302s] Level 1:colcon.colcon_core.package_identification:_identify(warehouse_agv_demo/models/random_worker) by extension 'cmake'
[0.302s] Level 1:colcon.colcon_core.package_identification:_identify(warehouse_agv_demo/models/random_worker) by extension 'python'
[0.302s] Level 1:colcon.colcon_core.package_identification:_identify(warehouse_agv_demo/models/random_worker) by extensions ['python_setup_py']
[0.302s] Level 1:colcon.colcon_core.package_identification:_identify(warehouse_agv_demo/models/random_worker) by extension 'python_setup_py'
[0.302s] Level 1:colcon.colcon_core.package_identification:_identify(warehouse_agv_demo/models/shelf_big_multicolor) by extensions ['ignore', 'ignore_ament_install']
[0.302s] Level 1:colcon.colcon_core.package_identification:_identify(warehouse_agv_demo/models/shelf_big_multicolor) by extension 'ignore'
[0.302s] Level 1:colcon.colcon_core.package_identification:_identify(warehouse_agv_demo/models/shelf_big_multicolor) by extension 'ignore_ament_install'
[0.302s] Level 1:colcon.colcon_core.package_identification:_identify(warehouse_agv_demo/models/shelf_big_multicolor) by extensions ['colcon_pkg']
[0.302s] Level 1:colcon.colcon_core.package_identification:_identify(warehouse_agv_demo/models/shelf_big_multicolor) by extension 'colcon_pkg'
[0.303s] Level 1:colcon.colcon_core.package_identification:_identify(warehouse_agv_demo/models/shelf_big_multicolor) by extensions ['colcon_meta']
[0.303s] Level 1:colcon.colcon_core.package_identification:_identify(warehouse_agv_demo/models/shelf_big_multicolor) by extension 'colcon_meta'
[0.303s] Level 1:colcon.colcon_core.package_identification:_identify(warehouse_agv_demo/models/shelf_big_multicolor) by extensions ['ros']
[0.303s] Level 1:colcon.colcon_core.package_identification:_identify(warehouse_agv_demo/models/shelf_big_multicolor) by extension 'ros'
[0.303s] Level 1:colcon.colcon_core.package_identification:_identify(warehouse_agv_demo/models/shelf_big_multicolor) by extensions ['cmake', 'python']
[0.303s] Level 1:colcon.colcon_core.package_identification:_identify(warehouse_agv_demo/models/shelf_big_multicolor) by extension 'cmake'
[0.303s] Level 1:colcon.colcon_core.package_identification:_identify(warehouse_agv_demo/models/shelf_big_multicolor) by extension 'python'
[0.303s] Level 1:colcon.colcon_core.package_identification:_identify(warehouse_agv_demo/models/shelf_big_multicolor) by extensions ['python_setup_py']
[0.303s] Level 1:colcon.colcon_core.package_identification:_identify(warehouse_agv_demo/models/shelf_big_multicolor) by extension 'python_setup_py'
[0.303s] Level 1:colcon.colcon_core.package_identification:_identify(warehouse_agv_demo/models/shelf_big_multicolor/meshes) by extensions ['ignore', 'ignore_ament_install']
[0.303s] Level 1:colcon.colcon_core.package_identification:_identify(warehouse_agv_demo/models/shelf_big_multicolor/meshes) by extension 'ignore'
[0.303s] Level 1:colcon.colcon_core.package_identification:_identify(warehouse_agv_demo/models/shelf_big_multicolor/meshes) by extension 'ignore_ament_install'
[0.303s] Level 1:colcon.colcon_core.package_identification:_identify(warehouse_agv_demo/models/shelf_big_multicolor/meshes) by extensions ['colcon_pkg']
[0.303s] Level 1:colcon.colcon_core.package_identification:_identify(warehouse_agv_demo/models/shelf_big_multicolor/meshes) by extension 'colcon_pkg'
[0.303s] Level 1:colcon.colcon_core.package_identification:_identify(warehouse_agv_demo/models/shelf_big_multicolor/meshes) by extensions ['colcon_meta']
[0.303s] Level 1:colcon.colcon_core.package_identification:_identify(warehouse_agv_demo/models/shelf_big_multicolor/meshes) by extension 'colcon_meta'
[0.303s] Level 1:colcon.colcon_core.package_identification:_identify(warehouse_agv_demo/models/shelf_big_multicolor/meshes) by extensions ['ros']
[0.303s] Level 1:colcon.colcon_core.package_identification:_identify(warehouse_agv_demo/models/shelf_big_multicolor/meshes) by extension 'ros'
[0.303s] Level 1:colcon.colcon_core.package_identification:_identify(warehouse_agv_demo/models/shelf_big_multicolor/meshes) by extensions ['cmake', 'python']
[0.303s] Level 1:colcon.colcon_core.package_identification:_identify(warehouse_agv_demo/models/shelf_big_multicolor/meshes) by extension 'cmake'
[0.303s] Level 1:colcon.colcon_core.package_identification:_identify(warehouse_agv_demo/models/shelf_big_multicolor/meshes) by extension 'python'
[0.303s] Level 1:colcon.colcon_core.package_identification:_identify(warehouse_agv_demo/models/shelf_big_multicolor/meshes) by extensions ['python_setup_py']
[0.303s] Level 1:colcon.colcon_core.package_identification:_identify(warehouse_agv_demo/models/shelf_big_multicolor/meshes) by extension 'python_setup_py'
[0.303s] Level 1:colcon.colcon_core.package_identification:_identify(warehouse_agv_demo/models/shelf_multicolor) by extensions ['ignore', 'ignore_ament_install']
[0.303s] Level 1:colcon.colcon_core.package_identification:_identify(warehouse_agv_demo/models/shelf_multicolor) by extension 'ignore'
[0.303s] Level 1:colcon.colcon_core.package_identification:_identify(warehouse_agv_demo/models/shelf_multicolor) by extension 'ignore_ament_install'
[0.303s] Level 1:colcon.colcon_core.package_identification:_identify(warehouse_agv_demo/models/shelf_multicolor) by extensions ['colcon_pkg']
[0.303s] Level 1:colcon.colcon_core.package_identification:_identify(warehouse_agv_demo/models/shelf_multicolor) by extension 'colcon_pkg'
[0.303s] Level 1:colcon.colcon_core.package_identification:_identify(warehouse_agv_demo/models/shelf_multicolor) by extensions ['colcon_meta']
[0.303s] Level 1:colcon.colcon_core.package_identification:_identify(warehouse_agv_demo/models/shelf_multicolor) by extension 'colcon_meta'
[0.303s] Level 1:colcon.colcon_core.package_identification:_identify(warehouse_agv_demo/models/shelf_multicolor) by extensions ['ros']
[0.303s] Level 1:colcon.colcon_core.package_identification:_identify(warehouse_agv_demo/models/shelf_multicolor) by extension 'ros'
[0.303s] Level 1:colcon.colcon_core.package_identification:_identify(warehouse_agv_demo/models/shelf_multicolor) by extensions ['cmake', 'python']
[0.303s] Level 1:colcon.colcon_core.package_identification:_identify(warehouse_agv_demo/models/shelf_multicolor) by extension 'cmake'
[0.303s] Level 1:colcon.colcon_core.package_identification:_identify(warehouse_agv_demo/models/shelf_multicolor) by extension 'python'
[0.303s] Level 1:colcon.colcon_core.package_identification:_identify(warehouse_agv_demo/models/shelf_multicolor) by extensions ['python_setup_py']
[0.303s] Level 1:colcon.colcon_core.package_identification:_identify(warehouse_agv_demo/models/shelf_multicolor) by extension 'python_setup_py'
[0.303s] Level 1:colcon.colcon_core.package_identification:_identify(warehouse_agv_demo/models/shelf_multicolor/meshes) by extensions ['ignore', 'ignore_ament_install']
[0.303s] Level 1:colcon.colcon_core.package_identification:_identify(warehouse_agv_demo/models/shelf_multicolor/meshes) by extension 'ignore'
[0.303s] Level 1:colcon.colcon_core.package_identification:_identify(warehouse_agv_demo/models/shelf_multicolor/meshes) by extension 'ignore_ament_install'
[0.304s] Level 1:colcon.colcon_core.package_identification:_identify(warehouse_agv_demo/models/shelf_multicolor/meshes) by extensions ['colcon_pkg']
[0.304s] Level 1:colcon.colcon_core.package_identification:_identify(warehouse_agv_demo/models/shelf_multicolor/meshes) by extension 'colcon_pkg'
[0.304s] Level 1:colcon.colcon_core.package_identification:_identify(warehouse_agv_demo/models/shelf_multicolor/meshes) by extensions ['colcon_meta']
[0.304s] Level 1:colcon.colcon_core.package_identification:_identify(warehouse_agv_demo/models/shelf_multicolor/meshes) by extension 'colcon_meta'
[0.304s] Level 1:colcon.colcon_core.package_identification:_identify(warehouse_agv_demo/models/shelf_multicolor/meshes) by extensions ['ros']
[0.304s] Level 1:colcon.colcon_core.package_identification:_identify(warehouse_agv_demo/models/shelf_multicolor/meshes) by extension 'ros'
[0.304s] Level 1:colcon.colcon_core.package_identification:_identify(warehouse_agv_demo/models/shelf_multicolor/meshes) by extensions ['cmake', 'python']
[0.304s] Level 1:colcon.colcon_core.package_identification:_identify(warehouse_agv_demo/models/shelf_multicolor/meshes) by extension 'cmake'
[0.304s] Level 1:colcon.colcon_core.package_identification:_identify(warehouse_agv_demo/models/shelf_multicolor/meshes) by extension 'python'
[0.304s] Level 1:colcon.colcon_core.package_identification:_identify(warehouse_agv_demo/models/shelf_multicolor/meshes) by extensions ['python_setup_py']
[0.304s] Level 1:colcon.colcon_core.package_identification:_identify(warehouse_agv_demo/models/shelf_multicolor/meshes) by extension 'python_setup_py'
[0.304s] Level 1:colcon.colcon_core.package_identification:_identify(warehouse_agv_demo/models/storage_markers) by extensions ['ignore', 'ignore_ament_install']
[0.304s] Level 1:colcon.colcon_core.package_identification:_identify(warehouse_agv_demo/models/storage_markers) by extension 'ignore'
[0.304s] Level 1:colcon.colcon_core.package_identification:_identify(warehouse_agv_demo/models/storage_markers) by extension 'ignore_ament_install'
[0.304s] Level 1:colcon.colcon_core.package_identification:_identify(warehouse_agv_demo/models/storage_markers) by extensions ['colcon_pkg']
[0.304s] Level 1:colcon.colcon_core.package_identification:_identify(warehouse_agv_demo/models/storage_markers) by extension 'colcon_pkg'
[0.304s] Level 1:colcon.colcon_core.package_identification:_identify(warehouse_agv_demo/models/storage_markers) by extensions ['colcon_meta']
[0.304s] Level 1:colcon.colcon_core.package_identification:_identify(warehouse_agv_demo/models/storage_markers) by extension 'colcon_meta'
[0.304s] Level 1:colcon.colcon_core.package_identification:_identify(warehouse_agv_demo/models/storage_markers) by extensions ['ros']
[0.304s] Level 1:colcon.colcon_core.package_identification:_identify(warehouse_agv_demo/models/storage_markers) by extension 'ros'
[0.304s] Level 1:colcon.colcon_core.package_identification:_identify(warehouse_agv_demo/models/storage_markers) by extensions ['cmake', 'python']
[0.304s] Level 1:colcon.colcon_core.package_identification:_identify(warehouse_agv_demo/models/storage_markers) by extension 'cmake'
[0.304s] Level 1:colcon.colcon_core.package_identification:_identify(warehouse_agv_demo/models/storage_markers) by extension 'python'
[0.304s] Level 1:colcon.colcon_core.package_identification:_identify(warehouse_agv_demo/models/storage_markers) by extensions ['python_setup_py']
[0.304s] Level 1:colcon.colcon_core.package_identification:_identify(warehouse_agv_demo/models/storage_markers) by extension 'python_setup_py'
[0.304s] Level 1:colcon.colcon_core.package_identification:_identify(warehouse_agv_demo/models/storage_markers/materials) by extensions ['ignore', 'ignore_ament_install']
[0.304s] Level 1:colcon.colcon_core.package_identification:_identify(warehouse_agv_demo/models/storage_markers/materials) by extension 'ignore'
[0.304s] Level 1:colcon.colcon_core.package_identification:_identify(warehouse_agv_demo/models/storage_markers/materials) by extension 'ignore_ament_install'
[0.304s] Level 1:colcon.colcon_core.package_identification:_identify(warehouse_agv_demo/models/storage_markers/materials) by extensions ['colcon_pkg']
[0.304s] Level 1:colcon.colcon_core.package_identification:_identify(warehouse_agv_demo/models/storage_markers/materials) by extension 'colcon_pkg'
[0.304s] Level 1:colcon.colcon_core.package_identification:_identify(warehouse_agv_demo/models/storage_markers/materials) by extensions ['colcon_meta']
[0.304s] Level 1:colcon.colcon_core.package_identification:_identify(warehouse_agv_demo/models/storage_markers/materials) by extension 'colcon_meta'
[0.304s] Level 1:colcon.colcon_core.package_identification:_identify(warehouse_agv_demo/models/storage_markers/materials) by extensions ['ros']
[0.304s] Level 1:colcon.colcon_core.package_identification:_identify(warehouse_agv_demo/models/storage_markers/materials) by extension 'ros'
[0.304s] Level 1:colcon.colcon_core.package_identification:_identify(warehouse_agv_demo/models/storage_markers/materials) by extensions ['cmake', 'python']
[0.304s] Level 1:colcon.colcon_core.package_identification:_identify(warehouse_agv_demo/models/storage_markers/materials) by extension 'cmake'
[0.304s] Level 1:colcon.colcon_core.package_identification:_identify(warehouse_agv_demo/models/storage_markers/materials) by extension 'python'
[0.304s] Level 1:colcon.colcon_core.package_identification:_identify(warehouse_agv_demo/models/storage_markers/materials) by extensions ['python_setup_py']
[0.304s] Level 1:colcon.colcon_core.package_identification:_identify(warehouse_agv_demo/models/storage_markers/materials) by extension 'python_setup_py'
[0.304s] Level 1:colcon.colcon_core.package_identification:_identify(warehouse_agv_demo/models/storage_markers/materials/textures) by extensions ['ignore', 'ignore_ament_install']
[0.305s] Level 1:colcon.colcon_core.package_identification:_identify(warehouse_agv_demo/models/storage_markers/materials/textures) by extension 'ignore'
[0.305s] Level 1:colcon.colcon_core.package_identification:_identify(warehouse_agv_demo/models/storage_markers/materials/textures) by extension 'ignore_ament_install'
[0.305s] Level 1:colcon.colcon_core.package_identification:_identify(warehouse_agv_demo/models/storage_markers/materials/textures) by extensions ['colcon_pkg']
[0.305s] Level 1:colcon.colcon_core.package_identification:_identify(warehouse_agv_demo/models/storage_markers/materials/textures) by extension 'colcon_pkg'
[0.305s] Level 1:colcon.colcon_core.package_identification:_identify(warehouse_agv_demo/models/storage_markers/materials/textures) by extensions ['colcon_meta']
[0.305s] Level 1:colcon.colcon_core.package_identification:_identify(warehouse_agv_demo/models/storage_markers/materials/textures) by extension 'colcon_meta'
[0.305s] Level 1:colcon.colcon_core.package_identification:_identify(warehouse_agv_demo/models/storage_markers/materials/textures) by extensions ['ros']
[0.305s] Level 1:colcon.colcon_core.package_identification:_identify(warehouse_agv_demo/models/storage_markers/materials/textures) by extension 'ros'
[0.305s] Level 1:colcon.colcon_core.package_identification:_identify(warehouse_agv_demo/models/storage_markers/materials/textures) by extensions ['cmake', 'python']
[0.305s] Level 1:colcon.colcon_core.package_identification:_identify(warehouse_agv_demo/models/storage_markers/materials/textures) by extension 'cmake'
[0.305s] Level 1:colcon.colcon_core.package_identification:_identify(warehouse_agv_demo/models/storage_markers/materials/textures) by extension 'python'
[0.305s] Level 1:colcon.colcon_core.package_identification:_identify(warehouse_agv_demo/models/storage_markers/materials/textures) by extensions ['python_setup_py']
[0.305s] Level 1:colcon.colcon_core.package_identification:_identify(warehouse_agv_demo/models/storage_markers/materials/textures) by extension 'python_setup_py'
[0.305s] Level 1:colcon.colcon_core.package_identification:_identify(warehouse_agv_demo/models/warehouse_agv) by extensions ['ignore', 'ignore_ament_install']
[0.305s] Level 1:colcon.colcon_core.package_identification:_identify(warehouse_agv_demo/models/warehouse_agv) by extension 'ignore'
[0.305s] Level 1:colcon.colcon_core.package_identification:_identify(warehouse_agv_demo/models/warehouse_agv) by extension 'ignore_ament_install'
[0.305s] Level 1:colcon.colcon_core.package_identification:_identify(warehouse_agv_demo/models/warehouse_agv) by extensions ['colcon_pkg']
[0.305s] Level 1:colcon.colcon_core.package_identification:_identify(warehouse_agv_demo/models/warehouse_agv) by extension 'colcon_pkg'
[0.305s] Level 1:colcon.colcon_core.package_identification:_identify(warehouse_agv_demo/models/warehouse_agv) by extensions ['colcon_meta']
[0.305s] Level 1:colcon.colcon_core.package_identification:_identify(warehouse_agv_demo/models/warehouse_agv) by extension 'colcon_meta'
[0.305s] Level 1:colcon.colcon_core.package_identification:_identify(warehouse_agv_demo/models/warehouse_agv) by extensions ['ros']
[0.305s] Level 1:colcon.colcon_core.package_identification:_identify(warehouse_agv_demo/models/warehouse_agv) by extension 'ros'
[0.305s] Level 1:colcon.colcon_core.package_identification:_identify(warehouse_agv_demo/models/warehouse_agv) by extensions ['cmake', 'python']
[0.305s] Level 1:colcon.colcon_core.package_identification:_identify(warehouse_agv_demo/models/warehouse_agv) by extension 'cmake'
[0.305s] Level 1:colcon.colcon_core.package_identification:_identify(warehouse_agv_demo/models/warehouse_agv) by extension 'python'
[0.305s] Level 1:colcon.colcon_core.package_identification:_identify(warehouse_agv_demo/models/warehouse_agv) by extensions ['python_setup_py']
[0.305s] Level 1:colcon.colcon_core.package_identification:_identify(warehouse_agv_demo/models/warehouse_agv) by extension 'python_setup_py'
[0.305s] Level 1:colcon.colcon_core.package_identification:_identify(warehouse_agv_demo/models/warehouse_agv/meshes) by extensions ['ignore', 'ignore_ament_install']
[0.305s] Level 1:colcon.colcon_core.package_identification:_identify(warehouse_agv_demo/models/warehouse_agv/meshes) by extension 'ignore'
[0.305s] Level 1:colcon.colcon_core.package_identification:_identify(warehouse_agv_demo/models/warehouse_agv/meshes) by extension 'ignore_ament_install'
[0.305s] Level 1:colcon.colcon_core.package_identification:_identify(warehouse_agv_demo/models/warehouse_agv/meshes) by extensions ['colcon_pkg']
[0.305s] Level 1:colcon.colcon_core.package_identification:_identify(warehouse_agv_demo/models/warehouse_agv/meshes) by extension 'colcon_pkg'
[0.305s] Level 1:colcon.colcon_core.package_identification:_identify(warehouse_agv_demo/models/warehouse_agv/meshes) by extensions ['colcon_meta']
[0.305s] Level 1:colcon.colcon_core.package_identification:_identify(warehouse_agv_demo/models/warehouse_agv/meshes) by extension 'colcon_meta'
[0.305s] Level 1:colcon.colcon_core.package_identification:_identify(warehouse_agv_demo/models/warehouse_agv/meshes) by extensions ['ros']
[0.305s] Level 1:colcon.colcon_core.package_identification:_identify(warehouse_agv_demo/models/warehouse_agv/meshes) by extension 'ros'
[0.305s] Level 1:colcon.colcon_core.package_identification:_identify(warehouse_agv_demo/models/warehouse_agv/meshes) by extensions ['cmake', 'python']
[0.305s] Level 1:colcon.colcon_core.package_identification:_identify(warehouse_agv_demo/models/warehouse_agv/meshes) by extension 'cmake'
[0.305s] Level 1:colcon.colcon_core.package_identification:_identify(warehouse_agv_demo/models/warehouse_agv/meshes) by extension 'python'
[0.306s] Level 1:colcon.colcon_core.package_identification:_identify(warehouse_agv_demo/models/warehouse_agv/meshes) by extensions ['python_setup_py']
[0.306s] Level 1:colcon.colcon_core.package_identification:_identify(warehouse_agv_demo/models/warehouse_agv/meshes) by extension 'python_setup_py'
[0.306s] Level 1:colcon.colcon_core.package_identification:_identify(warehouse_agv_demo/screenshots) by extensions ['ignore', 'ignore_ament_install']
[0.306s] Level 1:colcon.colcon_core.package_identification:_identify(warehouse_agv_demo/screenshots) by extension 'ignore'
[0.306s] Level 1:colcon.colcon_core.package_identification:_identify(warehouse_agv_demo/screenshots) by extension 'ignore_ament_install'
[0.306s] Level 1:colcon.colcon_core.package_identification:_identify(warehouse_agv_demo/screenshots) by extensions ['colcon_pkg']
[0.306s] Level 1:colcon.colcon_core.package_identification:_identify(warehouse_agv_demo/screenshots) by extension 'colcon_pkg'
[0.306s] Level 1:colcon.colcon_core.package_identification:_identify(warehouse_agv_demo/screenshots) by extensions ['colcon_meta']
[0.306s] Level 1:colcon.colcon_core.package_identification:_identify(warehouse_agv_demo/screenshots) by extension 'colcon_meta'
[0.306s] Level 1:colcon.colcon_core.package_identification:_identify(warehouse_agv_demo/screenshots) by extensions ['ros']
[0.306s] Level 1:colcon.colcon_core.package_identification:_identify(warehouse_agv_demo/screenshots) by extension 'ros'
[0.306s] Level 1:colcon.colcon_core.package_identification:_identify(warehouse_agv_demo/screenshots) by extensions ['cmake', 'python']
[0.306s] Level 1:colcon.colcon_core.package_identification:_identify(warehouse_agv_demo/screenshots) by extension 'cmake'
[0.306s] Level 1:colcon.colcon_core.package_identification:_identify(warehouse_agv_demo/screenshots) by extension 'python'
[0.306s] Level 1:colcon.colcon_core.package_identification:_identify(warehouse_agv_demo/screenshots) by extensions ['python_setup_py']
[0.306s] Level 1:colcon.colcon_core.package_identification:_identify(warehouse_agv_demo/screenshots) by extension 'python_setup_py'
[0.306s] Level 1:colcon.colcon_core.package_identification:_identify(warehouse_agv_demo/scripts) by extensions ['ignore', 'ignore_ament_install']
[0.306s] Level 1:colcon.colcon_core.package_identification:_identify(warehouse_agv_demo/scripts) by extension 'ignore'
[0.306s] Level 1:colcon.colcon_core.package_identification:_identify(warehouse_agv_demo/scripts) by extension 'ignore_ament_install'
[0.306s] Level 1:colcon.colcon_core.package_identification:_identify(warehouse_agv_demo/scripts) by extensions ['colcon_pkg']
[0.306s] Level 1:colcon.colcon_core.package_identification:_identify(warehouse_agv_demo/scripts) by extension 'colcon_pkg'
[0.306s] Level 1:colcon.colcon_core.package_identification:_identify(warehouse_agv_demo/scripts) by extensions ['colcon_meta']
[0.306s] Level 1:colcon.colcon_core.package_identification:_identify(warehouse_agv_demo/scripts) by extension 'colcon_meta'
[0.306s] Level 1:colcon.colcon_core.package_identification:_identify(warehouse_agv_demo/scripts) by extensions ['ros']
[0.306s] Level 1:colcon.colcon_core.package_identification:_identify(warehouse_agv_demo/scripts) by extension 'ros'
[0.306s] Level 1:colcon.colcon_core.package_identification:_identify(warehouse_agv_demo/scripts) by extensions ['cmake', 'python']
[0.306s] Level 1:colcon.colcon_core.package_identification:_identify(warehouse_agv_demo/scripts) by extension 'cmake'
[0.306s] Level 1:colcon.colcon_core.package_identification:_identify(warehouse_agv_demo/scripts) by extension 'python'
[0.306s] Level 1:colcon.colcon_core.package_identification:_identify(warehouse_agv_demo/scripts) by extensions ['python_setup_py']
[0.306s] Level 1:colcon.colcon_core.package_identification:_identify(warehouse_agv_demo/scripts) by extension 'python_setup_py'
[0.306s] Level 1:colcon.colcon_core.package_identification:_identify(warehouse_agv_demo/scripts/__pycache__) by extensions ['ignore', 'ignore_ament_install']
[0.306s] Level 1:colcon.colcon_core.package_identification:_identify(warehouse_agv_demo/scripts/__pycache__) by extension 'ignore'
[0.306s] Level 1:colcon.colcon_core.package_identification:_identify(warehouse_agv_demo/scripts/__pycache__) by extension 'ignore_ament_install'
[0.306s] Level 1:colcon.colcon_core.package_identification:_identify(warehouse_agv_demo/scripts/__pycache__) by extensions ['colcon_pkg']
[0.306s] Level 1:colcon.colcon_core.package_identification:_identify(warehouse_agv_demo/scripts/__pycache__) by extension 'colcon_pkg'
[0.306s] Level 1:colcon.colcon_core.package_identification:_identify(warehouse_agv_demo/scripts/__pycache__) by extensions ['colcon_meta']
[0.306s] Level 1:colcon.colcon_core.package_identification:_identify(warehouse_agv_demo/scripts/__pycache__) by extension 'colcon_meta'
[0.306s] Level 1:colcon.colcon_core.package_identification:_identify(warehouse_agv_demo/scripts/__pycache__) by extensions ['ros']
[0.306s] Level 1:colcon.colcon_core.package_identification:_identify(warehouse_agv_demo/scripts/__pycache__) by extension 'ros'
[0.307s] Level 1:colcon.colcon_core.package_identification:_identify(warehouse_agv_demo/scripts/__pycache__) by extensions ['cmake', 'python']
[0.307s] Level 1:colcon.colcon_core.package_identification:_identify(warehouse_agv_demo/scripts/__pycache__) by extension 'cmake'
[0.307s] Level 1:colcon.colcon_core.package_identification:_identify(warehouse_agv_demo/scripts/__pycache__) by extension 'python'
[0.307s] Level 1:colcon.colcon_core.package_identification:_identify(warehouse_agv_demo/scripts/__pycache__) by extensions ['python_setup_py']
[0.307s] Level 1:colcon.colcon_core.package_identification:_identify(warehouse_agv_demo/scripts/__pycache__) by extension 'python_setup_py'
[0.307s] Level 1:colcon.colcon_core.package_identification:_identify(warehouse_agv_demo/tests) by extensions ['ignore', 'ignore_ament_install']
[0.307s] Level 1:colcon.colcon_core.package_identification:_identify(warehouse_agv_demo/tests) by extension 'ignore'
[0.307s] Level 1:colcon.colcon_core.package_identification:_identify(warehouse_agv_demo/tests) by extension 'ignore_ament_install'
[0.307s] Level 1:colcon.colcon_core.package_identification:_identify(warehouse_agv_demo/tests) by extensions ['colcon_pkg']
[0.307s] Level 1:colcon.colcon_core.package_identification:_identify(warehouse_agv_demo/tests) by extension 'colcon_pkg'
[0.307s] Level 1:colcon.colcon_core.package_identification:_identify(warehouse_agv_demo/tests) by extensions ['colcon_meta']
[0.307s] Level 1:colcon.colcon_core.package_identification:_identify(warehouse_agv_demo/tests) by extension 'colcon_meta'
[0.307s] Level 1:colcon.colcon_core.package_identification:_identify(warehouse_agv_demo/tests) by extensions ['ros']
[0.307s] Level 1:colcon.colcon_core.package_identification:_identify(warehouse_agv_demo/tests) by extension 'ros'
[0.307s] Level 1:colcon.colcon_core.package_identification:_identify(warehouse_agv_demo/tests) by extensions ['cmake', 'python']
[0.307s] Level 1:colcon.colcon_core.package_identification:_identify(warehouse_agv_demo/tests) by extension 'cmake'
[0.307s] Level 1:colcon.colcon_core.package_identification:_identify(warehouse_agv_demo/tests) by extension 'python'
[0.307s] Level 1:colcon.colcon_core.package_identification:_identify(warehouse_agv_demo/tests) by extensions ['python_setup_py']
[0.307s] Level 1:colcon.colcon_core.package_identification:_identify(warehouse_agv_demo/tests) by extension 'python_setup_py'
[0.307s] Level 1:colcon.colcon_core.package_identification:_identify(warehouse_agv_demo/tests/__pycache__) by extensions ['ignore', 'ignore_ament_install']
[0.307s] Level 1:colcon.colcon_core.package_identification:_identify(warehouse_agv_demo/tests/__pycache__) by extension 'ignore'
[0.307s] Level 1:colcon.colcon_core.package_identification:_identify(warehouse_agv_demo/tests/__pycache__) by extension 'ignore_ament_install'
[0.307s] Level 1:colcon.colcon_core.package_identification:_identify(warehouse_agv_demo/tests/__pycache__) by extensions ['colcon_pkg']
[0.307s] Level 1:colcon.colcon_core.package_identification:_identify(warehouse_agv_demo/tests/__pycache__) by extension 'colcon_pkg'
[0.307s] Level 1:colcon.colcon_core.package_identification:_identify(warehouse_agv_demo/tests/__pycache__) by extensions ['colcon_meta']
[0.307s] Level 1:colcon.colcon_core.package_identification:_identify(warehouse_agv_demo/tests/__pycache__) by extension 'colcon_meta'
[0.307s] Level 1:colcon.colcon_core.package_identification:_identify(warehouse_agv_demo/tests/__pycache__) by extensions ['ros']
[0.307s] Level 1:colcon.colcon_core.package_identification:_identify(warehouse_agv_demo/tests/__pycache__) by extension 'ros'
[0.307s] Level 1:colcon.colcon_core.package_identification:_identify(warehouse_agv_demo/tests/__pycache__) by extensions ['cmake', 'python']
[0.307s] Level 1:colcon.colcon_core.package_identification:_identify(warehouse_agv_demo/tests/__pycache__) by extension 'cmake'
[0.307s] Level 1:colcon.colcon_core.package_identification:_identify(warehouse_agv_demo/tests/__pycache__) by extension 'python'
[0.307s] Level 1:colcon.colcon_core.package_identification:_identify(warehouse_agv_demo/tests/__pycache__) by extensions ['python_setup_py']
[0.307s] Level 1:colcon.colcon_core.package_identification:_identify(warehouse_agv_demo/tests/__pycache__) by extension 'python_setup_py'
[0.307s] Level 1:colcon.colcon_core.package_identification:_identify(warehouse_agv_demo/tools) by extensions ['ignore', 'ignore_ament_install']
[0.307s] Level 1:colcon.colcon_core.package_identification:_identify(warehouse_agv_demo/tools) by extension 'ignore'
[0.307s] Level 1:colcon.colcon_core.package_identification:_identify(warehouse_agv_demo/tools) by extension 'ignore_ament_install'
[0.307s] Level 1:colcon.colcon_core.package_identification:_identify(warehouse_agv_demo/tools) by extensions ['colcon_pkg']
[0.307s] Level 1:colcon.colcon_core.package_identification:_identify(warehouse_agv_demo/tools) by extension 'colcon_pkg'
[0.307s] Level 1:colcon.colcon_core.package_identification:_identify(warehouse_agv_demo/tools) by extensions ['colcon_meta']
[0.307s] Level 1:colcon.colcon_core.package_identification:_identify(warehouse_agv_demo/tools) by extension 'colcon_meta'
[0.307s] Level 1:colcon.colcon_core.package_identification:_identify(warehouse_agv_demo/tools) by extensions ['ros']
[0.308s] Level 1:colcon.colcon_core.package_identification:_identify(warehouse_agv_demo/tools) by extension 'ros'
[0.308s] Level 1:colcon.colcon_core.package_identification:_identify(warehouse_agv_demo/tools) by extensions ['cmake', 'python']
[0.308s] Level 1:colcon.colcon_core.package_identification:_identify(warehouse_agv_demo/tools) by extension 'cmake'
[0.308s] Level 1:colcon.colcon_core.package_identification:_identify(warehouse_agv_demo/tools) by extension 'python'
[0.308s] Level 1:colcon.colcon_core.package_identification:_identify(warehouse_agv_demo/tools) by extensions ['python_setup_py']
[0.308s] Level 1:colcon.colcon_core.package_identification:_identify(warehouse_agv_demo/tools) by extension 'python_setup_py'
[0.308s] Level 1:colcon.colcon_core.package_identification:_identify(warehouse_agv_demo/tools/__pycache__) by extensions ['ignore', 'ignore_ament_install']
[0.308s] Level 1:colcon.colcon_core.package_identification:_identify(warehouse_agv_demo/tools/__pycache__) by extension 'ignore'
[0.308s] Level 1:colcon.colcon_core.package_identification:_identify(warehouse_agv_demo/tools/__pycache__) by extension 'ignore_ament_install'
[0.308s] Level 1:colcon.colcon_core.package_identification:_identify(warehouse_agv_demo/tools/__pycache__) by extensions ['colcon_pkg']
[0.308s] Level 1:colcon.colcon_core.package_identification:_identify(warehouse_agv_demo/tools/__pycache__) by extension 'colcon_pkg'
[0.308s] Level 1:colcon.colcon_core.package_identification:_identify(warehouse_agv_demo/tools/__pycache__) by extensions ['colcon_meta']
[0.308s] Level 1:colcon.colcon_core.package_identification:_identify(warehouse_agv_demo/tools/__pycache__) by extension 'colcon_meta'
[0.308s] Level 1:colcon.colcon_core.package_identification:_identify(warehouse_agv_demo/tools/__pycache__) by extensions ['ros']
[0.308s] Level 1:colcon.colcon_core.package_identification:_identify(warehouse_agv_demo/tools/__pycache__) by extension 'ros'
[0.308s] Level 1:colcon.colcon_core.package_identification:_identify(warehouse_agv_demo/tools/__pycache__) by extensions ['cmake', 'python']
[0.308s] Level 1:colcon.colcon_core.package_identification:_identify(warehouse_agv_demo/tools/__pycache__) by extension 'cmake'
[0.308s] Level 1:colcon.colcon_core.package_identification:_identify(warehouse_agv_demo/tools/__pycache__) by extension 'python'
[0.308s] Level 1:colcon.colcon_core.package_identification:_identify(warehouse_agv_demo/tools/__pycache__) by extensions ['python_setup_py']
[0.308s] Level 1:colcon.colcon_core.package_identification:_identify(warehouse_agv_demo/tools/__pycache__) by extension 'python_setup_py'
[0.308s] Level 1:colcon.colcon_core.package_identification:_identify(warehouse_agv_demo/worlds) by extensions ['ignore', 'ignore_ament_install']
[0.308s] Level 1:colcon.colcon_core.package_identification:_identify(warehouse_agv_demo/worlds) by extension 'ignore'
[0.308s] Level 1:colcon.colcon_core.package_identification:_identify(warehouse_agv_demo/worlds) by extension 'ignore_ament_install'
[0.308s] Level 1:colcon.colcon_core.package_identification:_identify(warehouse_agv_demo/worlds) by extensions ['colcon_pkg']
[0.308s] Level 1:colcon.colcon_core.package_identification:_identify(warehouse_agv_demo/worlds) by extension 'colcon_pkg'
[0.308s] Level 1:colcon.colcon_core.package_identification:_identify(warehouse_agv_demo/worlds) by extensions ['colcon_meta']
[0.308s] Level 1:colcon.colcon_core.package_identification:_identify(warehouse_agv_demo/worlds) by extension 'colcon_meta'
[0.308s] Level 1:colcon.colcon_core.package_identification:_identify(warehouse_agv_demo/worlds) by extensions ['ros']
[0.308s] Level 1:colcon.colcon_core.package_identification:_identify(warehouse_agv_demo/worlds) by extension 'ros'
[0.308s] Level 1:colcon.colcon_core.package_identification:_identify(warehouse_agv_demo/worlds) by extensions ['cmake', 'python']
[0.308s] Level 1:colcon.colcon_core.package_identification:_identify(warehouse_agv_demo/worlds) by extension 'cmake'
[0.308s] Level 1:colcon.colcon_core.package_identification:_identify(warehouse_agv_demo/worlds) by extension 'python'
[0.308s] Level 1:colcon.colcon_core.package_identification:_identify(warehouse_agv_demo/worlds) by extensions ['python_setup_py']
[0.308s] Level 1:colcon.colcon_core.package_identification:_identify(warehouse_agv_demo/worlds) by extension 'python_setup_py'
[0.308s] Level 1:colcon.colcon_core.package_discovery:discover_packages(recursive) using defaults
[0.308s] Level 1:colcon.colcon_core.package_discovery:discover_packages(ignore) discover
[0.308s] Level 1:colcon.colcon_core.package_discovery:discover_packages(ignore) using defaults
[0.308s] Level 1:colcon.colcon_core.package_discovery:discover_packages(path) discover
[0.308s] Level 1:colcon.colcon_core.package_discovery:discover_packages(path) using defaults
